session_id,athlete_id,frame_num,sport,hip_angle_l,hip_angle_r,knee_angle_l,knee_angle_r,shoulder_angle_l,shoulder_angle_r,elbow_angle_l,elbow_angle_r,ankle_dorsiflexion_l,ankle_dorsiflexion_r,trunk_lean,spine_deviation,shoulder_hip_sep,head_forward_pos,com_height_norm,estimated_jump_height,limb_symmetry_idx,form_score,phase_label,quality_label,feedback_tag,sequence_id
SES_SPR_GOO_0009,athlete_08,1146,sprint,58.53,62.25,96.63,103.56,76.63,70.24,96.53,104.78,81.1,70.91,14.59,0,22.24,0.22,0.41,0,0.809,83.2,setup,good,"Good depth, push harder through the heels.",38
SES_CRI_GOO_0017,athlete_65,2137,cricket_bat,124.28,126.94,141.87,147.63,98.09,98.23,146.57,152.45,86.79,87.55,30.09,1.17,24.6,4.25,0.43,0,0.761,81.5,setup,good,"Good depth, push harder through the heels.",71
SES_SPR_AVE_0010,athlete_49,1309,sprint,73.15,74.87,122.79,115.11,90.28,91.17,101.4,114.59,78.65,89.74,21.51,0.95,27.31,6.44,0.43,0,0.774,69.7,descent,average,Control trunk lean.,43
SES_JAV_AVE_0014,athlete_60,1714,javelin,138.86,129.23,167.23,149.95,141.24,149.9,140.33,158.71,87.68,82.72,42.29,3.8,21.97,3.08,0.59,0,0.628,67.6,setup,average,Activate core more.,57
SES_VER_POO_0003,athlete_50,460,vertical_jump,144.19,141.04,132.74,144.62,72.52,101.56,150.47,130.01,64.5,67.79,37.95,0.96,34.75,4.16,0.45,15.6,0.667,34.6,descent,poor,Work on symmetry.,15
SES_CRI_ELI_0016,athlete_64,2001,cricket_bat,110.91,118.89,137.96,137.31,89.47,87.3,150.62,140.32,94.88,88.71,22.3,2.29,48.83,2.19,0.45,0,0.797,97.3,takeoff,elite,Hold this form.,66
SES_SNA_ELI_0004,athlete_27,527,snatch,88.58,86.6,102.61,95.19,44.32,31.38,176.64,180,84.99,93.26,13.1,0,22.75,-0.15,0.55,0,0.922,97.3,takeoff,elite,Hold this form.,17
SES_JAV_GOO_0013,athlete_07,1595,javelin,107.14,110.58,159.29,146.29,164.07,159.67,148.44,136.16,94.44,83.37,41.97,3.92,21.2,1.99,0.58,0,0.706,83.7,setup,good,"Good depth, push harder through the heels.",53
SES_CRI_ELI_0016,athlete_73,1938,cricket_bat,114.14,132.34,143.13,141.99,85.34,89.16,151.16,136.08,90.37,84.9,22.42,1.45,35.74,1.94,0.43,0,0.77,94.7,takeoff,elite,Hold this form.,64
SES_SNA_GOO_0005,athlete_29,700,snatch,105.07,100.2,104.06,108.01,51.21,53.91,170.0,172.46,93.62,84.69,29.6,5.61,24.9,1.64,0.48,0,0.875,87.8,descent,good,Extend hips fully.,23
SES_SNA_ELI_0004,athlete_14,577,snatch,87.73,78.91,94.65,93.47,34.94,42.69,180,168.82,98.65,86.87,18.15,1.28,40.29,3.03,0.44,0,0.916,95.1,descent,elite,Great form! Maintain position.,19
SES_VER_GOO_0001,athlete_52,169,vertical_jump,98.73,100.81,109.13,106.32,67.42,73.42,142.78,110.72,85.44,77.77,17.31,4.13,17.4,-1.83,0.55,44.6,0.866,81.4,flight,good,Extend hips fully.,5
SES_JAV_AVE_0014,athlete_73,1760,javelin,126.05,124.71,165.32,160.16,149.28,143.06,149.63,145.39,80.2,73.6,53.98,2.63,19.34,0.28,0.43,0,0.667,56.8,takeoff,average,Control trunk lean.,58
SES_SPR_AVE_0010,athlete_32,1213,sprint,70.27,75.41,122.07,121.17,88.34,92.49,105.34,119.02,85.35,81.8,27.82,1.97,20.64,0.35,0.51,0,0.776,60.8,descent,average,Control trunk lean.,40
SES_JAV_ELI_0012,athlete_53,1502,javelin,110.66,103.96,136.75,147.22,164.02,171.07,137.23,128.15,82.24,83.6,41.5,0.72,20.53,-0.49,0.53,0,0.739,93.7,setup,elite,Great form! Maintain position.,50
SES_JAV_ELI_0012,athlete_68,1555,javelin,105.67,102.29,145.6,143.59,173.23,166.55,124.13,138.09,89.26,90.61,39.44,2.6,37.36,-1.48,0.52,0,0.766,96.7,flight,elite,Great form! Maintain position.,51
SES_CRI_ELI_0016,athlete_44,1961,cricket_bat,118.72,121.48,140.8,138.69,90.29,84.18,144.99,136.18,97.24,88.29,20.28,0.49,26.81,2.6,0.45,0,0.809,97.6,descent,elite,Great form! Maintain position.,65
SES_VER_ELI_0000,athlete_49,48,vertical_jump,94.53,100.34,86.14,98.4,67.71,58.99,138.55,129.81,87.31,83.09,5.99,4.68,33.72,-0.49,0.5,65.6,0.899,93.9,flight,elite,Elite biomechanics detected.,1
SES_SNA_ELI_0004,athlete_04,509,snatch,89.84,88.18,97.54,99.46,35.78,48.91,178.11,180,89.27,94.97,13.08,1.11,30.16,-2.51,0.54,0,0.939,92.8,landing,elite,Elite biomechanics detected.,16
SES_SPR_POO_0011,athlete_75,1337,sprint,94.62,87.68,147.2,127.83,108.87,104.12,127.14,120.29,99.56,88.85,42.33,5.1,21.29,-1.57,0.41,0,0.659,45.3,descent,poor,Work on symmetry.,44
SES_JAV_ELI_0012,athlete_49,1449,javelin,108.88,106.4,150.36,147.1,168.77,162.93,125.89,129.63,94.56,88.78,32.18,1.47,27.08,1.79,0.39,0,0.767,94.8,descent,elite,Great form! Maintain position.,48
SES_JAV_AVE_0014,athlete_52,1701,javelin,129.84,127.64,164.48,162.65,133.69,144.46,135.87,142.8,75.59,77.39,50.12,0,29.45,0.4,0.41,0,0.672,67.0,takeoff,average,Lower your hips.,56
SES_SNA_ELI_0004,athlete_35,551,snatch,89.09,88.74,98.1,97.0,45.98,36.47,171.8,172.97,92.93,94.9,23.84,3.24,49.53,0.28,0.53,0,0.945,96.0,descent,elite,Elite biomechanics detected.,18
SES_CRI_ELI_0016,athlete_64,2006,cricket_bat,116.95,123.03,139.44,138.98,76.43,89.88,135.62,138.52,84.84,89.99,24.27,2.29,48.83,2.19,0.45,0,0.803,97.9,flight,elite,Hold this form.,66
SES_SNA_ELI_0004,athlete_14,576,snatch,92.62,83.91,89.65,95.42,31.29,43.58,175.0,173.82,93.65,91.87,17.22,1.28,40.29,3.03,0.44,0,0.902,94.7,descent,elite,Great form! Maintain position.,19
SES_JAV_GOO_0013,athlete_32,1661,javelin,121.84,109.75,148.24,149.49,152.72,158.69,147.78,126.0,85.64,79.97,39.86,2.86,21.56,-0.94,0.54,0,0.708,80.9,descent,good,"Good depth, push harder through the heels.",55
SES_CRI_GOO_0017,athlete_65,2147,cricket_bat,131.04,130.86,146.95,145.44,90.48,104.66,156.57,152.33,91.63,88.82,23.72,1.17,24.6,4.25,0.43,0,0.777,82.8,takeoff,good,"Good depth, push harder through the heels.",71
SES_SPR_GOO_0009,athlete_16,1196,sprint,50.88,56.36,96.5,99.72,79.93,88.94,105.52,101.09,82.35,79.5,23.72,0.62,14.63,2.24,0.49,0,0.808,81.9,takeoff,good,"Good depth, push harder through the heels.",39
SES_SNA_ELI_0004,athlete_27,534,snatch,85.53,97.42,103.0,99.61,41.18,40.05,177.84,180,96.49,88.23,20.05,0,22.75,-0.15,0.55,0,0.898,97.1,landing,elite,Hold this form.,17
SES_JAV_ELI_0012,athlete_49,1466,javelin,104.19,107.9,144.16,149.9,170.32,169.06,124.3,128.45,94.35,80.05,32.83,1.47,27.08,1.79,0.39,0,0.757,94.4,flight,elite,Great form! Maintain position.,48
SES_VER_GOO_0001,athlete_52,151,vertical_jump,103.14,101.86,94.35,113.24,77.57,75.62,129.8,153.81,69.27,86.75,16.7,4.13,17.4,-1.83,0.55,44.6,0.816,81.3,setup,good,Extend hips fully.,5
SES_CRI_POO_0019,athlete_62,2344,cricket_bat,164.96,159.08,166.76,166.15,101.22,131.63,179.38,160.59,63.81,78.32,59.86,1.68,42.82,-3.36,0.41,0,0.608,31.9,setup,poor,Work on symmetry.,78
SES_CRI_ELI_0016,athlete_44,1962,cricket_bat,114.38,126.48,145.8,133.69,85.33,87.12,139.99,141.18,92.24,89.88,23.86,0.49,26.81,2.6,0.45,0,0.763,97.1,descent,elite,Great form! Maintain position.,65
SES_SNA_POO_0007,athlete_43,937,snatch,124.38,118.96,145.3,146.41,90.59,69.47,144.93,158.53,59.23,71.62,53.35,3.11,12.22,5.96,0.37,0,0.705,32.4,descent,poor,LOWER HIPS!,31
SES_VER_GOO_0001,athlete_46,137,vertical_jump,103.88,94.28,96.97,107.49,80.52,69.88,123.22,139.54,88.26,80.73,19.0,2.67,21.85,4.22,0.41,47.7,0.82,77.1,takeoff,good,Extend hips fully.,4
SES_SPR_AVE_0010,athlete_67,1288,sprint,68.13,68.09,112.51,112.65,102.01,87.54,112.02,121.33,93.48,82.87,33.8,1.85,28.51,1.34,0.4,0,0.799,64.9,takeoff,average,Lower your hips.,42
SES_JAV_ELI_0012,athlete_39,1480,javelin,107.47,101.89,152.71,142.02,177.96,163.45,124.17,133.86,85.61,82.08,35.27,3.11,36.26,1.08,0.56,0,0.743,94.4,descent,elite,Great form! Maintain position.,49
SES_SPR_AVE_0010,athlete_32,1201,sprint,73.83,71.08,123.16,116.49,73.45,107.2,123.29,119.91,92.72,86.97,26.29,1.97,20.64,0.35,0.51,0,0.773,62.3,setup,average,Control trunk lean.,40
SES_JAV_GOO_0013,athlete_50,1577,javelin,114.51,115.86,155.22,154.06,156.05,163.85,136.34,141.74,89.43,77.19,53.3,2.9,45.79,3.05,0.55,0,0.734,73.5,takeoff,good,"Good depth, push harder through the heels.",52
SES_SNA_GOO_0005,athlete_29,711,snatch,95.55,95.11,100.54,118.38,49.54,49.55,177.33,177.37,83.46,87.7,28.48,5.61,24.9,1.64,0.48,0,0.845,87.4,flight,good,Extend hips fully.,23
SES_JAV_AVE_0014,athlete_52,1704,javelin,130.92,122.64,159.48,157.65,138.69,140.73,150.87,147.8,74.37,75.93,52.15,0,29.45,0.4,0.41,0,0.658,66.3,flight,average,Lower your hips.,56
SES_SNA_ELI_0004,athlete_04,491,snatch,79.26,84.16,109.07,100.78,33.21,44.85,179.12,179.39,83.57,95.28,22.7,1.11,30.16,-2.51,0.54,0,0.909,94.8,descent,elite,Elite biomechanics detected.,16
SES_CRI_POO_0019,athlete_25,2308,cricket_bat,162.79,153.99,169.83,151.64,135.88,127.98,155.83,168.41,83.78,85.06,63.32,4.06,24.64,1.83,0.39,0,0.572,34.2,flight,poor,Critical form deviation.,76
SES_SPR_GOO_0009,athlete_49,1126,sprint,51.06,66.04,110.25,109.0,90.2,80.2,99.58,93.41,73.32,82.63,11.72,1.23,33.46,-2.28,0.42,0,0.759,78.7,descent,good,Extend hips fully.,37
SES_JAV_POO_0015,athlete_47,1865,javelin,146.44,141.51,169.84,174.84,136.06,124.48,163.19,166.41,70.5,78.29,57.09,4.82,22.78,-0.61,0.3,0,0.581,42.9,setup,poor,Critical form deviation.,62
SES_JAV_POO_0015,athlete_28,1831,javelin,148.65,157.75,177.27,167.41,109.04,140.52,169.85,157.79,71.44,63.67,51.17,1.63,30.33,3.74,0.48,0,0.565,30.6,setup,poor,LOWER HIPS!,61
SES_CRI_GOO_0017,athlete_79,2079,cricket_bat,131.02,119.38,154.55,138.31,90.68,102.01,157.31,147.44,86.86,89.84,19.53,1.85,32.24,0.43,0.5,0,0.722,75.9,descent,good,"Good depth, push harder through the heels.",69
SES_SNA_ELI_0004,athlete_27,519,snatch,83.22,86.47,106.76,92.44,45.01,40.55,168.68,170.55,85.51,91.98,21.98,0,22.75,-0.15,0.55,0,0.898,96.2,descent,elite,Hold this form.,17
SES_VER_AVE_0002,athlete_29,313,vertical_jump,120.91,122.15,132.69,122.29,77.28,85.61,143.25,143.69,68.84,76.82,21.62,0.52,14.14,-2.09,0.44,42.1,0.773,69.7,takeoff,average,Activate core more.,10
SES_VER_ELI_0000,athlete_79,103,vertical_jump,93.89,99.3,96.8,98.2,56.53,62.7,120.76,103.79,87.45,83.3,6.0,0.86,31.29,1.49,0.51,63.6,0.938,91.0,takeoff,elite,Hold this form.,3
SES_SPR_ELI_0008,athlete_61,1050,sprint,42.65,41.53,82.68,84.02,84.75,73.11,83.15,79.69,66.27,68.65,11.74,3.43,35.85,2.18,0.64,0,0.887,99.6,setup,elite,Hold this form.,35
SES_SNA_POO_0007,athlete_11,916,snatch,130.13,130.48,136.48,147.61,74.49,68.19,128.27,134.56,74.27,73.35,46.74,2.14,29.83,1.47,0.37,0,0.695,44.1,takeoff,poor,Work on symmetry.,30
SES_JAV_AVE_0014,athlete_52,1680,javelin,123.52,140.74,176.04,158.83,131.13,153.48,128.85,145.4,75.86,88.47,36.05,0,29.45,0.4,0.41,0,0.614,67.2,setup,average,Lower your hips.,56
SES_VER_ELI_0000,athlete_70,62,vertical_jump,90.55,92.11,90.63,89.71,62.61,60.98,121.4,142.74,86.27,82.65,20.02,0.25,28.33,2.73,0.46,77.0,0.952,90.5,setup,elite,Hold this form.,2
SES_CRI_POO_0019,athlete_62,2360,cricket_bat,160.94,168.51,163.11,162.14,137.04,129.97,168.29,173.68,94.32,83.28,49.76,1.68,42.82,-3.36,0.41,0,0.604,32.7,takeoff,poor,Work on symmetry.,78
SES_SPR_AVE_0010,athlete_67,1263,sprint,67.5,67.83,111.93,125.59,95.95,109.02,125.51,111.79,91.2,76.58,19.92,1.85,28.51,1.34,0.4,0,0.762,64.8,setup,average,Lower your hips.,42
SES_CRI_GOO_0017,athlete_65,2141,cricket_bat,124.28,121.5,142.49,154.68,90.48,97.21,156.57,150.86,86.79,84.56,23.56,1.17,24.6,4.25,0.43,0,0.748,81.9,descent,good,"Good depth, push harder through the heels.",71
SES_SPR_AVE_0010,athlete_04,1250,sprint,69.15,73.52,106.28,116.79,86.2,93.83,97.83,115.02,78.1,83.29,38.1,2.26,17.05,4.37,0.56,0,0.751,65.3,takeoff,average,Lower your hips.,41
SES_JAV_POO_0015,athlete_10,1805,javelin,160.0,155.28,172.53,163.0,126.48,136.49,146.25,152.2,85.47,68.11,57.46,3.18,27.74,-0.11,0.37,0,0.575,54.5,setup,poor,LOWER HIPS!,60
SES_SPR_GOO_0009,athlete_49,1112,sprint,64.17,56.99,100.21,104.96,83.06,89.42,84.27,103.08,81.53,79.43,10.86,1.23,33.46,-2.28,0.42,0,0.802,78.2,setup,good,Extend hips fully.,37
SES_JAV_ELI_0012,athlete_68,1546,javelin,120.04,107.02,136.9,148.23,172.3,158.02,129.74,129.67,90.67,84.08,31.89,2.6,37.36,-1.48,0.52,0,0.723,95.9,takeoff,elite,Great form! Maintain position.,51
SES_SNA_ELI_0004,athlete_35,569,snatch,89.36,94.89,95.67,94.2,34.16,47.17,177.05,178.99,92.16,88.73,20.19,3.24,49.53,0.28,0.53,0,0.927,97.4,landing,elite,Elite biomechanics detected.,18
SES_VER_AVE_0002,athlete_23,266,vertical_jump,104.67,108.27,108.68,119.78,76.98,81.89,149.33,130.65,74.3,72.41,26.76,1.55,37.69,-0.28,0.5,39.9,0.759,62.2,landing,average,Lower your hips.,8
SES_VER_ELI_0000,athlete_49,57,vertical_jump,95.41,99.54,87.44,95.57,68.3,54.01,117.78,114.36,89.83,84.23,14.05,4.68,33.72,-0.49,0.5,65.6,0.919,93.9,landing,elite,Elite biomechanics detected.,1
SES_VER_AVE_0002,athlete_13,339,vertical_jump,109.14,119.79,116.31,121.15,83.26,76.38,132.12,136.66,81.01,75.22,23.1,1.86,26.22,-0.99,0.57,41.1,0.758,65.3,descent,average,Lower your hips.,11
SES_SNA_POO_0007,athlete_43,950,snatch,130.42,127.0,139.48,135.83,74.46,85.16,152.32,149.25,59.45,65.99,39.77,3.11,12.22,5.96,0.37,0,0.704,33.3,flight,poor,LOWER HIPS!,31
SES_CRI_GOO_0017,athlete_65,2153,cricket_bat,121.82,138.93,151.51,146.25,100.48,102.11,163.95,152.33,89.21,83.86,28.38,1.17,24.6,4.25,0.43,0,0.727,83.2,flight,good,"Good depth, push harder through the heels.",71
SES_SNA_POO_0007,athlete_79,877,snatch,137.19,128.67,134.37,144.84,81.16,94.09,165.0,155.37,76.67,76.95,40.58,1.83,32.0,4.97,0.38,0,0.678,43.0,descent,poor,Critical form deviation.,29
SES_VER_AVE_0002,athlete_13,347,vertical_jump,112.27,110.39,129.58,113.09,77.11,93.42,142.12,146.66,67.7,77.91,23.47,1.86,26.22,-0.99,0.57,41.1,0.757,65.3,takeoff,average,Lower your hips.,11
SES_SPR_ELI_0008,athlete_61,1071,sprint,43.82,51.61,91.03,100.03,81.95,72.4,85.01,93.48,71.13,65.77,16.9,3.43,35.85,2.18,0.64,0,0.817,98.4,takeoff,elite,Hold this form.,35
SES_VER_ELI_0000,athlete_49,55,vertical_jump,87.74,90.47,93.23,95.57,63.88,60.59,127.78,114.36,89.83,90.18,14.05,4.68,33.72,-0.49,0.5,65.6,0.943,93.6,landing,elite,Elite biomechanics detected.,1
SES_SNA_GOO_0005,athlete_43,607,snatch,103.06,93.74,117.9,109.01,49.44,47.34,175.23,171.02,83.51,90.5,29.66,0,19.66,0.14,0.6,0,0.85,79.5,descent,good,Extend hips fully.,20
SES_SNA_GOO_0005,athlete_29,718,snatch,94.98,90.3,103.78,111.02,51.18,49.46,176.88,174.77,77.4,83.3,36.58,5.61,24.9,1.64,0.48,0,0.864,88.2,landing,good,Extend hips fully.,23
SES_JAV_ELI_0012,athlete_68,1535,javelin,108.64,108.14,148.22,143.37,166.79,170.9,139.84,141.93,83.02,84.07,42.03,2.6,37.36,-1.48,0.52,0,0.769,94.0,setup,elite,Great form! Maintain position.,51
SES_JAV_AVE_0014,athlete_60,1713,javelin,133.86,134.23,172.23,154.95,136.24,144.9,145.33,163.71,92.68,86.03,47.29,3.8,21.97,3.08,0.59,0,0.649,68.0,setup,average,Activate core more.,57
SES_VER_ELI_0000,athlete_21,6,vertical_jump,88.52,90.59,95.47,100.35,71.93,56.59,128.71,116.47,89.41,89.31,17.42,3.75,40.25,2.33,0.48,49.9,0.938,90.9,descent,elite,Great form! Maintain position.,0
SES_CRI_POO_0019,athlete_48,2382,cricket_bat,158.79,161.83,171.27,169.19,142.45,132.8,174.94,174.46,73.11,74.53,42.93,2.94,17.15,5.67,0.57,0,0.611,50.3,descent,poor,Critical form deviation.,79
SES_CRI_AVE_0018,athlete_72,2254,cricket_bat,135.74,141.86,157.94,172.8,130.29,113.11,176.05,163.01,99.67,87.94,28.9,1.09,28.62,1.85,0.4,0,0.678,60.6,setup,average,Control trunk lean.,75
SES_VER_AVE_0002,athlete_48,297,vertical_jump,117.76,108.67,114.97,115.08,77.55,72.71,120.83,140.18,75.6,75.73,25.05,2.17,34.4,4.18,0.43,27.5,0.777,63.0,landing,average,Lower your hips.,9
SES_VER_GOO_0001,athlete_52,156,vertical_jump,91.14,99.05,99.35,105.78,70.91,69.62,126.64,130.85,81.68,85.74,22.09,4.13,17.4,-1.83,0.55,44.6,0.835,81.2,descent,good,Extend hips fully.,5
SES_CRI_POO_0019,athlete_48,2386,cricket_bat,161.1,161.57,171.27,166.12,139.17,122.8,180,174.46,85.41,69.32,48.93,2.94,17.15,5.67,0.57,0,0.61,50.1,takeoff,poor,Critical form deviation.,79
SES_SPR_POO_0011,athlete_55,1369,sprint,94.48,84.66,135.53,138.8,113.37,101.76,126.6,115.48,85.63,86.0,45.24,1.53,22.2,7.52,0.52,0,0.682,30.0,descent,poor,LOWER HIPS!,45
SES_SPR_ELI_0008,athlete_23,1044,sprint,46.29,49.9,91.87,88.5,71.06,73.82,89.18,78.83,68.53,80.04,19.7,0.7,42.08,0.04,0.55,0,0.866,92.6,takeoff,elite,Hold this form.,34
SES_VER_POO_0003,athlete_50,468,vertical_jump,134.19,137.62,144.45,141.07,82.52,76.8,160.47,141.2,64.5,73.78,44.26,0.96,34.75,4.16,0.45,15.6,0.685,35.1,flight,poor,Work on symmetry.,15
SES_CRI_AVE_0018,athlete_15,2193,cricket_bat,138.21,143.45,153.99,169.5,108.36,117.63,161.75,173.98,79.76,76.25,41.48,0.11,23.44,0.01,0.47,0,0.678,67.6,setup,average,Activate core more.,73
SES_SPR_GOO_0009,athlete_27,1085,sprint,59.02,55.21,107.63,101.75,91.4,83.68,104.99,97.18,74.71,75.18,13.45,1.98,26.91,2.91,0.54,0,0.814,81.4,setup,good,Slight asymmetry detected.,36
SES_SNA_GOO_0005,athlete_28,686,snatch,90.03,97.23,108.06,106.75,54.17,43.1,168.75,178.12,73.08,83.03,22.4,1.08,29.28,4.84,0.57,0,0.872,84.7,landing,good,"Good depth, push harder through the heels.",22
SES_SPR_AVE_0010,athlete_04,1242,sprint,68.7,64.11,121.04,113.4,95.79,94.9,106.97,110.4,89.06,86.72,16.67,2.26,17.05,4.37,0.56,0,0.761,66.4,descent,average,Lower your hips.,41
SES_VER_GOO_0001,athlete_79,222,vertical_jump,98.33,111.72,106.61,102.69,71.49,74.36,130.21,126.72,94.28,87.15,23.35,1.96,23.98,1.93,0.46,37.9,0.828,79.3,takeoff,good,Slight asymmetry detected.,7
SES_CRI_POO_0019,athlete_62,2353,cricket_bat,168.93,167.21,162.02,157.14,122.04,113.44,172.02,165.59,87.45,77.65,57.18,1.68,42.82,-3.36,0.41,0,0.608,32.6,descent,poor,Work on symmetry.,78
SES_JAV_POO_0015,athlete_28,1841,javelin,154.91,145.46,173.33,163.0,125.58,133.82,153.44,152.62,72.59,72.32,66.4,1.63,30.33,3.74,0.48,0,0.564,31.2,descent,poor,LOWER HIPS!,61
SES_VER_POO_0003,athlete_41,397,vertical_jump,124.85,123.5,130.24,147.57,98.14,92.43,142.24,145.53,68.61,64.38,33.52,1.08,32.9,5.5,0.59,9.6,0.657,49.4,descent,poor,Critical form deviation.,13
SES_SNA_ELI_0004,athlete_14,580,snatch,86.98,78.81,99.24,100.64,44.56,45.55,180,178.62,93.44,85.96,18.25,1.28,40.29,3.03,0.44,0,0.918,94.7,descent,elite,Great form! Maintain position.,19
SES_CRI_GOO_0017,athlete_65,2143,cricket_bat,131.64,128.98,143.52,145.44,100.48,94.66,146.57,155.31,85.23,92.88,23.56,1.17,24.6,4.25,0.43,0,0.77,82.5,descent,good,"Good depth, push harder through the heels.",71
SES_VER_GOO_0001,athlete_52,158,vertical_jump,91.14,99.05,99.35,115.78,72.73,67.79,122.95,120.85,81.68,92.77,20.42,4.13,17.4,-1.83,0.55,44.6,0.804,81.3,descent,good,Extend hips fully.,5
SES_VER_ELI_0000,athlete_70,82,vertical_jump,91.97,89.18,99.63,97.41,65.77,62.25,130.41,118.52,79.79,84.93,14.61,0.25,28.33,2.73,0.46,77.0,0.944,92.5,flight,elite,Hold this form.,2
SES_VER_ELI_0000,athlete_49,44,vertical_jump,93.36,98.49,100.91,93.33,56.34,58.34,138.55,130.6,87.31,84.7,15.99,4.68,33.72,-0.49,0.5,65.6,0.921,93.7,takeoff,elite,Elite biomechanics detected.,1
SES_VER_AVE_0002,athlete_48,296,vertical_jump,112.76,108.95,109.97,120.08,73.27,77.71,125.83,135.18,80.6,80.73,20.05,2.17,34.4,4.18,0.43,27.5,0.762,63.1,landing,average,Lower your hips.,9
SES_JAV_ELI_0012,athlete_68,1552,javelin,110.8,97.02,143.23,140.83,172.62,162.69,122.02,133.09,100.25,88.62,29.27,2.6,37.36,-1.48,0.52,0,0.738,96.4,takeoff,elite,Great form! Maintain position.,51
SES_SPR_POO_0011,athlete_75,1336,sprint,89.62,82.68,142.2,132.71,113.87,99.79,132.14,115.29,95.68,93.85,41.02,5.1,21.29,-1.57,0.41,0,0.677,45.4,descent,poor,Work on symmetry.,44
SES_JAV_ELI_0012,athlete_49,1462,javelin,108.3,104.69,154.16,148.86,169.68,160.11,131.35,128.45,76.22,83.89,45.93,1.47,27.08,1.79,0.39,0,0.76,95.3,takeoff,elite,Great form! Maintain position.,48
SES_SPR_AVE_0010,athlete_49,1302,sprint,73.78,73.92,117.79,113.41,99.79,86.17,106.06,115.16,80.21,85.08,20.99,0.95,27.31,6.44,0.43,0,0.788,69.5,descent,average,Control trunk lean.,43
SES_JAV_AVE_0014,athlete_66,1788,javelin,141.71,130.8,171.96,168.44,140.64,137.6,145.76,149.52,83.19,78.8,50.18,1.12,29.98,1.94,0.39,0,0.651,57.3,takeoff,average,Control trunk lean.,59
SES_CRI_GOO_0017,athlete_65,2142,cricket_bat,126.64,123.98,138.52,149.68,95.48,99.66,151.57,150.31,90.23,87.88,18.56,1.17,24.6,4.25,0.43,0,0.75,82.1,descent,good,"Good depth, push harder through the heels.",71
SES_SPR_AVE_0010,athlete_04,1240,sprint,68.7,70.57,125.68,110.96,85.79,99.94,116.97,110.4,94.28,86.72,26.67,2.26,17.05,4.37,0.56,0,0.757,65.9,descent,average,Lower your hips.,41
SES_VER_ELI_0000,athlete_70,85,vertical_jump,96.28,87.83,103.18,94.44,60.77,65.62,125.96,123.52,89.68,80.27,18.37,0.25,28.33,2.73,0.46,77.0,0.908,91.9,landing,elite,Hold this form.,2
SES_VER_ELI_0000,athlete_21,8,vertical_jump,91.09,95.46,101.36,99.41,65.56,55.78,118.71,119.97,89.41,89.31,17.42,3.75,40.25,2.33,0.48,49.9,0.94,90.7,descent,elite,Great form! Maintain position.,0
SES_VER_POO_0003,athlete_61,384,vertical_jump,126.31,145.7,144.28,132.24,88.92,84.02,133.68,138.5,54.97,72.52,31.82,0.87,26.15,-1.22,0.45,17.9,0.629,38.8,landing,poor,Critical form deviation.,12
SES_VER_GOO_0001,athlete_56,202,vertical_jump,97.56,100.13,102.59,113.97,69.82,78.51,126.07,131.98,81.2,82.55,17.18,0.17,23.46,3.3,0.55,44.2,0.839,81.4,flight,good,"Good depth, push harder through the heels.",6
SES_CRI_AVE_0018,athlete_33,2229,cricket_bat,147.09,156.6,156.08,155.1,97.09,114.53,165.0,162.33,91.49,79.77,37.41,0.2,16.78,4.95,0.41,0,0.699,62.4,descent,average,Activate core more.,74
SES_SNA_POO_0007,athlete_11,927,snatch,118.9,122.94,143.53,147.71,84.37,83.19,143.27,133.06,78.83,74.27,45.99,2.14,29.83,1.47,0.37,0,0.701,43.8,landing,poor,Work on symmetry.,30
SES_SNA_ELI_0004,athlete_14,571,snatch,79.64,84.03,94.05,109.39,46.29,44.09,176.18,177.74,83.45,98.24,25.32,1.28,40.29,3.03,0.44,0,0.885,94.3,setup,elite,Great form! Maintain position.,19
SES_VER_ELI_0000,athlete_49,49,vertical_jump,92.72,95.34,87.62,95.75,72.71,56.35,138.58,124.81,84.59,88.09,10.99,4.68,33.72,-0.49,0.5,65.6,0.924,93.8,flight,elite,Elite biomechanics detected.,1
SES_SPR_GOO_0009,athlete_27,1081,sprint,49.02,60.3,110.47,105.51,95.2,85.26,119.65,101.98,64.84,78.79,21.18,1.98,26.91,2.91,0.54,0,0.767,81.1,setup,good,Slight asymmetry detected.,36
SES_CRI_ELI_0016,athlete_64,2008,cricket_bat,126.95,115.31,146.99,135.88,80.71,79.88,135.62,138.52,94.84,88.75,19.31,2.29,48.83,2.19,0.45,0,0.77,98.8,flight,elite,Hold this form.,66
SES_SPR_ELI_0008,athlete_41,1006,sprint,49.1,46.21,91.12,92.39,62.34,75.25,84.48,90.01,65.17,72.63,22.87,1.95,22.47,7.38,0.51,0,0.878,93.2,descent,elite,Great form! Maintain position.,33
SES_SNA_ELI_0004,athlete_14,591,snatch,87.02,94.39,95.77,96.14,44.37,40.26,179.69,175.43,86.17,94.35,18.67,1.28,40.29,3.03,0.44,0,0.923,95.3,flight,elite,Great form! Maintain position.,19
SES_VER_ELI_0000,athlete_79,119,vertical_jump,92.27,89.85,101.67,100.99,61.55,52.54,115.27,120.8,91.46,86.33,15.65,0.86,31.29,1.49,0.51,63.6,0.95,92.3,landing,elite,Hold this form.,3
SES_SPR_POO_0011,athlete_75,1326,sprint,99.98,87.5,142.2,129.94,136.25,105.31,134.23,120.27,92.39,97.53,43.24,5.1,21.29,-1.57,0.41,0,0.657,44.4,setup,poor,Work on symmetry.,44
SES_JAV_ELI_0012,athlete_68,1549,javelin,106.65,112.02,139.79,143.93,171.73,167.69,124.74,138.09,95.67,83.7,36.89,2.6,37.36,-1.48,0.52,0,0.756,96.2,takeoff,elite,Great form! Maintain position.,51
SES_SPR_GOO_0009,athlete_27,1099,sprint,63.97,52.95,93.68,92.99,78.15,85.71,88.91,96.19,73.71,76.04,16.15,1.98,26.91,2.91,0.54,0,0.796,82.6,descent,good,Slight asymmetry detected.,36
SES_VER_AVE_0002,athlete_13,356,vertical_jump,115.17,116.15,110.33,118.99,87.36,91.47,125.69,152.46,73.94,84.74,24.15,1.86,26.22,-0.99,0.57,41.1,0.774,64.3,landing,average,Lower your hips.,11
SES_SPR_AVE_0010,athlete_67,1286,sprint,68.13,68.09,112.51,112.65,102.01,97.54,106.03,111.33,93.48,72.87,23.8,1.85,28.51,1.34,0.4,0,0.799,65.2,takeoff,average,Lower your hips.,42
SES_SNA_AVE_0006,athlete_29,822,snatch,107.47,115.87,113.66,123.74,64.97,76.36,149.03,160.75,83.45,82.67,36.02,1.24,26.33,-0.49,0.41,0,0.77,64.8,takeoff,average,Control trunk lean.,27
SES_JAV_AVE_0014,athlete_73,1769,javelin,115.14,125.81,160.83,161.72,135.45,147.58,148.69,150.39,83.87,76.48,39.38,2.63,19.34,0.28,0.43,0,0.651,56.4,flight,average,Control trunk lean.,58
SES_SNA_AVE_0006,athlete_11,797,snatch,94.72,107.59,121.9,121.95,62.77,72.66,163.39,163.86,73.93,80.52,43.61,2.17,24.04,5.39,0.42,0,0.779,63.7,takeoff,average,Activate core more.,26
SES_CRI_GOO_0017,athlete_65,2151,cricket_bat,131.82,128.93,151.51,148.16,90.48,94.66,163.95,152.33,98.83,89.05,28.38,1.17,24.6,4.25,0.43,0,0.767,83.4,takeoff,good,"Good depth, push harder through the heels.",71
SES_VER_AVE_0002,athlete_23,245,vertical_jump,109.09,120.24,123.29,121.53,78.22,65.7,155.84,145.03,91.73,90.21,17.56,1.55,37.69,-0.28,0.5,39.9,0.765,61.6,setup,average,Lower your hips.,8
SES_SNA_GOO_0005,athlete_28,665,snatch,92.88,101.43,109.49,105.69,52.47,39.01,173.07,172.67,85.35,83.32,32.18,1.08,29.28,4.84,0.57,0,0.862,85.3,setup,good,"Good depth, push harder through the heels.",22
SES_JAV_ELI_0012,athlete_39,1473,javelin,110.53,107.24,148.88,140.62,175.0,165.39,135.42,137.23,84.11,81.05,33.2,3.11,36.26,1.08,0.56,0,0.754,92.7,setup,elite,Great form! Maintain position.,49
SES_JAV_GOO_0013,athlete_07,1598,javelin,116.76,115.58,154.77,156.99,165.95,154.67,138.27,141.16,92.34,78.37,36.46,3.92,21.2,1.99,0.58,0,0.733,84.0,descent,good,"Good depth, push harder through the heels.",53
SES_VER_POO_0003,athlete_61,379,vertical_jump,131.31,133.31,142.04,133.52,94.29,98.33,148.68,140.25,73.01,78.26,34.83,0.87,26.15,-1.22,0.45,17.9,0.677,38.0,flight,poor,Critical form deviation.,12
SES_CRI_GOO_0017,athlete_79,2077,cricket_bat,131.81,116.48,154.55,148.31,100.68,102.01,151.32,147.44,86.86,88.33,9.53,1.85,32.24,0.43,0.5,0,0.733,75.2,setup,good,"Good depth, push harder through the heels.",69
SES_JAV_GOO_0013,athlete_07,1607,javelin,112.09,115.44,152.28,154.28,156.32,156.18,131.42,137.43,89.11,79.18,41.06,3.92,21.2,1.99,0.58,0,0.727,82.6,takeoff,good,"Good depth, push harder through the heels.",53
SES_SPR_POO_0011,athlete_29,1428,sprint,88.41,88.8,137.04,144.91,109.26,105.71,132.55,132.06,99.1,86.82,40.55,1.78,12.02,4.96,0.53,0,0.701,35.5,descent,poor,Critical form deviation.,47
SES_CRI_AVE_0018,athlete_59,2169,cricket_bat,145.49,144.51,145.55,165.3,116.73,113.51,149.16,164.95,83.87,80.12,31.78,3.51,36.71,4.25,0.4,0,0.677,64.2,descent,average,Activate core more.,72
SES_VER_GOO_0001,athlete_46,146,vertical_jump,107.69,101.83,103.3,102.25,66.44,69.68,150.91,139.78,84.35,86.38,17.63,2.67,21.85,4.22,0.41,47.7,0.861,76.7,landing,good,Extend hips fully.,4
SES_JAV_ELI_0012,athlete_68,1536,javelin,113.64,103.14,143.22,148.37,164.5,166.8,134.84,136.93,81.31,84.78,37.03,2.6,37.36,-1.48,0.52,0,0.741,94.0,setup,elite,Great form! Maintain position.,51
SES_SNA_AVE_0006,athlete_29,816,snatch,103.09,115.87,112.07,132.47,69.7,64.05,156.77,164.77,88.41,82.09,38.42,1.24,26.33,-0.49,0.41,0,0.728,64.3,descent,average,Control trunk lean.,27
SES_CRI_GOO_0017,athlete_15,2105,cricket_bat,134.89,130.92,150.68,148.9,87.69,103.8,154.59,146.76,86.84,78.83,19.76,0.97,12.01,-2.16,0.36,0,0.768,82.8,setup,good,Slight asymmetry detected.,70
SES_CRI_ELI_0016,athlete_73,1939,cricket_bat,119.14,127.34,148.13,146.99,90.34,94.16,154.94,131.08,86.13,83.97,23.16,1.45,35.74,1.94,0.43,0,0.797,95.2,takeoff,elite,Hold this form.,64
SES_CRI_AVE_0018,athlete_33,2223,cricket_bat,144.42,147.55,153.77,153.11,126.98,122.01,175.0,160.51,88.1,85.11,30.08,0.2,16.78,4.95,0.41,0,0.712,62.4,setup,average,Activate core more.,74
SES_JAV_GOO_0013,athlete_07,1619,javelin,104.36,115.68,160.78,154.62,157.53,160.3,138.16,150.06,84.76,80.28,48.63,3.92,21.2,1.99,0.58,0,0.696,81.9,flight,good,"Good depth, push harder through the heels.",53
SES_JAV_POO_0015,athlete_28,1843,javelin,164.91,145.46,173.33,170.4,125.58,123.82,153.3,152.62,62.59,64.85,66.4,1.63,30.33,3.74,0.48,0,0.56,31.8,descent,poor,LOWER HIPS!,61
SES_JAV_AVE_0014,athlete_66,1770,javelin,111.02,110.3,135.13,159.63,153.51,154.59,148.95,146.51,89.51,92.13,33.93,1.12,29.98,1.94,0.39,0,0.632,58.3,setup,average,Control trunk lean.,59
SES_VER_AVE_0002,athlete_48,295,vertical_jump,108.95,103.95,104.97,125.08,68.27,82.71,130.83,135.97,76.22,82.07,25.05,2.17,34.4,4.18,0.43,27.5,0.729,62.9,landing,average,Lower your hips.,9
SES_SNA_ELI_0004,athlete_27,513,snatch,86.58,83.66,110.14,103.29,46.84,34.72,180,179.25,80.33,86.3,26.21,0,22.75,-0.15,0.55,0,0.921,96.1,setup,elite,Hold this form.,17
SES_VER_POO_0003,athlete_19,428,vertical_jump,130.54,130.34,153.44,146.13,83.68,82.47,155.19,144.67,76.09,69.91,32.08,1.73,29.0,-2.4,0.51,24.0,0.685,38.1,descent,poor,Critical form deviation.,14
SES_SPR_POO_0011,athlete_06,1390,sprint,87.13,91.93,144.42,117.45,112.53,123.15,142.9,127.58,93.49,89.81,49.53,0,39.96,5.21,0.45,0,0.647,34.8,descent,poor,Adjust knee alignment.,46
SES_JAV_POO_0015,athlete_28,1848,javelin,149.91,148.17,175.62,159.94,124.57,128.31,158.3,164.65,76.22,74.8,69.19,1.63,30.33,3.74,0.48,0,0.57,31.6,takeoff,poor,LOWER HIPS!,61
SES_SPR_POO_0011,athlete_75,1334,sprint,99.62,92.68,132.2,142.71,113.87,109.13,132.14,115.29,95.68,83.85,39.62,5.1,21.29,-1.57,0.41,0,0.675,45.5,descent,poor,Work on symmetry.,44
SES_JAV_GOO_0013,athlete_07,1590,javelin,112.61,117.78,163.63,155.86,166.05,158.67,153.44,148.39,80.73,77.39,44.65,3.92,21.2,1.99,0.58,0,0.713,84.4,setup,good,"Good depth, push harder through the heels.",53
SES_SPR_ELI_0008,athlete_41,1000,sprint,43.03,57.1,89.66,89.06,69.39,70.47,81.16,85.09,75.05,73.66,18.93,1.95,22.47,7.38,0.51,0,0.8,93.0,descent,elite,Great form! Maintain position.,33
SES_SPR_AVE_0010,athlete_67,1272,sprint,70.21,66.46,129.93,115.09,80.95,98.62,104.04,129.13,87.09,82.36,35.96,1.85,28.51,1.34,0.4,0,0.75,66.0,descent,average,Lower your hips.,42
SES_SPR_ELI_0008,athlete_41,990,sprint,49.64,51.48,83.19,82.17,87.19,63.22,81.16,105.02,68.72,61.42,5.04,1.95,22.47,7.38,0.51,0,0.886,92.8,setup,elite,Great form! Maintain position.,33
SES_SNA_AVE_0006,athlete_23,752,snatch,113.31,126.58,123.19,123.24,72.01,68.54,147.15,165.05,81.85,80.68,21.66,1.02,17.89,-0.36,0.51,0,0.785,56.9,setup,average,Lower your hips.,25
SES_SNA_ELI_0004,athlete_14,570,snatch,84.64,87.42,89.05,114.39,41.29,49.09,173.67,172.74,88.45,98.24,20.32,1.28,40.29,3.03,0.44,0,0.874,94.3,setup,elite,Great form! Maintain position.,19
SES_SPR_AVE_0010,athlete_49,1318,sprint,69.95,73.12,113.81,121.34,95.28,105.42,109.78,109.28,81.14,80.78,28.28,0.95,27.31,6.44,0.43,0,0.767,71.1,takeoff,average,Control trunk lean.,43
SES_VER_GOO_0001,athlete_52,164,vertical_jump,95.66,107.54,110.75,110.29,72.42,61.76,126.45,135.72,79.34,82.77,19.06,4.13,17.4,-1.83,0.55,44.6,0.841,81.2,takeoff,good,Extend hips fully.,5
SES_SNA_POO_0007,athlete_11,908,snatch,134.78,123.65,151.36,144.53,84.49,78.17,124.91,152.05,63.3,68.51,32.25,2.14,29.83,1.47,0.37,0,0.682,44.8,descent,poor,Work on symmetry.,30
SES_JAV_AVE_0014,athlete_60,1732,javelin,124.15,130.32,157.69,164.7,141.14,138.5,147.24,151.24,75.15,76.42,53.86,3.8,21.97,3.08,0.59,0,0.652,65.3,takeoff,average,Activate core more.,57
SES_VER_AVE_0002,athlete_13,346,vertical_jump,107.27,113.42,124.58,118.09,72.11,88.42,137.12,141.66,66.01,78.29,20.08,1.86,26.22,-0.99,0.57,41.1,0.767,65.2,takeoff,average,Lower your hips.,11
SES_SNA_GOO_0005,athlete_22,650,snatch,89.57,95.4,114.84,116.08,56.16,47.16,165.64,168.5,90.06,91.79,27.37,1.84,29.67,4.16,0.43,0,0.877,80.9,flight,good,Slight asymmetry detected.,21
SES_VER_GOO_0001,athlete_46,142,vertical_jump,102.73,99.87,90.34,107.17,66.44,68.2,140.91,129.78,82.79,74.45,14.0,2.67,21.85,4.22,0.41,47.7,0.816,77.1,flight,good,Extend hips fully.,4
SES_SNA_AVE_0006,athlete_11,804,snatch,109.08,98.91,121.9,123.13,61.26,68.17,165.15,158.48,85.46,83.3,43.1,2.17,24.04,5.39,0.42,0,0.789,61.9,landing,average,Activate core more.,26
SES_CRI_AVE_0018,athlete_33,2237,cricket_bat,146.06,149.18,149.28,146.15,98.69,106.88,165.0,159.39,83.72,82.18,43.53,0.2,16.78,4.95,0.41,0,0.707,63.3,takeoff,average,Activate core more.,74
SES_VER_GOO_0001,athlete_52,178,vertical_jump,95.34,97.21,112.1,100.65,61.97,68.61,127.53,129.78,89.83,81.03,26.09,4.13,17.4,-1.83,0.55,44.6,0.843,81.8,landing,good,Extend hips fully.,5
SES_CRI_GOO_0017,athlete_15,2115,cricket_bat,127.61,133.15,154.96,143.5,102.6,89.79,145.98,153.4,88.9,90.94,29.71,0.97,12.01,-2.16,0.36,0,0.745,83.1,takeoff,good,Slight asymmetry detected.,70
SES_SPR_AVE_0010,athlete_04,1253,sprint,64.77,68.52,121.28,119.12,91.2,97.52,92.83,120.02,86.56,77.13,33.1,2.26,17.05,4.37,0.56,0,0.777,65.4,takeoff,average,Lower your hips.,41
SES_VER_POO_0003,athlete_50,479,vertical_jump,135.66,128.07,137.78,132.01,97.52,103.53,147.63,149.05,69.83,68.7,39.38,0.96,34.75,4.16,0.45,15.6,0.671,35.1,landing,poor,Work on symmetry.,15
SES_JAV_ELI_0012,athlete_53,1528,javelin,105.28,105.71,148.89,157.08,165.25,168.92,128.19,130.94,86.72,90.57,38.68,0.72,20.53,-0.49,0.53,0,0.762,93.0,flight,elite,Great form! Maintain position.,50
SES_VER_GOO_0001,athlete_46,127,vertical_jump,100.41,99.36,113.04,98.68,66.16,77.39,141.14,136.87,86.37,81.47,16.73,2.67,21.85,4.22,0.41,47.7,0.839,77.0,descent,good,Extend hips fully.,4
SES_VER_ELI_0000,athlete_21,26,vertical_jump,101.25,92.29,97.63,91.2,65.48,69.96,117.95,113.69,98.87,89.62,13.47,3.75,40.25,2.33,0.48,49.9,0.914,93.1,landing,elite,Great form! Maintain position.,0
SES_SNA_GOO_0005,athlete_22,645,snatch,91.8,95.59,119.84,101.08,51.16,57.77,178.26,168.11,87.79,82.57,30.89,1.84,29.67,4.16,0.43,0,0.841,79.5,takeoff,good,Slight asymmetry detected.,21
SES_JAV_AVE_0014,athlete_73,1757,javelin,125.31,121.75,170.32,161.87,144.28,153.57,144.53,142.93,76.99,72.71,58.98,2.63,19.34,0.28,0.43,0,0.657,57.0,takeoff,average,Control trunk lean.,58
SES_SPR_GOO_0009,athlete_27,1093,sprint,60.2,57.45,106.76,98.44,88.07,84.21,93.37,100.16,88.61,72.94,26.44,1.98,26.91,2.91,0.54,0,0.813,82.6,descent,good,Slight asymmetry detected.,36
SES_JAV_AVE_0014,athlete_66,1792,javelin,136.04,138.36,163.92,153.01,150.64,133.31,145.76,158.53,75.77,69.71,45.91,1.12,29.98,1.94,0.39,0,0.655,56.8,takeoff,average,Control trunk lean.,59
SES_CRI_AVE_0018,athlete_15,2216,cricket_bat,142.68,148.29,159.73,155.87,108.62,114.45,158.41,165.88,84.32,84.67,34.31,0.11,23.44,0.01,0.47,0,0.701,66.4,flight,average,Activate core more.,73
SES_SNA_AVE_0006,athlete_37,732,snatch,99.96,95.61,126.85,124.78,65.04,59.75,163.54,153.38,81.71,84.92,44.96,2.23,18.49,3.17,0.51,0,0.802,68.3,takeoff,average,Activate core more.,24
SES_JAV_POO_0015,athlete_47,1863,javelin,146.44,151.51,169.84,166.21,146.06,122.32,173.19,166.41,67.01,68.29,67.09,4.82,22.78,-0.61,0.3,0,0.583,42.9,setup,poor,Critical form deviation.,62
SES_SNA_GOO_0005,athlete_29,712,snatch,94.98,95.18,98.04,122.25,54.54,51.38,180,172.37,83.57,91.05,23.48,5.61,24.9,1.64,0.48,0,0.825,87.6,flight,good,Extend hips fully.,23
SES_CRI_ELI_0016,athlete_64,1997,cricket_bat,110.91,126.21,127.96,145.23,86.96,97.3,149.74,150.32,89.55,95.48,24.18,2.29,48.83,2.19,0.45,0,0.738,97.2,takeoff,elite,Hold this form.,66
SES_CRI_POO_0019,athlete_25,2293,cricket_bat,147.63,161.28,168.19,163.17,137.74,113.19,180,180,77.48,76.73,53.11,4.06,24.64,1.83,0.39,0,0.583,35.2,descent,poor,Critical form deviation.,76
SES_SNA_AVE_0006,athlete_37,744,snatch,118.39,105.58,128.42,120.82,58.37,50.24,164.11,166.33,84.49,77.82,44.96,2.23,18.49,3.17,0.51,0,0.77,68.3,landing,average,Activate core more.,24
SES_SNA_AVE_0006,athlete_29,832,snatch,106.01,101.27,124.37,119.25,74.31,71.0,171.13,175.74,76.04,79.74,39.38,1.24,26.33,-0.49,0.41,0,0.794,64.2,flight,average,Control trunk lean.,27
SES_SNA_POO_0007,athlete_79,890,snatch,142.9,131.06,141.68,142.45,79.01,76.01,154.9,150.37,68.7,79.81,41.66,1.83,32.0,4.97,0.38,0,0.694,42.5,flight,poor,Critical form deviation.,29
SES_JAV_GOO_0013,athlete_32,1657,javelin,116.24,120.38,148.24,140.76,160.41,160.79,139.53,134.06,89.37,90.02,47.37,2.86,21.56,-0.94,0.54,0,0.714,81.2,setup,good,"Good depth, push harder through the heels.",55
SES_JAV_POO_0015,athlete_28,1840,javelin,149.91,140.46,168.33,158.0,130.58,138.82,148.44,147.62,68.71,67.32,61.4,1.63,30.33,3.74,0.48,0,0.563,31.7,descent,poor,LOWER HIPS!,61
SES_JAV_ELI_0012,athlete_68,1537,javelin,118.64,104.2,138.22,144.55,159.5,171.8,132.13,131.93,86.31,88.09,42.03,2.6,37.36,-1.48,0.52,0,0.73,94.1,setup,elite,Great form! Maintain position.,51
SES_CRI_POO_0019,athlete_62,2364,cricket_bat,150.94,158.51,166.01,163.18,124.83,119.07,178.29,171.0,80.5,70.66,48.42,1.68,42.82,-3.36,0.41,0,0.6,32.8,flight,poor,Work on symmetry.,78
SES_VER_ELI_0000,athlete_70,77,vertical_jump,92.47,93.1,99.32,93.8,63.19,66.76,128.08,119.44,89.59,92.62,14.56,0.25,28.33,2.73,0.46,77.0,0.941,92.0,takeoff,elite,Hold this form.,2
SES_VER_AVE_0002,athlete_13,345,vertical_jump,112.27,118.42,129.58,123.09,77.11,83.42,132.12,136.66,71.01,83.29,25.08,1.86,26.22,-0.99,0.57,41.1,0.769,65.3,takeoff,average,Lower your hips.,11
SES_SNA_AVE_0006,athlete_37,738,snatch,108.39,107.28,126.85,120.07,64.53,59.75,177.2,166.16,75.94,83.64,44.96,2.23,18.49,3.17,0.51,0,0.801,67.5,flight,average,Activate core more.,24
SES_SNA_ELI_0004,athlete_14,596,snatch,86.54,94.58,100.31,100.26,40.37,41.07,176.91,173.47,91.17,92.49,19.94,1.28,40.29,3.03,0.44,0,0.922,94.8,landing,elite,Great form! Maintain position.,19
SES_VER_GOO_0001,athlete_52,159,vertical_jump,96.14,104.05,104.35,110.78,71.23,72.79,127.95,120.72,82.09,87.77,15.42,4.13,17.4,-1.83,0.55,44.6,0.837,81.3,descent,good,Extend hips fully.,5
SES_SNA_ELI_0004,athlete_35,550,snatch,88.26,92.74,93.1,92.0,50.98,39.65,175.0,177.33,92.76,89.9,22.68,3.24,49.53,0.28,0.53,0,0.931,96.0,descent,elite,Elite biomechanics detected.,18
SES_JAV_GOO_0013,athlete_67,1633,javelin,105.43,108.88,161.93,159.51,156.24,156.6,133.99,131.25,80.14,83.21,37.63,2.8,33.22,3.51,0.54,0,0.726,82.1,descent,good,Extend hips fully.,54
SES_SNA_AVE_0006,athlete_11,785,snatch,112.1,110.47,109.78,132.69,71.31,70.09,160.72,159.34,75.15,85.41,38.11,2.17,24.04,5.39,0.42,0,0.753,63.2,setup,average,Activate core more.,26
SES_SPR_POO_0011,athlete_06,1387,sprint,100.57,106.93,139.42,132.45,117.53,111.46,132.9,122.58,89.73,94.81,51.41,0,39.96,5.21,0.45,0,0.686,34.9,setup,poor,Adjust knee alignment.,46
SES_SNA_POO_0007,athlete_54,866,snatch,121.51,132.41,154.82,149.0,80.16,82.83,148.86,138.03,79.95,74.65,49.6,3.09,29.02,3.78,0.43,0,0.682,41.8,landing,poor,Work on symmetry.,28
SES_JAV_ELI_0012,athlete_39,1495,javelin,112.83,109.33,142.62,141.0,163.51,169.12,130.27,130.52,81.65,83.94,32.13,3.11,36.26,1.08,0.56,0,0.767,94.5,flight,elite,Great form! Maintain position.,49
SES_SPR_POO_0011,athlete_75,1325,sprint,94.98,92.5,138.0,134.94,141.25,108.32,129.23,125.27,93.59,92.53,38.24,5.1,21.29,-1.57,0.41,0,0.706,44.5,setup,poor,Work on symmetry.,44
SES_SPR_ELI_0008,athlete_61,1060,sprint,43.66,53.62,92.06,88.51,72.85,72.55,89.62,94.26,67.13,69.82,16.15,3.43,35.85,2.18,0.64,0,0.82,99.6,descent,elite,Hold this form.,35
SES_SNA_AVE_0006,athlete_11,808,snatch,108.47,108.91,117.09,113.13,53.97,68.21,165.15,158.48,75.46,82.17,30.03,2.17,24.04,5.39,0.42,0,0.809,62.7,landing,average,Activate core more.,26
SES_JAV_POO_0015,athlete_28,1834,javelin,147.48,142.75,174.49,178,108.87,145.52,157.33,152.79,68.71,69.02,51.87,1.63,30.33,3.74,0.48,0,0.584,30.8,setup,poor,LOWER HIPS!,61
SES_VER_GOO_0001,athlete_79,234,vertical_jump,94.12,91.18,106.82,97.69,63.33,66.19,144.71,130.31,86.88,77.6,14.91,1.96,23.98,1.93,0.46,37.9,0.845,78.1,landing,good,Slight asymmetry detected.,7
SES_SPR_AVE_0010,athlete_67,1289,sprint,71.32,67.27,117.51,117.65,97.01,92.54,117.02,117.48,98.48,77.87,30.0,1.85,28.51,1.34,0.4,0,0.783,64.5,takeoff,average,Lower your hips.,42
SES_JAV_GOO_0013,athlete_07,1614,javelin,111.87,119.51,160.84,162.4,162.53,157.31,133.16,129.09,86.02,78.9,45.48,3.92,21.2,1.99,0.58,0,0.717,81.9,flight,good,"Good depth, push harder through the heels.",53
SES_VER_POO_0003,athlete_41,418,vertical_jump,142.23,147.71,138.56,137.96,102.63,93.13,143.63,155.66,56.32,66.01,45.84,1.08,32.9,5.5,0.59,9.6,0.687,48.5,landing,poor,Critical form deviation.,13
SES_JAV_ELI_0012,athlete_53,1525,javelin,114.06,102.13,151.74,143.96,170.25,163.92,137.82,125.94,81.72,89.11,35.58,0.72,20.53,-0.49,0.53,0,0.733,94.0,flight,elite,Great form! Maintain position.,50
SES_JAV_AVE_0014,athlete_52,1682,javelin,123.52,134.45,166.04,162.79,141.13,147.24,122.59,152.59,75.86,78.47,40.23,0,29.45,0.4,0.41,0,0.648,67.0,setup,average,Lower your hips.,56
SES_SNA_ELI_0004,athlete_04,488,snatch,91.77,84.6,103.12,93.69,38.21,40.23,177.49,179.34,83.45,88.89,26.07,1.11,30.16,-2.51,0.54,0,0.899,94.5,descent,elite,Elite biomechanics detected.,16
SES_SPR_ELI_0008,athlete_23,1035,sprint,41.92,48.42,95.51,96.57,73.52,78.79,85.19,95.12,72.49,71.8,10.77,0.7,42.08,0.04,0.55,0,0.85,93.3,descent,elite,Hold this form.,34
SES_CRI_POO_0019,athlete_48,2371,cricket_bat,142.2,147.58,160.84,162.61,117.45,126.3,149.82,158.46,63.25,69.13,68.15,2.94,17.15,5.67,0.57,0,0.605,51.4,setup,poor,Critical form deviation.,79
SES_SPR_AVE_0010,athlete_04,1230,sprint,87.08,86.75,133.27,132.11,80.38,78.04,146.91,132.19,70.21,86.93,41.2,2.26,17.05,4.37,0.56,0,0.796,66.7,setup,average,Lower your hips.,41
SES_SNA_POO_0007,athlete_43,951,snatch,135.42,126.55,144.48,140.83,69.46,82.2,147.32,144.25,64.45,70.99,42.1,3.11,12.22,5.96,0.37,0,0.693,33.6,flight,poor,LOWER HIPS!,31
SES_JAV_ELI_0012,athlete_68,1558,javelin,103.47,107.84,150.6,147.43,167.05,169.98,129.13,133.09,90.02,75.61,36.81,2.6,37.36,-1.48,0.52,0,0.761,96.7,flight,elite,Great form! Maintain position.,51
SES_SPR_ELI_0008,athlete_61,1057,sprint,40.5,47.24,91.41,89.62,80.38,77.55,84.05,88.5,66.75,73.75,9.32,3.43,35.85,2.18,0.64,0,0.844,99.3,setup,elite,Hold this form.,35
SES_SPR_GOO_0009,athlete_08,1157,sprint,54.02,55.55,101.63,101.75,88.44,94.34,98.16,93.53,79.52,83.05,17.69,0,22.24,0.22,0.41,0,0.841,84.0,descent,good,"Good depth, push harder through the heels.",38
SES_JAV_AVE_0014,athlete_52,1692,javelin,113.52,128.29,157.12,164.0,142.89,143.36,135.57,145.64,90.83,77.61,44.0,0,29.45,0.4,0.41,0,0.628,66.8,descent,average,Lower your hips.,56
SES_SNA_AVE_0006,athlete_11,783,snatch,102.1,106.2,119.78,122.69,71.31,75.46,160.72,169.34,80.02,85.41,41.85,2.17,24.04,5.39,0.42,0,0.801,63.1,setup,average,Activate core more.,26
SES_SPR_ELI_0008,athlete_41,999,sprint,45.92,52.1,94.66,94.06,74.39,75.47,86.16,90.09,70.05,69.07,13.93,1.95,22.47,7.38,0.51,0,0.858,93.3,setup,elite,Great form! Maintain position.,33
SES_SPR_AVE_0010,athlete_04,1259,sprint,68.22,74.52,109.38,119.24,98.01,84.39,94.73,120.02,91.53,82.51,26.36,2.26,17.05,4.37,0.56,0,0.745,65.1,takeoff,average,Lower your hips.,41
SES_SNA_GOO_0005,athlete_28,684,snatch,100.03,99.42,110.06,111.01,61.21,36.01,175.0,178.12,79.97,83.03,32.19,1.08,29.28,4.84,0.57,0,0.896,84.9,landing,good,"Good depth, push harder through the heels.",22
SES_CRI_AVE_0018,athlete_15,2199,cricket_bat,148.48,141.09,143.99,160.53,108.13,117.63,171.31,167.97,79.31,87.45,40.99,0.11,23.44,0.01,0.47,0,0.671,66.8,descent,average,Activate core more.,73
SES_SPR_ELI_0008,athlete_23,1021,sprint,42.7,46.54,85.52,96.72,73.91,81.12,82.99,105.4,63.7,76.18,15.27,0.7,42.08,0.04,0.55,0,0.834,93.4,setup,elite,Hold this form.,34
SES_SNA_GOO_0005,athlete_22,649,snatch,91.8,90.94,119.84,111.08,51.16,42.96,162.33,163.5,95.06,92.57,32.37,1.84,29.67,4.16,0.43,0,0.875,80.7,flight,good,Slight asymmetry detected.,21
SES_VER_GOO_0001,athlete_52,176,vertical_jump,93.73,97.21,102.1,104.58,57.18,61.15,137.53,125.72,89.83,91.03,28.65,4.13,17.4,-1.83,0.55,44.6,0.862,81.8,landing,good,Extend hips fully.,5
SES_SNA_AVE_0006,athlete_37,736,snatch,99.96,107.28,126.85,120.07,55.04,69.75,167.2,163.38,76.73,78.73,44.96,2.23,18.49,3.17,0.51,0,0.782,68.0,takeoff,average,Activate core more.,24
SES_SPR_GOO_0009,athlete_16,1188,sprint,64.38,59.36,103.52,96.34,90.01,77.42,89.78,93.78,72.17,74.08,21.33,0.62,14.63,2.24,0.49,0,0.806,82.4,descent,good,"Good depth, push harder through the heels.",39
SES_SPR_ELI_0008,athlete_41,1002,sprint,49.1,47.1,99.66,84.49,68.87,71.88,83.02,85.09,81.45,78.05,17.86,1.95,22.47,7.38,0.51,0,0.842,93.2,descent,elite,Great form! Maintain position.,33
SES_SPR_AVE_0010,athlete_49,1299,sprint,69.21,72.68,122.79,115.8,94.79,91.17,117.02,112.4,90.34,93.26,24.63,0.95,27.31,6.44,0.43,0,0.768,69.9,setup,average,Control trunk lean.,43
SES_CRI_GOO_0017,athlete_69,2053,cricket_bat,135.17,132.95,153.79,146.14,90.22,91.86,150.87,151.61,84.93,94.4,19.28,2.76,28.84,4.74,0.53,0,0.76,82.7,descent,good,Slight asymmetry detected.,68
SES_CRI_POO_0019,athlete_48,2373,cricket_bat,150.21,156.54,168.33,164.46,127.45,122.16,149.94,168.46,68.11,79.13,58.15,2.94,17.15,5.67,0.57,0,0.6,51.2,setup,poor,Critical form deviation.,79
SES_SPR_GOO_0009,athlete_16,1177,sprint,59.06,62.82,102.64,95.14,78.55,92.43,97.18,93.49,83.9,79.08,24.31,0.62,14.63,2.24,0.49,0,0.809,80.2,setup,good,"Good depth, push harder through the heels.",39
SES_SNA_POO_0007,athlete_79,871,snatch,147.55,120.67,134.37,158.71,86.34,114.09,175.0,142.26,90.52,74.63,20.58,1.83,32.0,4.97,0.38,0,0.611,43.7,setup,poor,Critical form deviation.,29
SES_CRI_AVE_0018,athlete_33,2221,cricket_bat,134.42,143.58,156.84,163.11,136.98,123.15,175.0,160.51,82.43,85.11,20.08,0.2,16.78,4.95,0.41,0,0.688,62.1,setup,average,Activate core more.,74
SES_CRI_ELI_0016,athlete_76,2027,cricket_bat,126.82,117.01,137.75,134.56,85.58,82.65,140.8,144.26,92.51,85.65,22.08,2.15,51.96,3.27,0.46,0,0.79,94.5,takeoff,elite,Hold this form.,67
SES_VER_ELI_0000,athlete_70,72,vertical_jump,97.23,87.2,92.07,101.02,54.06,72.21,117.88,116.74,84.76,83.95,8.54,0.25,28.33,2.73,0.46,77.0,0.9,91.0,takeoff,elite,Hold this form.,2
SES_CRI_AVE_0018,athlete_72,2259,cricket_bat,148.15,137.86,154.65,157.8,125.29,125.53,174.64,168.01,82.29,92.94,40.29,1.09,28.62,1.85,0.4,0,0.693,60.1,descent,average,Control trunk lean.,75
SES_SPR_POO_0011,athlete_29,1418,sprint,87.06,98.8,130.24,132.09,95.42,99.09,131.63,142.06,89.1,98.46,31.77,1.78,12.02,4.96,0.53,0,0.675,35.5,setup,poor,Critical form deviation.,47
SES_VER_GOO_0001,athlete_46,126,vertical_jump,95.41,104.36,108.04,103.68,61.16,76.17,136.14,131.87,84.56,86.47,11.73,2.67,21.85,4.22,0.41,47.7,0.84,77.0,descent,good,Extend hips fully.,4
SES_JAV_GOO_0013,athlete_50,1588,javelin,116.16,113.58,149.63,156.71,156.92,156.03,145.64,140.82,80.95,86.98,46.32,2.9,45.79,3.05,0.55,0,0.719,73.2,flight,good,"Good depth, push harder through the heels.",52
SES_SPR_ELI_0008,athlete_13,983,sprint,50.29,44.03,95.82,86.11,71.46,76.0,85.82,89.64,73.44,71.2,13.27,2.45,40.04,4.42,0.44,0,0.832,94.8,takeoff,elite,Great form! Maintain position.,32
SES_JAV_AVE_0014,athlete_60,1738,javelin,132.35,130.32,159.0,162.11,137.72,139.63,154.19,160.28,85.15,85.7,41.79,3.8,21.97,3.08,0.59,0,0.67,66.0,flight,average,Activate core more.,57
SES_CRI_ELI_0016,athlete_73,1922,cricket_bat,114.74,120.14,132.93,138.42,86.22,77.8,145.6,148.96,80.55,85.86,20.24,1.45,35.74,1.94,0.43,0,0.793,94.0,setup,elite,Hold this form.,64
SES_VER_POO_0003,athlete_61,375,vertical_jump,126.59,143.31,138.98,131.82,91.64,88.33,140.31,142.07,64.46,72.09,34.83,0.87,26.15,-1.22,0.45,17.9,0.645,38.0,takeoff,poor,Critical form deviation.,12
SES_JAV_ELI_0012,athlete_68,1547,javelin,115.04,112.02,141.9,150.56,176.01,163.02,134.74,128.09,95.67,89.08,26.89,2.6,37.36,-1.48,0.52,0,0.754,95.9,takeoff,elite,Great form! Maintain position.,51
SES_SNA_AVE_0006,athlete_23,769,snatch,117.8,111.37,119.57,125.48,75.85,67.51,164.01,163.85,75.73,79.81,25.79,1.02,17.89,-0.36,0.51,0,0.789,58.3,flight,average,Lower your hips.,25
SES_JAV_AVE_0014,athlete_66,1771,javelin,116.02,115.3,140.13,159.99,158.51,149.59,143.95,151.51,94.51,87.13,30.28,1.12,29.98,1.94,0.39,0,0.636,58.2,setup,average,Control trunk lean.,59
SES_SNA_GOO_0005,athlete_43,616,snatch,97.64,94.16,113.16,109.51,53.51,45.85,168.69,179.78,73.17,87.94,19.77,0,19.66,0.14,0.6,0,0.88,78.1,takeoff,good,Extend hips fully.,20
SES_VER_POO_0003,athlete_19,448,vertical_jump,127.59,140.09,138.05,137.25,91.53,80.68,158.24,149.45,75.59,68.75,58.79,1.73,29.0,-2.4,0.51,24.0,0.669,37.6,landing,poor,Critical form deviation.,14
SES_SPR_AVE_0010,athlete_49,1304,sprint,78.15,82.75,117.79,114.14,99.79,96.17,106.4,113.04,80.21,87.7,30.85,0.95,27.31,6.44,0.43,0,0.773,70.0,descent,average,Control trunk lean.,43
SES_SPR_ELI_0008,athlete_41,1003,sprint,54.1,42.1,96.12,89.49,68.85,76.88,88.02,90.09,76.45,80.93,22.86,1.95,22.47,7.38,0.51,0,0.813,93.2,descent,elite,Great form! Maintain position.,33
SES_SPR_AVE_0010,athlete_32,1227,sprint,65.2,72.09,128.39,101.77,73.76,92.33,108.86,110.99,82.32,72.59,26.45,1.97,20.64,0.35,0.51,0,0.706,60.0,takeoff,average,Control trunk lean.,40
SES_CRI_AVE_0018,athlete_15,2190,cricket_bat,143.21,148.5,158.99,174.5,116.45,122.63,166.75,180,74.76,81.25,53.21,0.11,23.44,0.01,0.47,0,0.683,67.6,setup,average,Activate core more.,73
SES_SNA_POO_0007,athlete_54,863,snatch,126.51,131.0,152.05,143.97,71.51,87.38,143.86,139.34,74.95,79.65,44.85,3.09,29.02,3.78,0.43,0,0.693,41.7,flight,poor,Work on symmetry.,28
SES_CRI_POO_0019,athlete_25,2287,cricket_bat,149.11,155.0,164.1,154.87,141.31,122.65,180,170.42,75.54,79.16,44.31,4.06,24.64,1.83,0.39,0,0.591,36.0,setup,poor,Critical form deviation.,76
SES_VER_POO_0003,athlete_61,386,vertical_jump,133.68,135.7,134.28,125.03,91.78,94.02,143.68,138.5,64.97,62.52,33.73,0.87,26.15,-1.22,0.45,17.9,0.675,39.0,landing,poor,Critical form deviation.,12
SES_VER_POO_0003,athlete_41,410,vertical_jump,132.7,129.13,137.34,132.26,98.09,86.7,133.63,159.38,64.83,67.88,35.84,1.08,32.9,5.5,0.59,9.6,0.681,48.3,flight,poor,Critical form deviation.,13
SES_VER_GOO_0001,athlete_46,145,vertical_jump,112.69,96.83,98.9,97.25,61.44,74.68,145.91,134.78,85.75,81.38,12.63,2.67,21.85,4.22,0.41,47.7,0.833,77.1,landing,good,Extend hips fully.,4
SES_JAV_GOO_0013,athlete_50,1564,javelin,115.79,117.13,167.5,158.11,147.84,156.54,138.57,138.51,96.33,72.55,42.95,2.9,45.79,3.05,0.55,0,0.72,74.8,setup,good,"Good depth, push harder through the heels.",52
SES_SNA_GOO_0005,athlete_29,701,snatch,101.26,100.98,109.06,103.01,46.21,51.78,175.0,177.46,93.33,79.69,31.17,5.61,24.9,1.64,0.48,0,0.883,87.4,descent,good,Extend hips fully.,23
SES_JAV_GOO_0013,athlete_32,1677,javelin,112.14,117.84,164.13,154.15,161.34,163.38,146.14,137.05,83.58,86.95,39.01,2.86,21.56,-0.94,0.54,0,0.707,79.8,flight,good,"Good depth, push harder through the heels.",55
SES_CRI_GOO_0017,athlete_69,2040,cricket_bat,127.79,126.26,143.57,132.58,114.45,76.74,140.53,179.4,107.78,92.9,5.78,2.76,28.84,4.74,0.53,0,0.753,84.0,setup,good,Slight asymmetry detected.,68
SES_CRI_POO_0019,athlete_48,2374,cricket_bat,155.21,156.08,163.33,169.46,132.45,127.16,154.94,173.46,73.11,81.77,53.15,2.94,17.15,5.67,0.57,0,0.607,50.8,setup,poor,Critical form deviation.,79
SES_SNA_ELI_0004,athlete_35,562,snatch,84.36,86.23,104.69,105.0,48.92,42.34,179.52,175.43,86.18,80.83,26.7,3.24,49.53,0.28,0.53,0,0.942,97.3,flight,elite,Elite biomechanics detected.,18
SES_VER_GOO_0001,athlete_79,231,vertical_jump,95.01,100.37,111.82,106.63,72.89,77.3,139.71,125.31,89.52,91.13,12.96,1.96,23.98,1.93,0.46,37.9,0.849,78.7,flight,good,Slight asymmetry detected.,7
SES_SNA_POO_0007,athlete_54,858,snatch,121.32,129.78,148.59,148.97,79.22,82.38,146.11,147.46,74.91,67.09,39.85,3.09,29.02,3.78,0.43,0,0.698,41.7,flight,poor,Work on symmetry.,28
SES_SNA_AVE_0006,athlete_11,787,snatch,109.02,102.92,119.78,129.49,61.31,60.09,159.56,167.32,68.87,80.52,42.77,2.17,24.04,5.39,0.42,0,0.779,63.3,descent,average,Activate core more.,26
SES_SPR_ELI_0008,athlete_23,1038,sprint,53.85,42.16,108.71,101.56,78.52,73.79,83.35,86.41,76.53,80.99,8.07,0.7,42.08,0.04,0.55,0,0.815,93.5,descent,elite,Hold this form.,34
SES_VER_GOO_0001,athlete_79,224,vertical_jump,95.33,103.12,106.61,102.69,76.08,73.67,140.21,125.79,94.28,77.15,23.35,1.96,23.98,1.93,0.46,37.9,0.844,78.5,takeoff,good,Slight asymmetry detected.,7
SES_CRI_GOO_0017,athlete_65,2144,cricket_bat,132.71,123.98,138.52,140.44,95.48,99.66,151.57,157.33,90.23,87.88,18.56,1.17,24.6,4.25,0.43,0,0.756,82.4,descent,good,"Good depth, push harder through the heels.",71
SES_JAV_ELI_0012,athlete_68,1551,javelin,115.8,102.02,148.23,140.69,171.73,167.69,127.02,128.09,95.25,93.62,32.72,2.6,37.36,-1.48,0.52,0,0.729,96.2,takeoff,elite,Great form! Maintain position.,51
SES_VER_ELI_0000,athlete_70,68,vertical_jump,91.21,95.91,92.38,96.57,54.06,58.97,117.88,119.65,83.71,93.95,6.63,0.25,28.33,2.73,0.46,77.0,0.931,91.6,descent,elite,Hold this form.,2
SES_SPR_ELI_0008,athlete_13,988,sprint,46.35,51.47,94.77,92.61,86.46,80.39,90.82,85.84,68.44,69.73,14.08,2.45,40.04,4.42,0.44,0,0.86,95.6,takeoff,elite,Great form! Maintain position.,32
SES_CRI_GOO_0017,athlete_15,2127,cricket_bat,131.93,123.01,159.57,148.4,94.13,101.2,151.71,154.0,87.98,86.96,34.38,0.97,12.01,-2.16,0.36,0,0.739,83.6,flight,good,Slight asymmetry detected.,70
SES_VER_ELI_0000,athlete_49,39,vertical_jump,93.47,96.79,92.6,94.87,65.25,61.63,123.81,124.59,77.95,84.4,12.82,4.68,33.72,-0.49,0.5,65.6,0.942,94.9,descent,elite,Elite biomechanics detected.,1
SES_SPR_GOO_0009,athlete_08,1151,sprint,66.38,65.07,101.63,111.75,89.3,94.34,98.16,94.01,76.1,81.86,14.86,0,22.24,0.22,0.41,0,0.814,83.9,descent,good,"Good depth, push harder through the heels.",38
SES_JAV_POO_0015,athlete_47,1881,javelin,142.74,137.19,167.59,173.69,144.14,118.43,154.42,163.59,68.39,75.09,52.25,4.82,22.78,-0.61,0.3,0,0.577,41.7,takeoff,poor,Critical form deviation.,62
SES_JAV_GOO_0013,athlete_50,1587,javelin,112.36,108.58,144.63,151.71,161.92,151.03,150.64,135.82,85.95,91.98,41.32,2.9,45.79,3.05,0.55,0,0.715,72.7,flight,good,"Good depth, push harder through the heels.",52
SES_SPR_GOO_0009,athlete_16,1179,sprint,52.87,62.82,102.64,91.04,78.55,82.93,91.5,103.49,75.64,69.08,20.47,0.62,14.63,2.24,0.49,0,0.76,81.0,setup,good,"Good depth, push harder through the heels.",39
SES_VER_ELI_0000,athlete_79,107,vertical_jump,93.89,91.64,100.54,96.81,56.53,52.7,116.33,121.69,78.75,77.84,7.33,0.86,31.29,1.49,0.51,63.6,0.942,92.2,takeoff,elite,Hold this form.,3
SES_JAV_ELI_0012,athlete_39,1490,javelin,108.61,106.92,141.85,148.22,164.37,164.72,142.94,123.81,91.61,84.2,32.63,3.11,36.26,1.08,0.56,0,0.762,94.2,takeoff,elite,Great form! Maintain position.,49
SES_VER_POO_0003,athlete_61,376,vertical_jump,126.53,138.31,137.04,136.82,86.64,93.33,135.31,142.93,68.01,77.09,39.83,0.87,26.15,-1.22,0.45,17.9,0.672,38.0,takeoff,poor,Critical form deviation.,12
SES_VER_GOO_0001,athlete_56,184,vertical_jump,96.27,95.01,102.75,108.45,68.57,68.95,133.96,147.7,89.52,72.87,20.11,0.17,23.46,3.3,0.55,44.2,0.859,81.9,setup,good,"Good depth, push harder through the heels.",6
SES_JAV_GOO_0013,athlete_50,1568,javelin,118.8,110.94,157.5,150.99,156.51,160.75,140.49,138.51,84.32,83.23,46.07,2.9,45.79,3.05,0.55,0,0.708,74.5,descent,good,"Good depth, push harder through the heels.",52
SES_SPR_POO_0011,athlete_06,1407,sprint,94.85,81.95,118.76,138.27,112.86,104.29,131.47,122.69,85.37,90.31,42.52,0,39.96,5.21,0.45,0,0.63,35.9,takeoff,poor,Adjust knee alignment.,46
SES_JAV_POO_0015,athlete_04,1918,javelin,154.83,149.75,166.1,175.04,143.14,134.63,154.4,155.15,73.21,67.57,63.52,1.91,22.23,2.77,0.47,0,0.574,26.7,flight,poor,Work on symmetry.,63
SES_SPR_ELI_0008,athlete_23,1039,sprint,58.85,47.16,103.71,96.56,73.52,78.79,88.35,91.41,71.53,75.99,8.69,0.7,42.08,0.04,0.55,0,0.82,93.2,descent,elite,Hold this form.,34
SES_SPR_POO_0011,athlete_29,1438,sprint,84.23,83.51,133.93,140.13,99.26,85.12,135.09,132.06,100.07,88.32,46.74,1.78,12.02,4.96,0.53,0,0.704,35.8,takeoff,poor,Critical form deviation.,47
SES_CRI_AVE_0018,athlete_59,2163,cricket_bat,145.49,145.23,145.42,157.48,130.2,103.51,149.16,164.95,83.87,90.79,40.68,3.51,36.71,4.25,0.4,0,0.695,63.7,setup,average,Activate core more.,72
SES_VER_GOO_0001,athlete_46,148,vertical_jump,102.2,93.42,104.23,107.73,66.44,79.68,149.36,138.3,85.06,86.38,17.63,2.67,21.85,4.22,0.41,47.7,0.844,77.2,landing,good,Extend hips fully.,4
SES_VER_GOO_0001,athlete_56,208,vertical_jump,103.76,97.37,101.29,105.4,74.84,74.42,119.4,150.67,71.59,97.48,21.5,0.17,23.46,3.3,0.55,44.2,0.849,82.0,landing,good,"Good depth, push harder through the heels.",6
SES_JAV_ELI_0012,athlete_68,1556,javelin,110.67,101.41,150.6,148.59,168.23,170.71,129.13,133.09,92.45,85.61,44.44,2.6,37.36,-1.48,0.52,0,0.751,96.7,flight,elite,Great form! Maintain position.,51
SES_SPR_GOO_0009,athlete_27,1080,sprint,44.02,65.3,115.47,110.51,92.67,80.26,124.65,98.08,59.84,82.36,16.18,1.98,26.91,2.91,0.54,0,0.739,81.2,setup,good,Slight asymmetry detected.,36
SES_CRI_POO_0019,athlete_38,2322,cricket_bat,156.8,146.75,156.89,163.62,114.19,129.37,155.0,160.58,74.18,74.63,47.21,1.56,20.79,1.4,0.53,0,0.588,30.7,descent,poor,Work on symmetry.,77
SES_VER_AVE_0002,athlete_48,292,vertical_jump,109.18,108.95,109.19,120.08,83.27,87.71,125.83,150.97,74.4,77.35,20.05,2.17,34.4,4.18,0.43,27.5,0.769,62.7,flight,average,Lower your hips.,9
SES_CRI_ELI_0016,athlete_76,2037,cricket_bat,120.67,114.83,144.27,139.09,95.58,94.3,142.42,132.18,88.2,92.79,27.6,2.15,51.96,3.27,0.46,0,0.795,95.5,flight,elite,Hold this form.,67
SES_JAV_POO_0015,athlete_04,1899,javelin,136.31,143.52,155.49,159.26,120.02,129.63,180,163.6,72.16,92.89,48.23,1.91,22.23,2.77,0.47,0,0.577,28.5,descent,poor,Work on symmetry.,63
SES_SPR_AVE_0010,athlete_67,1285,sprint,63.13,73.09,117.51,112.53,97.01,92.54,111.03,116.33,88.48,76.06,28.8,1.85,28.51,1.34,0.4,0,0.74,65.6,takeoff,average,Lower your hips.,42
SES_SPR_POO_0011,athlete_75,1327,sprint,94.98,82.5,147.2,127.71,131.25,105.35,129.23,115.87,97.39,92.53,38.24,5.1,21.29,-1.57,0.41,0,0.641,44.6,setup,poor,Work on symmetry.,44
SES_VER_AVE_0002,athlete_48,299,vertical_jump,114.33,101.64,114.97,124.32,87.55,72.71,128.26,150.01,82.68,76.54,21.19,2.17,34.4,4.18,0.43,27.5,0.742,62.5,landing,average,Lower your hips.,9
SES_CRI_AVE_0018,athlete_72,2265,cricket_bat,152.88,139.69,154.65,158.39,125.86,120.82,157.49,167.98,83.64,85.63,30.29,1.09,28.62,1.85,0.4,0,0.687,60.0,takeoff,average,Control trunk lean.,75
SES_JAV_ELI_0012,athlete_39,1498,javelin,109.55,110.33,148.2,143.25,168.51,161.83,132.94,123.22,86.65,79.41,30.78,3.11,36.26,1.08,0.56,0,0.768,94.5,flight,elite,Great form! Maintain position.,49
SES_JAV_AVE_0014,athlete_66,1790,javelin,136.04,139.93,163.92,159.1,150.64,143.31,145.76,158.53,83.19,78.8,45.91,1.12,29.98,1.94,0.39,0,0.663,56.6,takeoff,average,Control trunk lean.,59
SES_SNA_AVE_0006,athlete_29,814,snatch,113.09,115.87,119.8,132.47,71.26,64.05,156.77,167.45,88.41,72.09,42.64,1.24,26.33,-0.49,0.41,0,0.781,64.4,setup,average,Control trunk lean.,27
SES_SPR_GOO_0009,athlete_49,1116,sprint,61.31,66.21,100.21,104.7,80.2,82.11,94.27,104.09,86.22,80.2,20.86,1.23,33.46,-2.28,0.42,0,0.813,79.0,setup,good,Extend hips fully.,37
SES_VER_AVE_0002,athlete_29,324,vertical_jump,118.42,123.5,113.8,121.97,89.42,86.94,149.43,129.88,77.68,71.95,18.95,0.52,14.14,-2.09,0.44,42.1,0.766,69.9,landing,average,Activate core more.,10
SES_SNA_AVE_0006,athlete_11,791,snatch,114.72,102.92,117.52,129.49,67.11,54.61,161.89,163.86,78.87,80.52,45.48,2.17,24.04,5.39,0.42,0,0.759,62.5,descent,average,Activate core more.,26
SES_JAV_GOO_0013,athlete_07,1604,javelin,113.87,120.44,163.21,150.77,145.95,151.12,128.88,146.82,94.11,79.36,37.14,3.92,21.2,1.99,0.58,0,0.7,82.9,descent,good,"Good depth, push harder through the heels.",53
SES_SNA_AVE_0006,athlete_37,730,snatch,99.96,105.61,129.04,124.78,66.45,69.75,166.75,156.94,87.67,84.92,39.93,2.23,18.49,3.17,0.51,0,0.793,68.6,descent,average,Activate core more.,24
SES_SNA_POO_0007,athlete_11,921,snatch,122.16,120.82,145.57,152.61,87.59,73.19,143.27,129.56,71.77,75.41,51.74,2.14,29.83,1.47,0.37,0,0.702,43.6,flight,poor,Work on symmetry.,30
SES_VER_GOO_0001,athlete_46,134,vertical_jump,104.31,95.99,106.85,100.65,75.52,77.45,131.31,131.87,83.83,86.28,15.34,2.67,21.85,4.22,0.41,47.7,0.839,77.3,takeoff,good,Extend hips fully.,4
SES_CRI_AVE_0018,athlete_59,2186,cricket_bat,145.62,145.47,160.33,151.31,122.12,124.57,148.45,162.56,90.8,80.06,30.29,3.51,36.71,4.25,0.4,0,0.703,63.3,flight,average,Activate core more.,72
SES_CRI_AVE_0018,athlete_15,2209,cricket_bat,159.48,149.23,154.73,156.65,113.62,110.55,168.09,172.61,89.0,76.48,30.47,0.11,23.44,0.01,0.47,0,0.697,66.3,takeoff,average,Activate core more.,73
SES_SPR_GOO_0009,athlete_16,1174,sprint,64.06,67.82,104.54,97.87,73.14,87.43,102.18,93.18,77.81,84.08,16.92,0.62,14.63,2.24,0.49,0,0.813,79.8,setup,good,"Good depth, push harder through the heels.",39
SES_SPR_AVE_0010,athlete_67,1287,sprint,73.13,63.09,117.51,117.65,97.01,92.54,111.03,116.33,98.48,77.87,28.8,1.85,28.51,1.34,0.4,0,0.758,64.8,takeoff,average,Lower your hips.,42
SES_SNA_ELI_0004,athlete_04,498,snatch,89.7,86.4,94.07,94.76,40.67,40.84,180,178.64,88.35,93.9,26.2,1.11,30.16,-2.51,0.54,0,0.937,94.8,flight,elite,Elite biomechanics detected.,16
SES_CRI_GOO_0017,athlete_65,2149,cricket_bat,131.04,128.22,154.11,141.89,90.48,94.66,164.03,152.33,92.71,89.05,33.72,1.17,24.6,4.25,0.43,0,0.75,82.5,takeoff,good,"Good depth, push harder through the heels.",71
SES_VER_POO_0003,athlete_50,459,vertical_jump,139.19,136.04,127.74,143.95,77.52,96.56,153.69,125.01,64.89,62.79,37.78,0.96,34.75,4.16,0.45,15.6,0.655,34.9,descent,poor,Work on symmetry.,15
SES_VER_GOO_0001,athlete_46,124,vertical_jump,102.44,98.86,108.04,106.57,65.84,76.17,141.0,131.87,84.56,86.47,11.73,2.67,21.85,4.22,0.41,47.7,0.865,77.7,setup,good,Extend hips fully.,4
SES_SNA_ELI_0004,athlete_04,489,snatch,86.77,89.6,103.94,98.69,43.21,38.85,176.48,180,88.45,93.89,28.64,1.11,30.16,-2.51,0.54,0,0.925,94.8,descent,elite,Elite biomechanics detected.,16
SES_JAV_GOO_0013,athlete_50,1567,javelin,113.8,106.33,162.5,153.11,161.51,155.75,135.49,143.51,85.25,86.59,41.07,2.9,45.79,3.05,0.55,0,0.703,74.8,setup,good,"Good depth, push harder through the heels.",52
SES_SPR_POO_0011,athlete_06,1388,sprint,95.57,101.93,144.42,127.45,112.53,116.46,137.9,127.58,84.73,99.81,46.41,0,39.96,5.21,0.45,0,0.665,34.8,setup,poor,Adjust knee alignment.,46
SES_SNA_AVE_0006,athlete_11,790,snatch,114.02,97.92,122.52,134.49,72.11,57.48,166.89,158.86,73.87,75.52,40.48,2.17,24.04,5.39,0.42,0,0.748,62.9,descent,average,Activate core more.,26
SES_SNA_AVE_0006,athlete_23,771,snatch,114.97,101.37,113.06,125.21,68.52,64.35,159.2,155.17,75.73,89.81,35.79,1.02,17.89,-0.36,0.51,0,0.752,58.8,flight,average,Lower your hips.,25
SES_VER_AVE_0002,athlete_13,353,vertical_jump,114.13,113.8,115.33,121.52,83.74,86.47,138.27,148.96,75.66,79.74,37.1,1.86,26.22,-0.99,0.57,41.1,0.783,65.3,flight,average,Lower your hips.,11
SES_SNA_GOO_0005,athlete_29,715,snatch,89.98,95.3,108.78,116.02,56.18,47.08,176.92,167.37,71.1,86.7,21.58,5.61,24.9,1.64,0.48,0,0.862,87.5,landing,good,Extend hips fully.,23
SES_JAV_POO_0015,athlete_47,1883,javelin,142.74,147.19,167.59,176.62,145.55,118.43,164.42,172.2,68.39,77.77,52.25,4.82,22.78,-0.61,0.3,0,0.574,41.9,flight,poor,Critical form deviation.,62
SES_SPR_AVE_0010,athlete_67,1274,sprint,70.21,65.35,129.93,115.09,80.95,98.62,104.04,119.13,77.09,80.14,35.96,1.85,28.51,1.34,0.4,0,0.745,65.9,descent,average,Lower your hips.,42
SES_CRI_POO_0019,athlete_62,2363,cricket_bat,145.94,163.51,161.01,168.18,125.37,124.07,173.29,176.0,84.9,75.66,48.28,1.68,42.82,-3.36,0.41,0,0.571,32.6,flight,poor,Work on symmetry.,78
SES_JAV_GOO_0013,athlete_07,1592,javelin,112.61,125.29,163.76,151.29,156.05,159.59,143.44,148.39,90.73,82.14,34.65,3.92,21.2,1.99,0.58,0,0.683,84.4,setup,good,"Good depth, push harder through the heels.",53
SES_SNA_ELI_0004,athlete_35,558,snatch,92.91,83.38,106.47,101.46,36.89,44.08,180,178.8,90.22,94.41,21.06,3.24,49.53,0.28,0.53,0,0.905,97.2,flight,elite,Elite biomechanics detected.,18
SES_SPR_AVE_0010,athlete_67,1265,sprint,73.3,63.11,111.93,115.59,95.95,103.62,125.51,108.63,81.2,76.58,19.92,1.85,28.51,1.34,0.4,0,0.748,65.2,setup,average,Lower your hips.,42
SES_SPR_ELI_0008,athlete_61,1065,sprint,49.98,52.22,94.45,91.17,79.28,81.97,88.49,89.14,64.2,68.61,8.84,3.43,35.85,2.18,0.64,0,0.876,98.3,descent,elite,Hold this form.,35
SES_SNA_AVE_0006,athlete_23,754,snatch,103.31,116.58,113.19,123.24,69.3,68.54,157.09,175.05,71.85,87.04,28.86,1.02,17.89,-0.36,0.51,0,0.755,57.6,setup,average,Lower your hips.,25
SES_VER_ELI_0000,athlete_49,50,vertical_jump,91.86,90.34,92.62,90.75,67.71,61.35,133.58,119.81,87.96,91.25,13.38,4.68,33.72,-0.49,0.5,65.6,0.949,93.8,flight,elite,Elite biomechanics detected.,1
SES_CRI_POO_0019,athlete_62,2367,cricket_bat,145.94,153.75,161.01,159.96,139.83,132.3,170.0,176.0,75.5,74.94,53.42,1.68,42.82,-3.36,0.41,0,0.602,32.6,flight,poor,Work on symmetry.,78
SES_SNA_ELI_0004,athlete_35,549,snatch,93.26,97.74,93.92,97.0,45.98,42.12,180,180,97.76,94.9,17.68,3.24,49.53,0.28,0.53,0,0.926,96.5,descent,elite,Elite biomechanics detected.,18
SES_SNA_ELI_0004,athlete_35,552,snatch,94.09,86.67,100.34,102.0,40.98,31.47,176.8,175.69,93.98,89.9,19.95,3.24,49.53,0.28,0.53,0,0.921,96.1,takeoff,elite,Elite biomechanics detected.,18
SES_JAV_ELI_0012,athlete_39,1499,javelin,104.55,105.33,143.2,148.25,172.87,166.83,137.94,125.75,90.81,84.41,26.64,3.11,36.26,1.08,0.56,0,0.767,94.1,flight,elite,Great form! Maintain position.,49
SES_CRI_POO_0019,athlete_38,2338,cricket_bat,165.52,157.84,176.5,153.62,132.91,133.1,174.41,170.6,76.82,80.04,44.8,1.56,20.79,1.4,0.53,0,0.567,30.7,flight,poor,Work on symmetry.,77
SES_CRI_GOO_0017,athlete_79,2091,cricket_bat,132.85,123.38,157.76,151.25,101.57,101.54,147.31,150.17,80.39,82.92,34.8,1.85,32.24,0.43,0.5,0,0.746,76.4,takeoff,good,"Good depth, push harder through the heels.",69
SES_SNA_GOO_0005,athlete_28,681,snatch,95.03,102.24,113.56,119.06,56.21,48.04,172.6,175.9,84.65,85.42,25.46,1.08,29.28,4.84,0.57,0,0.863,84.6,flight,good,"Good depth, push harder through the heels.",22
SES_SNA_POO_0007,athlete_43,959,snatch,125.42,122.66,164.84,151.67,88.39,83.97,143.97,141.06,64.74,78.47,39.74,3.11,12.22,5.96,0.37,0,0.689,34.5,landing,poor,LOWER HIPS!,31
SES_SPR_ELI_0008,athlete_41,1017,sprint,48.52,51.25,88.11,93.74,85.79,74.36,89.71,94.01,79.2,67.33,8.35,1.95,22.47,7.38,0.51,0,0.864,92.8,takeoff,elite,Great form! Maintain position.,33
SES_JAV_ELI_0012,athlete_39,1493,javelin,110.62,108.69,132.62,141.0,170.92,169.72,140.27,128.42,89.93,82.67,30.91,3.11,36.26,1.08,0.56,0,0.756,94.5,flight,elite,Great form! Maintain position.,49
SES_JAV_POO_0015,athlete_10,1827,javelin,141.03,151.64,178,164.74,128.6,135.34,169.02,164.1,60.95,78.67,62.18,3.18,27.74,-0.11,0.37,0,0.555,53.0,flight,poor,LOWER HIPS!,60
SES_VER_AVE_0002,athlete_48,274,vertical_jump,112.23,110.0,107.85,129.7,75.01,86.78,150.81,163.9,77.23,74.63,28.05,2.17,34.4,4.18,0.43,27.5,0.733,62.6,setup,average,Lower your hips.,9
SES_JAV_POO_0015,athlete_47,1875,javelin,147.24,146.85,159.84,165.89,126.06,128.56,157.25,166.73,75.43,65.09,50.89,4.82,22.78,-0.61,0.3,0,0.588,41.8,takeoff,poor,Critical form deviation.,62
SES_SNA_GOO_0005,athlete_29,705,snatch,102.7,95.85,103.85,105.88,49.86,46.54,167.68,172.68,86.52,95.38,31.57,5.61,24.9,1.64,0.48,0,0.874,87.9,takeoff,good,Extend hips fully.,23
SES_JAV_POO_0015,athlete_10,1807,javelin,150.0,155.28,172.53,173.0,121.24,136.49,136.48,152.2,75.47,67.48,57.46,3.18,27.74,-0.11,0.37,0,0.589,55.0,setup,poor,LOWER HIPS!,60
SES_VER_POO_0003,athlete_61,361,vertical_jump,134.86,128.78,145.93,140.44,110.07,64.06,152.22,134.21,63.37,65.3,41.49,0.87,26.15,-1.22,0.45,17.9,0.675,38.3,setup,poor,Critical form deviation.,12
SES_SNA_ELI_0004,athlete_04,506,snatch,94.84,87.94,106.95,94.82,40.78,47.31,179.31,180,94.64,84.94,18.08,1.11,30.16,-2.51,0.54,0,0.894,93.1,landing,elite,Elite biomechanics detected.,16
SES_VER_POO_0003,athlete_41,402,vertical_jump,136.22,128.5,138.22,147.63,101.8,78.67,131.46,150.69,63.61,69.38,39.62,1.08,32.9,5.5,0.59,9.6,0.663,49.2,takeoff,poor,Critical form deviation.,13
SES_SPR_GOO_0009,athlete_08,1169,sprint,65.4,62.7,106.29,101.16,86.4,91.34,87.29,100.87,88.1,76.87,20.89,0,22.24,0.22,0.41,0,0.823,85.0,takeoff,good,"Good depth, push harder through the heels.",38
SES_VER_AVE_0002,athlete_29,326,vertical_jump,119.51,131.43,107.42,121.97,89.42,86.94,149.43,125.62,77.68,74.85,18.95,0.52,14.14,-2.09,0.44,42.1,0.729,70.2,landing,average,Activate core more.,10
SES_JAV_AVE_0014,athlete_73,1751,javelin,125.19,127.01,161.71,158.04,144.28,136.79,144.53,152.93,88.46,83.6,51.8,2.63,19.34,0.28,0.43,0,0.669,57.3,descent,average,Control trunk lean.,58
SES_JAV_POO_0015,athlete_04,1894,javelin,146.0,148.52,171.82,159.49,137.67,124.63,170.0,158.6,64.52,77.62,53.23,1.91,22.23,2.77,0.47,0,0.573,28.5,setup,poor,Work on symmetry.,63
SES_SNA_POO_0007,athlete_43,938,snatch,129.38,123.96,140.3,151.41,92.34,74.47,139.93,153.53,54.23,75.21,58.35,3.11,12.22,5.96,0.37,0,0.684,32.1,descent,poor,LOWER HIPS!,31
SES_SPR_ELI_0008,athlete_41,995,sprint,51.19,46.22,87.09,93.57,74.39,73.03,76.16,82.68,78.51,66.42,8.83,1.95,22.47,7.38,0.51,0,0.849,93.2,setup,elite,Great form! Maintain position.,33
SES_JAV_GOO_0013,athlete_32,1666,javelin,115.26,121.09,148.73,152.01,157.72,163.14,134.15,145.68,81.13,82.08,44.86,2.86,21.56,-0.94,0.54,0,0.718,81.0,takeoff,good,"Good depth, push harder through the heels.",55
SES_SNA_ELI_0004,athlete_35,564,snatch,84.36,89.68,94.69,104.41,42.91,44.53,177.27,173.51,90.83,90.83,26.7,3.24,49.53,0.28,0.53,0,0.9,97.4,landing,elite,Elite biomechanics detected.,18
SES_VER_GOO_0001,athlete_79,228,vertical_jump,103.86,95.37,107.26,111.63,82.52,82.3,131.29,130.31,84.52,89.03,23.35,1.96,23.98,1.93,0.46,37.9,0.843,78.9,flight,good,Slight asymmetry detected.,7
SES_JAV_GOO_0013,athlete_07,1605,javelin,108.87,115.44,158.21,154.28,150.95,151.75,123.88,141.82,99.11,84.36,39.65,3.92,21.2,1.99,0.58,0,0.714,82.5,takeoff,good,"Good depth, push harder through the heels.",53
SES_CRI_AVE_0018,athlete_72,2275,cricket_bat,151.67,140.82,154.74,172.65,110.24,110.12,163.44,157.09,78.84,82.74,31.28,1.09,28.62,1.85,0.4,0,0.664,59.8,flight,average,Control trunk lean.,75
SES_VER_GOO_0001,athlete_79,227,vertical_jump,108.86,99.36,105.18,107.69,81.08,77.3,126.29,135.31,89.28,89.08,18.35,1.96,23.98,1.93,0.46,37.9,0.847,79.1,takeoff,good,Slight asymmetry detected.,7
SES_SPR_POO_0011,athlete_29,1434,sprint,90.42,90.56,133.93,138.2,99.26,95.71,138.08,132.06,105.96,78.32,36.74,1.78,12.02,4.96,0.53,0,0.71,36.0,takeoff,poor,Critical form deviation.,47
SES_SNA_AVE_0006,athlete_11,802,snatch,99.72,96.86,124.46,121.57,66.17,67.64,175.15,158.86,75.46,75.52,43.1,2.17,24.04,5.39,0.42,0,0.804,62.4,flight,average,Activate core more.,26
SES_VER_ELI_0000,athlete_79,111,vertical_jump,84.98,94.45,97.38,93.64,56.53,65.47,105.27,121.69,84.99,87.13,5.55,0.86,31.29,1.49,0.51,63.6,0.915,92.3,flight,elite,Hold this form.,3
SES_SNA_POO_0007,athlete_79,876,snatch,137.13,125.67,139.37,149.84,86.16,99.09,170.0,150.37,71.67,81.95,35.58,1.83,32.0,4.97,0.38,0,0.672,43.3,descent,poor,Critical form deviation.,29
SES_JAV_GOO_0013,athlete_07,1594,javelin,110.36,115.29,154.29,151.29,166.05,164.67,143.44,141.16,90.73,78.37,36.97,3.92,21.2,1.99,0.58,0,0.721,84.1,setup,good,"Good depth, push harder through the heels.",53
SES_SPR_POO_0011,athlete_06,1394,sprint,97.13,89.66,144.42,135.01,102.53,114.48,137.02,137.58,94.04,89.43,49.53,0,39.96,5.21,0.45,0,0.677,34.0,descent,poor,Adjust knee alignment.,46
SES_CRI_ELI_0016,athlete_73,1943,cricket_bat,122.38,119.57,138.13,145.2,90.34,85.44,143.63,151.08,84.61,90.08,17.19,1.45,35.74,1.94,0.43,0,0.798,95.1,flight,elite,Hold this form.,64
SES_CRI_POO_0019,athlete_62,2357,cricket_bat,162.41,163.51,152.02,167.14,132.04,129.72,178.03,175.59,87.45,78.68,47.18,1.68,42.82,-3.36,0.41,0,0.588,33.4,takeoff,poor,Work on symmetry.,78
SES_SPR_POO_0011,athlete_75,1328,sprint,89.98,86.88,152.2,122.71,126.25,110.35,124.23,120.87,102.39,87.53,43.24,5.1,21.29,-1.57,0.41,0,0.652,44.8,setup,poor,Work on symmetry.,44
SES_SPR_POO_0011,athlete_55,1377,sprint,85.26,96.41,135.53,135.47,100.47,108.43,111.54,135.37,101.11,89.67,46.39,1.53,22.2,7.52,0.52,0,0.681,29.1,takeoff,poor,LOWER HIPS!,45
SES_CRI_POO_0019,athlete_38,2320,cricket_bat,166.8,146.75,156.89,153.62,114.19,126.14,155.0,150.58,64.18,76.77,54.49,1.56,20.79,1.4,0.53,0,0.578,30.6,descent,poor,Work on symmetry.,77
SES_JAV_POO_0015,athlete_28,1853,javelin,144.21,143.17,165.0,178,131.35,140.22,178.78,179.65,69.94,83.61,70.88,1.63,30.33,3.74,0.48,0,0.574,32.0,flight,poor,LOWER HIPS!,61
SES_JAV_AVE_0014,athlete_52,1688,javelin,133.52,124.45,163.49,154.96,140.18,143.36,142.59,155.64,83.22,77.61,54.0,0,29.45,0.4,0.41,0,0.644,67.3,descent,average,Lower your hips.,56
SES_VER_POO_0003,athlete_61,389,vertical_jump,132.74,141.25,137.82,140.03,106.78,93.6,148.68,143.5,64.63,67.52,37.07,0.87,26.15,-1.22,0.45,17.9,0.676,39.7,landing,poor,Critical form deviation.,12
SES_VER_POO_0003,athlete_50,458,vertical_jump,144.19,139.44,132.74,141.39,82.52,91.56,148.69,123.09,59.89,60.11,42.78,0.96,34.75,4.16,0.45,15.6,0.671,34.9,descent,poor,Work on symmetry.,15
SES_JAV_ELI_0012,athlete_39,1492,javelin,114.72,113.69,137.62,144.31,174.37,164.72,145.27,123.42,88.83,87.67,35.91,3.11,36.26,1.08,0.56,0,0.763,94.3,takeoff,elite,Great form! Maintain position.,49
SES_CRI_GOO_0017,athlete_79,2096,cricket_bat,120.59,128.38,142.76,147.4,96.57,86.54,152.31,151.6,79.4,93.31,38.07,1.85,32.24,0.43,0.5,0,0.751,76.8,flight,good,"Good depth, push harder through the heels.",69
SES_JAV_ELI_0012,athlete_49,1468,javelin,101.63,109.55,154.16,144.0,173.45,165.12,134.3,126.51,91.93,80.05,42.68,1.47,27.08,1.79,0.39,0,0.737,94.7,flight,elite,Great form! Maintain position.,48
SES_JAV_ELI_0012,athlete_39,1472,javelin,105.53,111.78,153.88,135.62,170.0,160.39,140.42,142.23,79.11,82.82,38.2,3.11,36.26,1.08,0.56,0,0.727,92.3,setup,elite,Great form! Maintain position.,49
SES_SNA_AVE_0006,athlete_37,727,snatch,92.93,117.92,121.94,121.06,71.45,81.26,161.75,161.94,92.67,78.75,34.93,2.23,18.49,3.17,0.51,0,0.737,68.5,descent,average,Activate core more.,24
SES_CRI_AVE_0018,athlete_59,2176,cricket_bat,147.68,148.32,158.39,160.85,111.73,118.98,165.04,158.26,84.27,81.7,41.23,3.51,36.71,4.25,0.4,0,0.714,64.3,takeoff,average,Activate core more.,72
SES_SPR_ELI_0008,athlete_41,992,sprint,46.19,41.48,93.19,92.17,77.19,63.22,81.16,97.68,70.4,71.42,12.86,1.95,22.47,7.38,0.51,0,0.866,93.3,setup,elite,Great form! Maintain position.,33
SES_CRI_POO_0019,athlete_25,2297,cricket_bat,146.3,167.94,159.24,163.17,126.67,133.19,180,165.0,68.94,86.73,53.11,4.06,24.64,1.83,0.39,0,0.568,34.5,takeoff,poor,Critical form deviation.,76
SES_JAV_POO_0015,athlete_28,1850,javelin,139.91,148.17,168.64,164.29,134.57,128.31,163.78,174.65,67.42,84.8,69.19,1.63,30.33,3.74,0.48,0,0.575,32.2,takeoff,poor,LOWER HIPS!,61
SES_VER_AVE_0002,athlete_13,358,vertical_jump,115.17,111.92,110.33,128.99,97.36,86.07,125.69,148.55,73.94,79.76,23.09,1.86,26.22,-0.99,0.57,41.1,0.741,64.3,landing,average,Lower your hips.,11
SES_SPR_GOO_0009,athlete_49,1125,sprint,54.93,61.04,115.25,106.37,95.2,85.2,104.58,98.41,78.32,77.63,16.72,1.23,33.46,-2.28,0.42,0,0.794,78.7,descent,good,Extend hips fully.,37
SES_JAV_GOO_0013,athlete_67,1635,javelin,105.43,108.88,161.06,159.51,152.29,156.6,136.53,131.25,87.22,92.92,37.63,2.8,33.22,3.51,0.54,0,0.727,81.7,takeoff,good,Extend hips fully.,54
SES_CRI_ELI_0016,athlete_44,1963,cricket_bat,119.38,128.31,149.44,138.69,89.11,82.12,137.05,136.18,90.76,94.05,28.86,0.49,26.81,2.6,0.45,0,0.776,96.7,descent,elite,Great form! Maintain position.,65
SES_VER_ELI_0000,athlete_49,40,vertical_jump,89.03,93.63,90.91,95.68,60.25,66.37,128.81,122.92,82.95,86.96,15.66,4.68,33.72,-0.49,0.5,65.6,0.929,94.5,descent,elite,Elite biomechanics detected.,1
SES_SNA_ELI_0004,athlete_14,592,snatch,88.92,95.43,94.71,101.14,43.34,45.26,180,174.38,91.17,89.35,23.67,1.28,40.29,3.03,0.44,0,0.908,95.3,flight,elite,Great form! Maintain position.,19
SES_JAV_POO_0015,athlete_04,1909,javelin,155.42,148.56,161.63,163.07,128.14,149.63,164.34,163.6,68.21,60.89,52.11,1.91,22.23,2.77,0.47,0,0.584,26.9,takeoff,poor,Work on symmetry.,63
SES_JAV_AVE_0014,athlete_52,1687,javelin,128.52,119.45,168.49,159.96,135.18,148.36,137.59,151.68,88.22,79.96,55.23,0,29.45,0.4,0.41,0,0.644,67.0,setup,average,Lower your hips.,56
SES_SNA_POO_0007,athlete_54,868,snatch,121.51,126.88,157.25,139.0,80.06,82.83,153.45,135.29,79.95,72.06,49.6,3.09,29.02,3.78,0.43,0,0.672,42.4,landing,poor,Work on symmetry.,28
SES_SNA_POO_0007,athlete_79,888,snatch,132.9,141.06,141.68,143.01,79.01,68.9,154.9,160.37,74.57,69.81,49.46,1.83,32.0,4.97,0.38,0,0.699,42.7,flight,poor,Critical form deviation.,29
SES_SPR_AVE_0010,athlete_32,1206,sprint,67.12,76.31,116.61,123.41,89.41,93.49,107.39,110.08,83.36,80.74,24.83,1.97,20.64,0.35,0.51,0,0.741,61.5,setup,average,Control trunk lean.,40
SES_CRI_ELI_0016,athlete_76,2019,cricket_bat,122.33,122.99,134.0,139.33,79.78,90.56,149.95,143.03,87.25,93.44,19.35,2.15,51.96,3.27,0.46,0,0.806,95.0,descent,elite,Hold this form.,67
SES_CRI_AVE_0018,athlete_59,2164,cricket_bat,150.49,141.96,150.42,152.48,125.2,108.51,144.16,159.95,78.87,93.87,35.68,3.51,36.71,4.25,0.4,0,0.699,64.0,setup,average,Activate core more.,72
SES_SNA_POO_0007,athlete_11,910,snatch,134.78,120.68,151.77,144.53,94.49,78.17,128.27,152.05,73.3,77.57,42.25,2.14,29.83,1.47,0.37,0,0.674,44.4,descent,poor,Work on symmetry.,30
SES_JAV_POO_0015,athlete_28,1836,javelin,156.72,152.75,174.28,168.0,118.87,135.52,147.33,162.79,68.71,66.47,51.87,1.63,30.33,3.74,0.48,0,0.582,30.9,setup,poor,LOWER HIPS!,61
SES_VER_AVE_0002,athlete_29,311,vertical_jump,110.91,119.04,131.8,118.36,67.28,92.91,143.25,143.69,76.35,70.84,31.62,0.52,14.14,-2.09,0.44,42.1,0.747,69.6,descent,average,Activate core more.,10
SES_CRI_ELI_0016,athlete_64,1992,cricket_bat,114.36,124.37,125.6,130.87,83.07,94.62,138.95,147.83,79.47,99.12,18.17,2.29,48.83,2.19,0.45,0,0.781,97.1,descent,elite,Hold this form.,66
SES_SPR_POO_0011,athlete_75,1344,sprint,92.06,85.33,131.89,128.41,109.48,109.29,118.86,135.31,89.38,86.0,36.2,5.1,21.29,-1.57,0.41,0,0.69,45.7,takeoff,poor,Work on symmetry.,44
SES_SNA_ELI_0004,athlete_04,495,snatch,87.79,94.16,99.07,99.76,52.62,45.84,178.25,174.04,94.48,93.32,23.68,1.11,30.16,-2.51,0.54,0,0.926,95.5,takeoff,elite,Elite biomechanics detected.,16
SES_SPR_GOO_0009,athlete_08,1149,sprint,56.38,56.16,101.63,108.56,79.44,84.34,108.16,94.11,76.1,84.28,13.23,0,22.24,0.22,0.41,0,0.828,83.6,setup,good,"Good depth, push harder through the heels.",38
SES_JAV_ELI_0012,athlete_68,1542,javelin,110.04,99.58,135.76,151.83,174.07,166.8,139.74,119.67,83.7,76.29,31.96,2.6,37.36,-1.48,0.52,0,0.716,94.5,descent,elite,Great form! Maintain position.,51
SES_SNA_POO_0007,athlete_54,860,snatch,121.51,129.78,158.59,158.97,79.22,82.38,146.11,147.46,69.95,66.24,49.85,3.09,29.02,3.78,0.43,0,0.699,41.8,flight,poor,Work on symmetry.,28
SES_JAV_AVE_0014,athlete_73,1768,javelin,120.14,120.81,165.83,164.21,140.45,152.58,143.69,145.39,78.87,81.48,38.75,2.63,19.34,0.28,0.43,0,0.675,56.8,flight,average,Control trunk lean.,58
SES_SNA_POO_0007,athlete_43,936,snatch,119.38,121.23,141.31,142.36,85.59,74.47,139.93,163.53,64.23,66.62,58.35,3.11,12.22,5.96,0.37,0,0.713,32.8,descent,poor,LOWER HIPS!,31
SES_SPR_GOO_0009,athlete_08,1142,sprint,58.74,62.05,96.63,103.56,79.3,71.84,77.86,101.66,76.16,80.27,22.76,0,22.24,0.22,0.41,0,0.812,82.9,setup,good,"Good depth, push harder through the heels.",38
SES_JAV_GOO_0013,athlete_50,1570,javelin,118.8,120.86,157.5,160.99,157.15,155.09,140.49,138.51,94.32,83.23,43.84,2.9,45.79,3.05,0.55,0,0.728,74.1,descent,good,"Good depth, push harder through the heels.",52
SES_SNA_ELI_0004,athlete_35,547,snatch,85.95,89.3,93.92,107.0,47.26,45.72,180,180,91.96,94.91,23.63,3.24,49.53,0.28,0.53,0,0.897,96.3,descent,elite,Elite biomechanics detected.,18
SES_VER_POO_0003,athlete_41,406,vertical_jump,127.48,138.19,139.75,132.93,92.2,96.7,130.54,150.69,64.83,72.25,33.68,1.08,32.9,5.5,0.59,9.6,0.66,48.7,takeoff,poor,Critical form deviation.,13
SES_SNA_GOO_0005,athlete_29,708,snatch,100.61,90.85,100.59,107.67,44.86,49.09,162.68,178.96,86.14,88.9,30.99,5.61,24.9,1.64,0.48,0,0.85,87.7,flight,good,Extend hips fully.,23
SES_SPR_GOO_0009,athlete_08,1165,sprint,53.67,52.7,106.29,103.16,86.4,94.59,87.29,100.18,81.95,74.98,13.95,0,22.24,0.22,0.41,0,0.836,84.6,takeoff,good,"Good depth, push harder through the heels.",38
SES_VER_POO_0003,athlete_19,433,vertical_jump,142.22,138.25,142.75,135.27,87.23,84.48,150.19,149.67,69.32,70.88,37.08,1.73,29.0,-2.4,0.51,24.0,0.676,38.7,takeoff,poor,Critical form deviation.,14
SES_JAV_ELI_0012,athlete_53,1508,javelin,102.55,100.02,151.28,154.07,172.05,167.14,121.39,118.15,81.16,85.99,39.32,0.72,20.53,-0.49,0.53,0,0.767,94.0,descent,elite,Great form! Maintain position.,50
SES_VER_ELI_0000,athlete_70,60,vertical_jump,89.38,92.11,90.84,99.71,52.61,70.79,111.4,148.09,80.4,76.92,14.46,0.25,28.33,2.73,0.46,77.0,0.924,90,setup,elite,Hold this form.,2
SES_SPR_POO_0011,athlete_06,1409,sprint,92.83,84.24,128.76,148.27,111.58,104.29,141.47,132.69,85.37,89.16,45.11,0,39.96,5.21,0.45,0,0.647,35.8,takeoff,poor,Adjust knee alignment.,46
SES_SNA_POO_0007,athlete_43,931,snatch,128.08,134.58,159.96,149.03,97.21,64.31,124.93,173.03,65.07,71.62,50.06,3.11,12.22,5.96,0.37,0,0.684,32.9,setup,poor,LOWER HIPS!,31
SES_JAV_ELI_0012,athlete_39,1489,javelin,103.61,101.92,146.85,151.7,159.5,164.35,137.94,120.28,86.61,89.2,35.26,3.11,36.26,1.08,0.56,0,0.765,94.5,takeoff,elite,Great form! Maintain position.,49
SES_CRI_GOO_0017,athlete_15,2129,cricket_bat,135.98,132.51,159.57,148.4,102.93,95.9,151.71,154.0,90.37,96.96,24.38,0.97,12.01,-2.16,0.36,0,0.751,83.9,flight,good,Slight asymmetry detected.,70
SES_JAV_AVE_0014,athlete_60,1736,javelin,132.35,120.32,159.0,165.65,137.72,144.91,157.24,150.28,85.15,85.7,49.86,3.8,21.97,3.08,0.59,0,0.64,65.2,flight,average,Activate core more.,57
SES_SNA_GOO_0005,athlete_22,630,snatch,98.61,94.9,103.71,104.85,51.2,41.63,158.81,163.66,75.2,81.78,31.44,1.84,29.67,4.16,0.43,0,0.885,80.8,setup,good,Slight asymmetry detected.,21
SES_SNA_GOO_0005,athlete_28,685,snatch,95.03,102.23,113.06,111.75,59.17,41.01,170.0,173.12,78.08,88.03,27.19,1.08,29.28,4.84,0.57,0,0.874,84.8,landing,good,"Good depth, push harder through the heels.",22
SES_CRI_POO_0019,athlete_38,2317,cricket_bat,164.18,155.77,160.39,158.62,111.98,112.67,150.0,156.11,77.82,76.69,49.49,1.56,20.79,1.4,0.53,0,0.601,30.4,setup,poor,Work on symmetry.,77
SES_SPR_GOO_0009,athlete_08,1148,sprint,58.53,60.36,96.63,103.56,74.44,80.24,103.16,94.78,71.1,80.91,15.28,0,22.24,0.22,0.41,0,0.819,83.1,setup,good,"Good depth, push harder through the heels.",38
SES_VER_GOO_0001,athlete_56,204,vertical_jump,90.96,100.69,102.59,113.97,74.84,68.51,126.07,131.98,79.05,88.37,17.18,0.17,23.46,3.3,0.55,44.2,0.815,82.1,landing,good,"Good depth, push harder through the heels.",6
SES_JAV_GOO_0013,athlete_32,1652,javelin,111.24,119.42,152.9,140.59,164.32,159.3,142.7,121.64,94.37,84.58,51.6,2.86,21.56,-0.94,0.54,0,0.694,81.3,setup,good,"Good depth, push harder through the heels.",55
SES_CRI_AVE_0018,athlete_33,2239,cricket_bat,146.06,142.77,157.73,156.15,98.69,106.88,174.71,159.39,83.72,81.63,40.65,0.2,16.78,4.95,0.41,0,0.71,63.2,takeoff,average,Activate core more.,74
SES_SNA_POO_0007,athlete_11,904,snatch,125.68,132.27,151.36,154.64,84.88,78.27,134.91,152.81,79.48,68.51,32.25,2.14,29.83,1.47,0.37,0,0.698,44.2,setup,poor,Work on symmetry.,30
SES_CRI_GOO_0017,athlete_69,2065,cricket_bat,127.35,132.49,152.08,136.84,97.24,99.61,162.53,144.24,89.03,93.79,27.88,2.76,28.84,4.74,0.53,0,0.738,83.1,flight,good,Slight asymmetry detected.,68
SES_SPR_ELI_0008,athlete_13,985,sprint,50.96,44.06,94.19,88.75,71.46,85.39,85.82,89.64,73.44,63.0,13.28,2.45,40.04,4.42,0.44,0,0.842,94.9,takeoff,elite,Great form! Maintain position.,32
SES_SPR_POO_0011,athlete_06,1385,sprint,94.61,104.73,141.86,132.45,122.05,111.46,142.9,122.58,89.73,84.81,54.24,0,39.96,5.21,0.45,0,0.668,34.3,setup,poor,Adjust knee alignment.,46
SES_SPR_ELI_0008,athlete_23,1041,sprint,54.17,47.19,101.44,86.56,75.57,68.82,88.35,81.41,73.53,75.06,14.7,0.7,42.08,0.04,0.55,0,0.817,93.1,takeoff,elite,Hold this form.,34
SES_SNA_ELI_0004,athlete_14,573,snatch,84.1,89.6,94.05,108.8,46.29,44.1,176.1,179.05,87.04,96.87,28.61,1.28,40.29,3.03,0.44,0,0.883,95.0,setup,elite,Great form! Maintain position.,19
SES_JAV_GOO_0013,athlete_50,1576,javelin,113.52,120.86,150.22,154.69,161.05,158.85,131.34,146.74,84.43,79.85,48.33,2.9,45.79,3.05,0.55,0,0.712,73.9,takeoff,good,"Good depth, push harder through the heels.",52
SES_CRI_AVE_0018,athlete_59,2183,cricket_bat,150.62,150.47,160.97,163.61,112.26,117.76,157.75,157.56,95.8,77.73,29.46,3.51,36.71,4.25,0.4,0,0.715,63.5,flight,average,Activate core more.,72
SES_JAV_GOO_0013,athlete_67,1641,javelin,110.45,108.99,156.61,159.01,169.57,157.66,143.6,137.46,83.42,79.16,42.67,2.8,33.22,3.51,0.54,0,0.731,82.2,takeoff,good,Extend hips fully.,54
SES_VER_AVE_0002,athlete_29,318,vertical_jump,119.96,127.08,123.2,118.97,78.68,90.99,146.37,128.0,75.38,71.82,24.77,0.52,14.14,-2.09,0.44,42.1,0.772,69.6,flight,average,Activate core more.,10
SES_JAV_POO_0015,athlete_47,1870,javelin,142.24,146.85,164.96,170.89,141.06,120.12,156.68,161.73,78.5,73.29,52.09,4.82,22.78,-0.61,0.3,0,0.579,42.3,descent,poor,Critical form deviation.,62
SES_CRI_AVE_0018,athlete_33,2244,cricket_bat,141.06,146.01,152.73,154.77,100.81,111.64,166.34,144.39,90.29,89.01,45.65,0.2,16.78,4.95,0.41,0,0.705,62.5,flight,average,Activate core more.,74
SES_SPR_AVE_0010,athlete_49,1293,sprint,69.21,65.79,117.42,105.8,86.91,101.17,123.94,106.07,87.18,85.73,19.89,0.95,27.31,6.44,0.43,0,0.755,70.1,setup,average,Control trunk lean.,43
SES_SPR_ELI_0008,athlete_61,1073,sprint,41.01,45.46,81.03,93.85,71.95,80.57,95.01,94.42,78.03,65.77,6.9,3.43,35.85,2.18,0.64,0,0.82,98.3,takeoff,elite,Hold this form.,35
SES_VER_ELI_0000,athlete_21,19,vertical_jump,95.02,92.15,102.8,90.12,54.31,64.96,109.9,121.28,87.71,87.27,8.39,3.75,40.25,2.33,0.48,49.9,0.914,91.8,flight,elite,Great form! Maintain position.,0
SES_VER_AVE_0002,athlete_13,332,vertical_jump,109.83,110.39,127.82,119.5,58.26,86.45,117.12,131.66,82.36,79.66,28.1,1.86,26.22,-0.99,0.57,41.1,0.779,65.5,setup,average,Lower your hips.,11
SES_VER_POO_0003,athlete_19,426,vertical_jump,130.54,125.25,143.44,152.07,73.68,82.47,165.19,140.97,76.09,79.91,32.08,1.73,29.0,-2.4,0.51,24.0,0.67,38.4,descent,poor,Critical form deviation.,14
SES_JAV_ELI_0012,athlete_53,1519,javelin,111.73,102.49,151.74,143.95,171.8,166.02,117.82,126.43,81.72,85.56,33.83,0.72,20.53,-0.49,0.53,0,0.74,93.4,takeoff,elite,Great form! Maintain position.,50
SES_VER_ELI_0000,athlete_70,81,vertical_jump,86.97,93.06,97.77,93.8,60.77,63.97,125.41,121.26,84.79,89.93,13.49,0.25,28.33,2.73,0.46,77.0,0.927,92.5,flight,elite,Hold this form.,2
SES_JAV_GOO_0013,athlete_32,1654,javelin,111.24,119.42,152.9,144.81,154.32,159.3,144.53,131.64,84.37,75.02,42.26,2.86,21.56,-0.94,0.54,0,0.702,81.4,setup,good,"Good depth, push harder through the heels.",55
SES_SNA_ELI_0004,athlete_04,482,snatch,89.4,87.12,96.23,94.75,51.93,44.73,175.0,176.55,89.61,94.89,24.6,1.11,30.16,-2.51,0.54,0,0.938,94.5,setup,elite,Elite biomechanics detected.,16
SES_SPR_POO_0011,athlete_75,1346,sprint,92.06,87.05,135.54,130.15,109.48,109.29,128.86,140.02,79.84,92.71,36.2,5.1,21.29,-1.57,0.41,0,0.692,45.7,takeoff,poor,Work on symmetry.,44
SES_SNA_AVE_0006,athlete_37,725,snatch,90.2,107.92,125.22,129.66,61.45,81.26,161.75,151.94,83.7,78.75,38.42,2.23,18.49,3.17,0.51,0,0.75,68.4,setup,average,Activate core more.,24
SES_CRI_POO_0019,athlete_48,2391,cricket_bat,156.1,154.6,166.27,161.14,141.53,128.35,174.02,171.64,76.32,72.25,56.68,2.94,17.15,5.67,0.57,0,0.608,49.6,takeoff,poor,Critical form deviation.,79
SES_CRI_AVE_0018,athlete_72,2274,cricket_bat,146.67,135.82,159.74,167.65,105.24,115.12,158.44,162.09,77.9,84.33,36.28,1.09,28.62,1.85,0.4,0,0.683,60.0,flight,average,Control trunk lean.,75
SES_VER_AVE_0002,athlete_29,317,vertical_jump,114.96,122.08,120.59,121.55,77.28,85.99,151.37,133.0,70.38,76.82,19.77,0.52,14.14,-2.09,0.44,42.1,0.779,69.2,takeoff,average,Activate core more.,10
SES_JAV_AVE_0014,athlete_66,1796,javelin,130.94,121.88,173.92,164.99,140.64,123.74,137.85,158.53,77.85,78.43,50.36,1.12,29.98,1.94,0.39,0,0.644,56.1,flight,average,Control trunk lean.,59
SES_VER_ELI_0000,athlete_70,79,vertical_jump,86.97,84.73,97.77,93.8,60.77,63.97,127.53,121.26,84.79,89.93,14.56,0.25,28.33,2.73,0.46,77.0,0.94,92.0,flight,elite,Hold this form.,2
SES_JAV_AVE_0014,athlete_73,1763,javelin,131.05,110.08,160.83,172.55,154.28,148.06,147.09,160.39,77.04,83.44,46.16,2.63,19.34,0.28,0.43,0,0.61,56.6,flight,average,Control trunk lean.,58
SES_CRI_GOO_0017,athlete_69,2047,cricket_bat,140.18,128.62,147.81,149.12,100.22,100.44,160.87,152.74,92.78,87.96,20.75,2.76,28.84,4.74,0.53,0,0.753,83.0,setup,good,Slight asymmetry detected.,68
SES_VER_POO_0003,athlete_61,365,vertical_jump,136.95,134.99,145.85,141.18,90.07,67.12,152.22,137.95,55.19,63.84,51.49,0.87,26.15,-1.22,0.45,17.9,0.686,39.0,setup,poor,Critical form deviation.,12
SES_VER_POO_0003,athlete_19,432,vertical_jump,137.22,133.25,147.75,136.72,92.23,89.48,145.19,144.67,71.88,65.88,32.08,1.73,29.0,-2.4,0.51,24.0,0.669,38.6,takeoff,poor,Critical form deviation.,14
SES_SNA_POO_0007,athlete_43,932,snatch,133.08,139.58,154.96,144.03,95.59,69.31,129.93,177.48,70.07,66.62,47.8,3.11,12.22,5.96,0.37,0,0.684,33.3,setup,poor,LOWER HIPS!,31
SES_CRI_ELI_0016,athlete_44,1972,cricket_bat,119.73,127.97,133.32,135.62,84.43,82.64,148.08,151.72,97.64,81.92,22.68,0.49,26.81,2.6,0.45,0,0.794,95.4,takeoff,elite,Great form! Maintain position.,65
SES_CRI_GOO_0017,athlete_79,2085,cricket_bat,122.52,122.72,144.91,143.85,89.28,102.31,147.31,159.55,95.69,90.3,29.53,1.85,32.24,0.43,0.5,0,0.777,76.9,takeoff,good,"Good depth, push harder through the heels.",69
SES_SPR_ELI_0008,athlete_41,1001,sprint,48.03,52.1,94.66,84.06,64.39,75.47,78.02,80.09,77.63,73.05,13.93,1.95,22.47,7.38,0.51,0,0.841,93.4,descent,elite,Great form! Maintain position.,33
SES_VER_POO_0003,athlete_50,476,vertical_jump,126.9,127.95,148.34,136.12,92.52,100.03,150.47,135.71,63.18,72.28,38.92,0.96,34.75,4.16,0.45,15.6,0.673,34.8,landing,poor,Work on symmetry.,15
SES_CRI_ELI_0016,athlete_64,1990,cricket_bat,124.36,124.56,125.6,137.34,86.79,88.53,138.59,153.43,81.58,90.01,28.17,2.29,48.83,2.19,0.45,0,0.791,97.9,descent,elite,Hold this form.,66
SES_VER_ELI_0000,athlete_21,17,vertical_jump,100.3,84.88,102.8,96.86,54.31,56.62,109.9,131.28,87.71,87.27,9.02,3.75,40.25,2.33,0.48,49.9,0.897,91.5,takeoff,elite,Great form! Maintain position.,0
SES_VER_AVE_0002,athlete_29,320,vertical_jump,109.96,123.83,123.2,117.69,79.42,90.99,149.43,123.22,77.68,81.82,24.77,0.52,14.14,-2.09,0.44,42.1,0.749,69.0,flight,average,Activate core more.,10
SES_CRI_GOO_0017,athlete_69,2052,cricket_bat,130.17,127.95,158.79,149.6,85.22,95.34,155.87,156.61,87.78,94.21,24.28,2.76,28.84,4.74,0.53,0,0.758,82.9,descent,good,Slight asymmetry detected.,68
SES_VER_ELI_0000,athlete_79,102,vertical_jump,98.89,94.68,91.8,93.2,61.53,57.7,125.76,98.79,84.52,85.76,11.0,0.86,31.29,1.49,0.51,63.6,0.943,91.4,takeoff,elite,Hold this form.,3
SES_CRI_GOO_0017,athlete_15,2106,cricket_bat,134.72,125.92,145.68,147.81,92.69,98.8,159.59,151.76,88.58,83.83,23.85,0.97,12.01,-2.16,0.36,0,0.756,82.4,setup,good,Slight asymmetry detected.,70
SES_VER_ELI_0000,athlete_79,110,vertical_jump,85.75,91.91,97.8,98.64,61.53,60.47,102.47,116.69,79.99,82.13,10.55,0.86,31.29,1.49,0.51,63.6,0.936,92.4,flight,elite,Hold this form.,3
SES_JAV_POO_0015,athlete_28,1855,javelin,144.21,150.38,165.0,177.97,131.35,143.24,178.78,169.65,78.56,78.0,70.88,1.63,30.33,3.74,0.48,0,0.564,32.4,flight,poor,LOWER HIPS!,61
SES_SPR_POO_0011,athlete_29,1420,sprint,97.06,98.8,130.24,132.51,95.42,98.25,125.64,132.06,99.1,94.78,30.55,1.78,12.02,4.96,0.53,0,0.709,35.8,descent,poor,Critical form deviation.,47
SES_SPR_AVE_0010,athlete_04,1235,sprint,68.78,71.75,127.52,117.4,86.21,86.0,131.97,115.4,78.59,81.93,30.46,2.26,17.05,4.37,0.56,0,0.763,66.3,setup,average,Lower your hips.,41
SES_SPR_ELI_0008,athlete_23,1043,sprint,50.94,49.94,96.87,92.66,75.57,78.82,94.18,82.83,73.53,75.98,14.7,0.7,42.08,0.04,0.55,0,0.881,92.7,takeoff,elite,Hold this form.,34
SES_CRI_AVE_0018,athlete_15,2208,cricket_bat,154.48,154.23,159.73,156.96,108.62,113.22,164.14,167.61,94.0,81.48,35.47,0.11,23.44,0.01,0.47,0,0.714,65.9,takeoff,average,Activate core more.,73
SES_JAV_POO_0015,athlete_28,1858,javelin,149.21,145.38,170.0,173.13,126.35,141.59,173.78,172.7,73.56,79.19,67.9,1.63,30.33,3.74,0.48,0,0.587,32.5,flight,poor,LOWER HIPS!,61
SES_CRI_ELI_0016,athlete_76,2026,cricket_bat,123.11,122.01,142.75,129.56,90.58,87.65,145.8,144.52,95.56,86.17,17.08,2.15,51.96,3.27,0.46,0,0.79,94.7,takeoff,elite,Hold this form.,67
SES_VER_AVE_0002,athlete_48,282,vertical_jump,118.01,112.56,128.77,110.99,62.49,90.36,145.83,133.9,74.4,75.51,25.49,2.17,34.4,4.18,0.43,27.5,0.745,63.5,takeoff,average,Lower your hips.,9
SES_SPR_POO_0011,athlete_06,1383,sprint,94.61,108.73,131.86,132.45,114.76,101.46,142.9,132.58,80.45,74.81,44.24,0,39.96,5.21,0.45,0,0.674,34.7,setup,poor,Adjust knee alignment.,46
SES_SPR_GOO_0009,athlete_49,1122,sprint,66.58,66.04,102.03,111.37,100.2,82.51,97.68,103.41,72.36,77.33,26.38,1.23,33.46,-2.28,0.42,0,0.82,79.1,descent,good,Extend hips fully.,37
SES_JAV_ELI_0012,athlete_49,1442,javelin,101.64,109.44,145.36,151.06,166.75,163.17,117.11,130.62,74.14,94.6,26.59,1.47,27.08,1.79,0.39,0,0.745,95.2,setup,elite,Great form! Maintain position.,48
SES_SPR_AVE_0010,athlete_49,1313,sprint,74.95,66.72,128.15,121.19,90.28,111.17,114.78,107.53,86.14,89.74,21.51,0.95,27.31,6.44,0.43,0,0.751,70.8,takeoff,average,Control trunk lean.,43
SES_CRI_ELI_0016,athlete_44,1954,cricket_bat,110.78,119.09,138.88,131.27,86.64,79.25,129.71,138.0,99.14,84.14,20.79,0.49,26.81,2.6,0.45,0,0.781,97.4,setup,elite,Great form! Maintain position.,65
SES_CRI_GOO_0017,athlete_79,2074,cricket_bat,124.2,121.48,149.55,142.0,99.58,117.01,156.32,142.44,87.43,89.88,14.53,1.85,32.24,0.43,0.5,0,0.758,75.1,setup,good,"Good depth, push harder through the heels.",69
SES_VER_POO_0003,athlete_19,424,vertical_jump,125.07,122.87,141.69,155.22,83.68,82.47,170.0,130.97,66.09,81.04,23.97,1.73,29.0,-2.4,0.51,24.0,0.666,37.6,setup,poor,Critical form deviation.,14
SES_SPR_AVE_0010,athlete_67,1282,sprint,61.81,78.09,112.51,117.53,86.05,107.54,106.03,117.99,89.63,86.16,27.37,1.85,28.51,1.34,0.4,0,0.708,65.8,takeoff,average,Lower your hips.,42
SES_SNA_POO_0007,athlete_11,915,snatch,135.13,125.48,136.77,148.52,79.49,73.19,133.27,139.56,79.27,78.35,41.74,2.14,29.83,1.47,0.37,0,0.673,44.4,takeoff,poor,Work on symmetry.,30
SES_SPR_AVE_0010,athlete_04,1257,sprint,68.22,68.52,109.38,113.63,91.2,83.95,94.61,120.02,81.53,79.5,36.36,2.26,17.05,4.37,0.56,0,0.787,65.4,takeoff,average,Lower your hips.,41
SES_JAV_AVE_0014,athlete_73,1744,javelin,136.8,139.46,158.0,165.08,131.24,141.79,139.53,136.67,84.25,84.23,56.69,2.63,19.34,0.28,0.43,0,0.661,57.5,setup,average,Control trunk lean.,58
SES_JAV_POO_0015,athlete_10,1821,javelin,140.58,149.17,169.19,177.11,128.6,135.98,159.02,153.14,62.61,74.08,64.89,3.18,27.74,-0.11,0.37,0,0.568,54.1,takeoff,poor,LOWER HIPS!,60
SES_CRI_GOO_0017,athlete_79,2078,cricket_bat,136.02,114.38,149.55,143.31,95.68,107.01,152.31,142.44,91.86,84.84,14.53,1.85,32.24,0.43,0.5,0,0.72,75.7,descent,good,"Good depth, push harder through the heels.",69
SES_JAV_ELI_0012,athlete_49,1469,javelin,106.63,105.28,151.99,147.41,178.45,170.12,129.3,125.98,86.93,82.99,37.68,1.47,27.08,1.79,0.39,0,0.767,94.4,flight,elite,Great form! Maintain position.,48
SES_CRI_AVE_0018,athlete_33,2240,cricket_bat,141.06,146.01,162.73,151.6,100.81,101.88,169.71,164.39,88.72,76.66,35.65,0.2,16.78,4.95,0.41,0,0.689,63.5,takeoff,average,Activate core more.,74
SES_CRI_GOO_0017,athlete_79,2073,cricket_bat,124.03,116.48,154.55,143.37,104.58,122.01,155.71,137.9,82.43,84.88,12.27,1.85,32.24,0.43,0.5,0,0.74,74.7,setup,good,"Good depth, push harder through the heels.",69
SES_SNA_AVE_0006,athlete_23,766,snatch,112.8,106.37,129.03,127.16,70.85,62.51,165.5,168.85,70.73,84.29,40.22,1.02,17.89,-0.36,0.51,0,0.799,58.4,takeoff,average,Lower your hips.,25
SES_VER_POO_0003,athlete_61,378,vertical_jump,126.53,138.31,137.04,138.52,89.29,93.33,145.31,135.25,68.01,82.14,39.83,0.87,26.15,-1.22,0.45,17.9,0.669,38.4,flight,poor,Critical form deviation.,12
SES_VER_GOO_0001,athlete_46,125,vertical_jump,97.44,103.86,103.04,101.57,66.16,71.17,141.14,126.87,79.56,81.47,6.73,2.67,21.85,4.22,0.41,47.7,0.856,77.4,setup,good,Extend hips fully.,4
SES_VER_GOO_0001,athlete_46,131,vertical_jump,105.6,99.49,111.85,97.62,66.16,77.39,136.83,126.87,78.92,85.82,21.41,2.67,21.85,4.22,0.41,47.7,0.824,77.6,descent,good,Extend hips fully.,4
SES_SPR_POO_0011,athlete_75,1349,sprint,87.06,84.26,132.5,135.15,104.48,104.29,133.86,145.02,94.84,87.71,41.2,5.1,21.29,-1.57,0.41,0,0.704,45.1,takeoff,poor,Work on symmetry.,44
SES_VER_POO_0003,athlete_41,411,vertical_jump,137.23,134.13,142.34,127.26,93.09,91.7,128.63,164.38,69.83,72.88,40.84,1.08,32.9,5.5,0.59,9.6,0.661,48.4,flight,poor,Critical form deviation.,13
SES_JAV_ELI_0012,athlete_39,1479,javelin,102.47,105.52,147.71,144.15,179.98,165.31,127.1,138.86,86.35,84.4,40.27,3.11,36.26,1.08,0.56,0,0.764,94.1,descent,elite,Great form! Maintain position.,49
SES_SPR_GOO_0009,athlete_16,1190,sprint,64.38,55.22,103.52,106.34,93.93,87.42,95.52,93.78,72.17,74.08,20.15,0.62,14.63,2.24,0.49,0,0.799,82.4,takeoff,good,"Good depth, push harder through the heels.",39
SES_SNA_GOO_0005,athlete_28,670,snatch,97.99,92.08,114.03,112.13,47.47,48.85,162.43,175.0,82.51,91.24,29.95,1.08,29.28,4.84,0.57,0,0.877,85.3,descent,good,"Good depth, push harder through the heels.",22
SES_JAV_POO_0015,athlete_47,1885,javelin,142.58,137.23,157.59,166.62,145.55,128.43,174.42,172.2,68.39,73.31,55.52,4.82,22.78,-0.61,0.3,0,0.572,41.6,flight,poor,Critical form deviation.,62
SES_CRI_ELI_0016,athlete_64,1989,cricket_bat,119.36,126.02,130.6,142.34,91.79,91.03,133.59,148.43,85.89,86.06,27.59,2.29,48.83,2.19,0.45,0,0.776,97.6,descent,elite,Hold this form.,66
SES_CRI_POO_0019,athlete_62,2345,cricket_bat,168.81,162.75,162.46,161.15,106.22,131.81,174.38,155.59,68.81,75.64,64.86,1.68,42.82,-3.36,0.41,0,0.607,31.5,setup,poor,Work on symmetry.,78
SES_SPR_ELI_0008,athlete_61,1051,sprint,38.76,46.53,79.61,85.65,80.88,69.07,88.15,84.69,68.65,73.14,13.35,3.43,35.85,2.18,0.64,0,0.817,99.7,setup,elite,Hold this form.,35
SES_SPR_GOO_0009,athlete_08,1161,sprint,65.95,60.29,101.63,100.83,92.82,93.97,97.29,100.48,79.52,84.98,16.9,0,22.24,0.22,0.41,0,0.822,84.7,takeoff,good,"Good depth, push harder through the heels.",38
SES_SNA_AVE_0006,athlete_11,801,snatch,94.72,96.37,121.9,116.57,67.64,68.4,170.15,163.86,74.27,80.52,38.1,2.17,24.04,5.39,0.42,0,0.802,62.5,flight,average,Activate core more.,26
SES_SPR_AVE_0010,athlete_67,1261,sprint,77.5,67.83,101.93,124.3,98.7,109.02,126.69,121.79,92.88,82.9,19.92,1.85,28.51,1.34,0.4,0,0.697,64.8,setup,average,Lower your hips.,42
SES_SPR_ELI_0008,athlete_13,972,sprint,48.74,55.04,82.99,96.03,86.54,77.36,88.08,81.51,66.44,73.89,13.07,2.45,40.04,4.42,0.44,0,0.814,93.5,descent,elite,Great form! Maintain position.,32
SES_CRI_POO_0019,athlete_25,2284,cricket_bat,164.11,160.0,165.04,159.66,140.31,127.65,175.58,162.31,73.49,83.82,49.31,4.06,24.64,1.83,0.39,0,0.603,35.6,setup,poor,Critical form deviation.,76
SES_SPR_ELI_0008,athlete_23,1036,sprint,46.92,51.98,98.81,91.62,78.52,73.79,90.19,94.04,77.22,71.47,5.77,0.7,42.08,0.04,0.55,0,0.846,93.7,descent,elite,Hold this form.,34
SES_SPR_AVE_0010,athlete_32,1202,sprint,78.83,66.08,118.16,112.5,78.45,102.2,118.29,114.91,87.87,84.46,21.29,1.97,20.64,0.35,0.51,0,0.737,62.0,setup,average,Control trunk lean.,40
SES_VER_AVE_0002,athlete_13,336,vertical_jump,114.14,124.79,123.65,122.31,68.26,71.38,127.12,131.66,76.01,79.66,18.1,1.86,26.22,-0.99,0.57,41.1,0.769,65.4,descent,average,Lower your hips.,11
SES_SNA_POO_0007,athlete_79,898,snatch,136.17,123.23,138.23,152.03,73.79,89.22,154.9,130.37,71.17,78.28,50.31,1.83,32.0,4.97,0.38,0,0.662,41.4,landing,poor,Critical form deviation.,29
SES_VER_GOO_0001,athlete_79,218,vertical_jump,98.87,101.72,108.29,92.49,81.49,64.64,140.21,121.45,84.03,87.15,16.05,1.96,23.98,1.93,0.46,37.9,0.828,79.1,descent,good,Slight asymmetry detected.,7
SES_VER_POO_0003,athlete_50,473,vertical_jump,139.19,132.95,149.45,148.92,87.52,101.8,145.47,142.95,62.08,77.28,39.36,0.96,34.75,4.16,0.45,15.6,0.685,34.9,flight,poor,Work on symmetry.,15
SES_JAV_POO_0015,athlete_04,1892,javelin,156.0,138.52,171.82,159.49,137.67,130.09,180,149.84,64.86,78.26,63.23,1.91,22.23,2.77,0.47,0,0.545,28.6,setup,poor,Work on symmetry.,63
SES_SNA_ELI_0004,athlete_27,529,snatch,88.58,86.6,92.93,103.11,36.64,32.24,174.02,180,94.42,93.26,21.35,0,22.75,-0.15,0.55,0,0.91,97.9,flight,elite,Hold this form.,17
SES_CRI_GOO_0017,athlete_79,2082,cricket_bat,130.37,125.36,149.78,143.46,84.28,97.31,142.31,149.34,90.69,94.84,24.53,1.85,32.24,0.43,0.5,0,0.756,76.9,descent,good,"Good depth, push harder through the heels.",69
SES_VER_GOO_0001,athlete_79,233,vertical_jump,99.12,96.18,101.82,102.69,68.33,68.79,139.71,135.31,89.52,82.3,19.91,1.96,23.98,1.93,0.46,37.9,0.869,78.2,flight,good,Slight asymmetry detected.,7
SES_CRI_AVE_0018,athlete_33,2228,cricket_bat,142.09,151.6,151.08,150.1,102.09,117.01,170.0,157.33,91.28,84.77,32.41,0.2,16.78,4.95,0.41,0,0.698,62.3,descent,average,Activate core more.,74
SES_JAV_POO_0015,athlete_10,1823,javelin,141.03,149.17,169.19,170.11,128.6,135.98,169.02,163.14,72.61,74.08,55.15,3.18,27.74,-0.11,0.37,0,0.581,53.5,flight,poor,LOWER HIPS!,60
SES_SNA_ELI_0004,athlete_27,524,snatch,94.74,84.57,107.61,98.49,42.5,46.38,180,173.26,92.76,96.39,13.63,0,22.75,-0.15,0.55,0,0.892,96.4,takeoff,elite,Hold this form.,17
SES_JAV_ELI_0012,athlete_49,1459,javelin,103.3,109.69,155.95,153.86,163.92,166.35,126.35,130.76,78.09,82.59,34.19,1.47,27.08,1.79,0.39,0,0.757,95.2,takeoff,elite,Great form! Maintain position.,48
SES_JAV_ELI_0012,athlete_68,1559,javelin,108.47,112.17,145.6,147.76,172.05,168.44,124.13,128.09,85.02,80.61,31.81,2.6,37.36,-1.48,0.52,0,0.765,96.5,flight,elite,Great form! Maintain position.,51
SES_SPR_AVE_0010,athlete_49,1311,sprint,73.15,71.29,128.15,115.11,90.28,101.17,106.49,112.89,79.64,89.74,21.51,0.95,27.31,6.44,0.43,0,0.762,70.1,takeoff,average,Control trunk lean.,43
SES_JAV_ELI_0012,athlete_68,1553,javelin,107.31,102.02,138.23,145.83,174.79,167.69,124.13,128.09,95.25,87.31,34.27,2.6,37.36,-1.48,0.52,0,0.749,96.6,flight,elite,Great form! Maintain position.,51
SES_SPR_AVE_0010,athlete_04,1231,sprint,82.08,81.75,128.27,127.11,76.21,73.04,141.91,127.19,75.21,81.93,46.2,2.26,17.05,4.37,0.56,0,0.796,66.3,setup,average,Lower your hips.,41
SES_SNA_POO_0007,athlete_11,900,snatch,130.65,144.82,159.68,148.35,84.88,88.27,130.96,172.81,84.32,78.51,38.1,2.14,29.83,1.47,0.37,0,0.669,43.1,setup,poor,Work on symmetry.,30
SES_SNA_AVE_0006,athlete_23,751,snatch,114.78,131.58,118.19,118.24,67.01,73.54,142.15,170.05,77.67,75.68,24.06,1.02,17.89,-0.36,0.51,0,0.776,56.9,setup,average,Lower your hips.,25
SES_JAV_GOO_0013,athlete_07,1616,javelin,101.87,110.68,155.78,152.4,152.53,155.55,133.16,135.06,82.34,78.9,45.48,3.92,21.2,1.99,0.58,0,0.708,81.9,flight,good,"Good depth, push harder through the heels.",53
SES_JAV_GOO_0013,athlete_07,1596,javelin,112.14,115.58,159.45,151.29,165.95,164.67,143.44,131.16,97.81,78.37,40.37,3.92,21.2,1.99,0.58,0,0.715,83.3,setup,good,"Good depth, push harder through the heels.",53
SES_CRI_POO_0019,athlete_62,2355,cricket_bat,170.95,173.51,162.02,157.14,132.04,123.44,172.02,175.59,77.45,87.65,47.18,1.68,42.82,-3.36,0.41,0,0.606,32.7,takeoff,poor,Work on symmetry.,78
SES_SNA_GOO_0005,athlete_43,611,snatch,86.87,93.74,107.9,111.07,44.55,47.34,173.06,172.54,83.78,84.07,28.06,0,19.66,0.14,0.6,0,0.867,78.7,descent,good,Extend hips fully.,20
SES_SPR_AVE_0010,athlete_04,1236,sprint,73.78,66.75,122.52,112.4,91.21,91.0,126.97,110.4,83.59,86.93,34.54,2.26,17.05,4.37,0.56,0,0.747,66.3,setup,average,Lower your hips.,41
SES_SPR_GOO_0009,athlete_27,1104,sprint,57.92,65.67,94.98,93.95,78.94,77.71,93.89,101.19,77.53,72.42,22.66,1.98,26.91,2.91,0.54,0,0.807,83.0,takeoff,good,Slight asymmetry detected.,36
SES_SNA_POO_0007,athlete_11,918,snatch,120.13,130.48,135.96,147.61,82.59,68.19,128.27,134.56,76.77,80.41,46.74,2.14,29.83,1.47,0.37,0,0.668,43.6,flight,poor,Work on symmetry.,30
SES_SPR_POO_0011,athlete_06,1399,sprint,92.06,92.55,138.76,137.45,101.05,99.48,142.02,132.58,101.6,86.1,50.75,0,39.96,5.21,0.45,0,0.716,35.8,descent,poor,Adjust knee alignment.,46
SES_SNA_POO_0007,athlete_54,852,snatch,120.52,133.84,132.73,146.77,69.22,76.29,136.11,147.46,66.36,65.72,49.24,3.09,29.02,3.78,0.43,0,0.655,41.7,takeoff,poor,Work on symmetry.,28
SES_JAV_GOO_0013,athlete_32,1662,javelin,123.04,109.22,143.24,154.49,157.72,153.69,151.0,131.0,80.86,74.97,34.86,2.86,21.56,-0.94,0.54,0,0.683,80.5,descent,good,"Good depth, push harder through the heels.",55
SES_SNA_POO_0007,athlete_54,849,snatch,125.52,129.96,138.46,153.56,70.23,81.29,135.3,157.79,81.36,70.53,43.5,3.09,29.02,3.78,0.43,0,0.677,42.4,descent,poor,Work on symmetry.,28
SES_VER_ELI_0000,athlete_21,11,vertical_jump,88.87,88.42,93.07,99.67,70.56,59.73,119.9,118.93,94.41,84.31,17.26,3.75,40.25,2.33,0.48,49.9,0.937,91.2,descent,elite,Great form! Maintain position.,0
SES_SNA_ELI_0004,athlete_27,517,snatch,86.58,88.33,106.76,92.44,46.51,39.62,178.68,180,92.29,84.56,25.51,0,22.75,-0.15,0.55,0,0.904,95.9,descent,elite,Hold this form.,17
SES_SNA_ELI_0004,athlete_14,587,snatch,92.14,85.99,98.39,101.83,39.75,44.28,178.04,180,93.06,85.96,21.54,1.28,40.29,3.03,0.44,0,0.919,96.0,takeoff,elite,Great form! Maintain position.,19
SES_VER_ELI_0000,athlete_21,9,vertical_jump,86.09,90.46,96.36,101.22,60.56,59.73,119.9,118.93,94.41,84.31,12.89,3.75,40.25,2.33,0.48,49.9,0.93,91.1,descent,elite,Great form! Maintain position.,0
SES_VER_POO_0003,athlete_50,456,vertical_jump,146.97,145.29,142.74,141.39,82.52,93.01,148.69,123.09,69.89,64.8,42.78,0.96,34.75,4.16,0.45,15.6,0.694,34.9,descent,poor,Work on symmetry.,15
SES_SNA_AVE_0006,athlete_11,803,snatch,104.08,101.86,126.9,126.57,66.26,72.64,170.15,153.86,80.46,80.52,38.1,2.17,24.04,5.39,0.42,0,0.813,62.0,flight,average,Activate core more.,26
SES_SPR_ELI_0008,athlete_61,1064,sprint,44.98,47.22,89.5,96.17,78.6,76.97,83.49,94.14,67.29,71.74,13.84,3.43,35.85,2.18,0.64,0,0.863,98.6,descent,elite,Hold this form.,35
SES_SNA_ELI_0004,athlete_27,510,snatch,78.35,86.04,108.54,107.05,45.88,29.46,173.54,177.36,90.88,77.61,31.21,0,22.75,-0.15,0.55,0,0.919,95.4,setup,elite,Hold this form.,17
SES_VER_AVE_0002,athlete_23,254,vertical_jump,109.76,106.51,119.8,116.53,72.09,75.33,140.84,156.51,73.21,77.13,25.01,1.55,37.69,-0.28,0.5,39.9,0.783,61.2,takeoff,average,Lower your hips.,8
SES_VER_GOO_0001,athlete_79,212,vertical_jump,108.87,103.38,94.44,101.31,82.69,75.69,130.21,131.45,87.0,90.22,17.04,1.96,23.98,1.93,0.46,37.9,0.843,80.2,setup,good,Slight asymmetry detected.,7
SES_VER_ELI_0000,athlete_79,104,vertical_jump,88.89,94.3,91.8,102.17,61.53,57.7,115.76,108.79,83.39,88.3,11.0,0.86,31.29,1.49,0.51,63.6,0.908,91.4,takeoff,elite,Hold this form.,3
SES_SPR_ELI_0008,athlete_13,981,sprint,41.31,47.72,100.61,93.19,78.91,78.82,95.82,79.64,63.44,75.06,7.86,2.45,40.04,4.42,0.44,0,0.831,94.9,takeoff,elite,Great form! Maintain position.,32
SES_SNA_ELI_0004,athlete_27,533,snatch,80.53,92.42,98.0,99.02,36.18,41.57,175.0,179.15,91.49,89.21,23.18,0,22.75,-0.15,0.55,0,0.903,97.2,flight,elite,Hold this form.,17
SES_SNA_POO_0007,athlete_54,856,snatch,122.7,123.9,140.43,140.16,79.22,82.38,146.11,157.46,64.91,65.04,29.85,3.09,29.02,3.78,0.43,0,0.716,42.1,takeoff,poor,Work on symmetry.,28
SES_JAV_AVE_0014,athlete_60,1731,javelin,128.51,135.32,162.69,161.52,141.33,140.23,149.7,156.24,77.07,81.28,48.86,3.8,21.97,3.08,0.59,0,0.662,65.2,takeoff,average,Activate core more.,57
SES_SNA_POO_0007,athlete_11,917,snatch,125.13,135.48,135.75,152.61,78.68,73.19,133.27,129.56,79.27,78.35,41.74,2.14,29.83,1.47,0.37,0,0.658,43.7,takeoff,poor,Work on symmetry.,30
SES_SPR_ELI_0008,athlete_13,977,sprint,51.65,47.23,96.98,93.19,91.32,72.36,93.08,86.19,72.59,74.76,19.04,2.45,40.04,4.42,0.44,0,0.863,93.7,descent,elite,Great form! Maintain position.,32
SES_VER_GOO_0001,athlete_56,192,vertical_jump,98.55,96.32,107.99,96.66,65.83,69.09,135.4,133.94,86.86,80.7,6.38,0.17,23.46,3.3,0.55,44.2,0.842,81.1,takeoff,good,"Good depth, push harder through the heels.",6
SES_CRI_POO_0019,athlete_25,2303,cricket_bat,153.4,153.94,154.83,163.17,130.88,123.19,165.0,163.41,85.67,85.19,59.37,4.06,24.64,1.83,0.39,0,0.603,34.3,flight,poor,Critical form deviation.,76
SES_SNA_GOO_0005,athlete_43,629,snatch,90.93,98.57,112.87,119.34,48.51,45.58,173.62,177.32,83.58,85.88,26.29,0,19.66,0.14,0.6,0,0.858,79.0,landing,good,Extend hips fully.,20
SES_SNA_GOO_0005,athlete_22,654,snatch,100.19,101.76,104.04,115.37,46.16,53.04,171.09,169.18,80.06,90.36,28.01,1.84,29.67,4.16,0.43,0,0.863,81.7,landing,good,Slight asymmetry detected.,21
SES_VER_ELI_0000,athlete_79,97,vertical_jump,96.92,97.04,92.13,92.77,61.83,54.34,120.01,117.35,89.12,85.21,9.32,0.86,31.29,1.49,0.51,63.6,0.958,90.9,descent,elite,Hold this form.,3
SES_VER_POO_0003,athlete_41,408,vertical_jump,132.7,128.19,139.75,131.6,92.2,96.7,125.94,159.38,64.83,77.88,35.84,1.08,32.9,5.5,0.59,9.6,0.672,48.8,flight,poor,Critical form deviation.,13
SES_SNA_AVE_0006,athlete_23,757,snatch,108.31,105.27,118.19,127.25,71.44,70.63,151.65,169.69,76.85,83.38,18.05,1.02,17.89,-0.36,0.51,0,0.789,57.5,descent,average,Lower your hips.,25
SES_VER_GOO_0001,athlete_56,186,vertical_jump,96.27,95.01,99.74,98.45,65.83,58.95,133.96,147.7,89.52,82.41,23.99,0.17,23.46,3.3,0.55,44.2,0.872,81.9,descent,good,"Good depth, push harder through the heels.",6
SES_VER_GOO_0001,athlete_52,163,vertical_jump,94.03,104.84,114.1,105.29,67.42,62.79,131.45,140.72,74.34,87.77,14.06,4.13,17.4,-1.83,0.55,44.6,0.822,80.7,takeoff,good,Extend hips fully.,5
SES_CRI_AVE_0018,athlete_59,2167,cricket_bat,145.49,146.96,145.55,163.28,117.53,113.51,139.16,154.95,83.87,84.87,31.78,3.51,36.71,4.25,0.4,0,0.68,64.5,setup,average,Activate core more.,72
SES_JAV_POO_0015,athlete_10,1820,javelin,145.58,154.17,167.12,173.04,123.6,140.98,164.02,158.14,67.61,69.08,65.88,3.18,27.74,-0.11,0.37,0,0.572,54.5,takeoff,poor,LOWER HIPS!,60
SES_JAV_AVE_0014,athlete_60,1733,javelin,119.15,135.32,158.85,167.64,137.08,139.91,152.24,146.24,80.15,81.33,58.86,3.8,21.97,3.08,0.59,0,0.623,65.2,flight,average,Activate core more.,57
SES_CRI_ELI_0016,athlete_44,1977,cricket_bat,120.44,116.48,145.25,136.39,90.57,96.32,163.32,162.74,87.9,86.66,16.38,0.49,26.81,2.6,0.45,0,0.792,96.1,flight,elite,Great form! Maintain position.,65
SES_CRI_GOO_0017,athlete_79,2095,cricket_bat,120.1,123.38,147.76,143.12,101.57,91.54,147.31,156.6,80.39,94.59,33.07,1.85,32.24,0.43,0.5,0,0.762,76.7,flight,good,"Good depth, push harder through the heels.",69
SES_SNA_ELI_0004,athlete_14,588,snatch,87.14,90.99,100.19,96.83,37.17,47.96,177.27,177.58,90.58,90.96,18.91,1.28,40.29,3.03,0.44,0,0.927,95.5,flight,elite,Great form! Maintain position.,19
SES_JAV_POO_0015,athlete_10,1828,javelin,136.03,156.64,178,169.74,133.6,130.34,174.02,159.1,65.95,82.16,58.57,3.18,27.74,-0.11,0.37,0,0.541,53.5,flight,poor,LOWER HIPS!,60
SES_CRI_AVE_0018,athlete_72,2260,cricket_bat,145.61,142.86,159.65,161.66,130.29,120.53,172.49,163.01,78.38,91.51,45.29,1.09,28.62,1.85,0.4,0,0.711,60.3,descent,average,Control trunk lean.,75
SES_SPR_ELI_0008,athlete_23,1049,sprint,52.32,57.78,88.27,86.1,66.63,75.24,84.18,83.15,78.1,75.88,10.92,0.7,42.08,0.04,0.55,0,0.861,91.5,takeoff,elite,Hold this form.,34
SES_CRI_POO_0019,athlete_25,2301,cricket_bat,146.3,161.02,157.01,163.17,130.88,133.19,165.0,171.32,79.28,86.73,58.86,4.06,24.64,1.83,0.39,0,0.578,34.2,takeoff,poor,Critical form deviation.,76
SES_CRI_AVE_0018,athlete_72,2256,cricket_bat,145.74,143.32,156.71,162.8,130.29,123.11,172.06,163.01,97.29,77.94,38.9,1.09,28.62,1.85,0.4,0,0.703,60.2,setup,average,Control trunk lean.,75
SES_SNA_POO_0007,athlete_54,840,snatch,150.52,117.29,129.49,135.35,84.8,72.67,102.93,136.89,55.01,79.6,32.04,3.09,29.02,3.78,0.43,0,0.641,44.2,setup,poor,Work on symmetry.,28
SES_SNA_AVE_0006,athlete_37,739,snatch,113.39,111.74,126.59,115.82,69.53,54.75,172.2,165.72,70.94,81.23,39.96,2.23,18.49,3.17,0.51,0,0.79,67.9,flight,average,Activate core more.,24
SES_VER_GOO_0001,athlete_56,190,vertical_jump,88.55,94.93,99.74,106.44,55.83,69.97,139.29,133.94,86.86,80.35,14.05,0.17,23.46,3.3,0.55,44.2,0.838,81.6,descent,good,"Good depth, push harder through the heels.",6
SES_JAV_ELI_0012,athlete_53,1501,javelin,105.66,102.31,141.75,145.73,159.02,167.63,137.8,133.15,77.65,88.6,46.5,0.72,20.53,-0.49,0.53,0,0.762,94.1,setup,elite,Great form! Maintain position.,50
SES_JAV_GOO_0013,athlete_67,1621,javelin,89.88,97.13,167.92,153.81,156.41,154.72,144.47,141.13,99.26,70.21,46.33,2.8,33.22,3.51,0.54,0,0.691,81.8,setup,good,Extend hips fully.,54
SES_CRI_AVE_0018,athlete_15,2192,cricket_bat,133.21,138.5,158.99,164.5,113.36,112.63,166.75,178.98,74.76,81.25,43.21,0.11,23.44,0.01,0.47,0,0.698,67.9,setup,average,Activate core more.,73
SES_VER_AVE_0002,athlete_13,352,vertical_jump,109.13,118.8,110.33,116.52,78.74,81.47,143.27,143.96,74.7,84.74,32.95,1.86,26.22,-0.99,0.57,41.1,0.757,65.2,flight,average,Lower your hips.,11
SES_JAV_AVE_0014,athlete_60,1725,javelin,118.51,128.77,159.36,160.94,142.85,151.35,145.33,156.54,74.81,80.6,46.83,3.8,21.97,3.08,0.59,0,0.651,65.2,takeoff,average,Activate core more.,57
SES_VER_AVE_0002,athlete_13,349,vertical_jump,110.06,115.21,119.58,111.52,73.74,86.05,142.12,146.17,66.56,77.91,26.21,1.86,26.22,-0.99,0.57,41.1,0.766,64.8,flight,average,Lower your hips.,11
SES_CRI_AVE_0018,athlete_33,2235,cricket_bat,150.99,141.67,153.95,154.69,98.69,107.29,175.0,158.67,93.72,79.98,36.28,0.2,16.78,4.95,0.41,0,0.7,62.6,takeoff,average,Activate core more.,74
SES_SPR_POO_0011,athlete_06,1396,sprint,97.26,94.29,144.42,132.45,96.05,114.48,137.02,137.58,94.04,89.43,49.53,0,39.96,5.21,0.45,0,0.686,34.9,descent,poor,Adjust knee alignment.,46
SES_CRI_ELI_0016,athlete_44,1969,cricket_bat,119.38,124.4,137.92,143.98,89.11,87.64,145.76,136.72,93.63,86.92,17.68,0.49,26.81,2.6,0.45,0,0.794,95.9,takeoff,elite,Great form! Maintain position.,65
SES_CRI_GOO_0017,athlete_69,2048,cricket_bat,135.18,133.62,152.81,144.12,95.22,103.11,155.87,157.74,87.78,86.63,25.75,2.76,28.84,4.74,0.53,0,0.759,83.0,descent,good,Slight asymmetry detected.,68
SES_SNA_GOO_0005,athlete_29,709,snatch,96.82,95.11,105.59,112.67,49.54,48.96,167.68,173.96,81.14,83.9,34.06,5.61,24.9,1.64,0.48,0,0.875,87.3,flight,good,Extend hips fully.,23
SES_CRI_POO_0019,athlete_38,2321,cricket_bat,161.8,151.75,161.89,158.62,119.19,131.14,160.0,155.58,69.18,79.63,52.21,1.56,20.79,1.4,0.53,0,0.595,30.9,descent,poor,Work on symmetry.,77
SES_VER_AVE_0002,athlete_29,329,vertical_jump,115.68,116.43,116.79,118.32,94.42,91.94,144.79,126.62,82.68,69.85,23.95,0.52,14.14,-2.09,0.44,42.1,0.794,70.1,landing,average,Activate core more.,10
SES_JAV_GOO_0013,athlete_07,1591,javelin,107.61,122.78,163.57,153.53,161.05,160.64,148.44,143.39,85.73,82.39,39.65,3.92,21.2,1.99,0.58,0,0.679,84.0,setup,good,"Good depth, push harder through the heels.",53
SES_SNA_POO_0007,athlete_43,943,snatch,121.77,133.19,137.16,136.41,73.82,83.54,142.28,151.33,69.23,69.54,54.23,3.11,12.22,5.96,0.37,0,0.69,32.6,takeoff,poor,LOWER HIPS!,31
SES_JAV_GOO_0013,athlete_50,1589,javelin,119.69,117.14,154.63,151.71,151.92,161.03,140.64,137.84,75.95,81.98,51.32,2.9,45.79,3.05,0.55,0,0.728,73.7,flight,good,"Good depth, push harder through the heels.",52
SES_CRI_GOO_0017,athlete_79,2093,cricket_bat,130.1,133.38,157.76,152.86,101.57,91.54,137.31,157.76,80.39,84.59,24.8,1.85,32.24,0.43,0.5,0,0.763,76.1,flight,good,"Good depth, push harder through the heels.",69
SES_CRI_ELI_0016,athlete_76,2015,cricket_bat,117.14,119.31,141.47,144.44,98.0,80.99,149.95,143.03,91.53,96.64,12.23,2.15,51.96,3.27,0.46,0,0.808,95.9,setup,elite,Hold this form.,67
SES_CRI_GOO_0017,athlete_69,2060,cricket_bat,136.67,131.16,157.4,149.51,96.26,106.51,157.53,146.61,74.03,96.29,31.12,2.76,28.84,4.74,0.53,0,0.753,83.7,takeoff,good,Slight asymmetry detected.,68
SES_JAV_GOO_0013,athlete_67,1647,javelin,108.71,118.48,154.72,155.68,158.52,151.52,142.49,138.49,81.64,87.55,46.88,2.8,33.22,3.51,0.54,0,0.711,81.3,flight,good,Extend hips fully.,54
SES_JAV_GOO_0013,athlete_32,1653,javelin,116.24,114.42,147.9,145.59,159.32,154.3,139.53,126.64,89.37,79.58,47.26,2.86,21.56,-0.94,0.54,0,0.731,81.7,setup,good,"Good depth, push harder through the heels.",55
SES_SNA_GOO_0005,athlete_43,623,snatch,98.27,96.62,108.07,108.39,48.51,53.22,165.59,180,83.99,85.88,33.73,0,19.66,0.14,0.6,0,0.894,79.8,flight,good,Extend hips fully.,20
SES_JAV_AVE_0014,athlete_60,1716,javelin,138.86,124.71,167.23,155.82,141.24,147.64,130.33,159.75,77.68,82.72,52.29,3.8,21.97,3.08,0.59,0,0.629,67.2,setup,average,Activate core more.,57
SES_SNA_POO_0007,athlete_54,861,snatch,126.51,130.39,162.05,153.97,81.51,77.38,143.86,149.34,64.95,69.65,44.85,3.09,29.02,3.78,0.43,0,0.696,41.7,flight,poor,Work on symmetry.,28
SES_SNA_POO_0007,athlete_54,867,snatch,126.51,127.41,159.82,144.0,75.16,87.83,148.45,140.29,84.95,77.06,44.6,3.09,29.02,3.78,0.43,0,0.688,42.2,landing,poor,Work on symmetry.,28
SES_SPR_ELI_0008,athlete_41,1012,sprint,48.72,44.53,91.12,86.86,73.6,79.26,95.53,96.98,73.02,74.94,16.23,1.95,22.47,7.38,0.51,0,0.86,93.2,takeoff,elite,Great form! Maintain position.,33
SES_SNA_POO_0007,athlete_79,896,snatch,136.17,127.33,141.68,142.03,78.48,86.28,144.9,140.37,71.17,79.02,50.31,1.83,32.0,4.97,0.38,0,0.7,41.5,landing,poor,Critical form deviation.,29
SES_SNA_GOO_0005,athlete_43,606,snatch,98.06,98.74,114.31,104.06,45.72,42.34,170.23,176.02,86.94,86.13,25.08,0,19.66,0.14,0.6,0,0.871,79.7,descent,good,Extend hips fully.,20
SES_JAV_AVE_0014,athlete_52,1708,javelin,124.7,137.21,158.71,157.66,133.97,139.78,150.87,159.45,74.77,71.56,42.15,0,29.45,0.4,0.41,0,0.648,66.3,flight,average,Lower your hips.,56
SES_JAV_GOO_0013,athlete_67,1634,javelin,100.43,113.88,166.06,164.51,151.24,151.6,138.99,136.25,83.94,88.21,32.63,2.8,33.22,3.51,0.54,0,0.697,81.9,descent,good,Extend hips fully.,54
SES_JAV_POO_0015,athlete_47,1876,javelin,147.74,142.19,163.13,160.89,131.06,133.56,162.25,161.73,70.43,70.09,55.89,4.82,22.78,-0.61,0.3,0,0.585,41.9,takeoff,poor,Critical form deviation.,62
SES_VER_POO_0003,athlete_41,401,vertical_jump,134.22,123.5,133.22,152.63,96.8,83.67,136.46,146.34,68.61,74.38,44.62,1.08,32.9,5.5,0.59,9.6,0.632,49.3,descent,poor,Critical form deviation.,13
SES_JAV_AVE_0014,athlete_52,1686,javelin,133.52,124.45,163.49,154.96,130.18,143.36,132.59,156.68,83.22,78.92,50.23,0,29.45,0.4,0.41,0,0.644,66.9,setup,average,Lower your hips.,56
SES_VER_AVE_0002,athlete_13,335,vertical_jump,112.82,121.63,125.02,124.5,63.26,76.38,122.12,136.66,81.01,74.66,23.1,1.86,26.22,-0.99,0.57,41.1,0.775,64.9,setup,average,Lower your hips.,11
SES_CRI_ELI_0016,athlete_73,1927,cricket_bat,116.74,123.53,142.73,149.72,96.24,91.41,140.6,146.16,92.4,93.65,14.33,1.45,35.74,1.94,0.43,0,0.788,94.0,setup,elite,Hold this form.,64
SES_CRI_POO_0019,athlete_48,2389,cricket_bat,166.1,154.6,156.27,161.14,141.53,128.35,169.33,171.64,78.69,81.57,53.93,2.94,17.15,5.67,0.57,0,0.59,49.5,takeoff,poor,Critical form deviation.,79
SES_SPR_AVE_0010,athlete_49,1295,sprint,69.21,65.79,126.91,115.8,96.91,111.17,117.62,116.07,80.19,89.04,24.63,0.95,27.31,6.44,0.43,0,0.759,70.3,setup,average,Control trunk lean.,43
SES_SNA_ELI_0004,athlete_04,494,snatch,82.79,89.16,104.07,102.98,47.62,42.55,176.03,179.04,92.99,90.28,18.68,1.11,30.16,-2.51,0.54,0,0.924,95.1,takeoff,elite,Elite biomechanics detected.,16
SES_CRI_AVE_0018,athlete_33,2248,cricket_bat,147.12,156.01,148.92,152.76,105.56,112.51,156.34,154.39,80.29,79.01,35.65,0.2,16.78,4.95,0.41,0,0.694,62.6,flight,average,Activate core more.,74
SES_VER_POO_0003,athlete_19,446,vertical_jump,124.37,140.09,138.05,134.22,91.53,90.68,158.5,159.45,75.59,66.75,58.79,1.73,29.0,-2.4,0.51,24.0,0.654,37.1,landing,poor,Critical form deviation.,14
SES_JAV_GOO_0013,athlete_32,1667,javelin,117.25,116.09,153.73,147.01,155.37,159.23,139.15,146.9,86.13,87.08,39.86,2.86,21.56,-0.94,0.54,0,0.724,80.5,takeoff,good,"Good depth, push harder through the heels.",55
SES_JAV_ELI_0012,athlete_49,1461,javelin,113.3,99.69,149.16,143.86,164.68,163.96,136.35,125.22,81.22,86.91,44.19,1.47,27.08,1.79,0.39,0,0.733,95.0,takeoff,elite,Great form! Maintain position.,48
SES_VER_ELI_0000,athlete_21,21,vertical_jump,95.02,93.43,92.8,100.12,54.31,64.96,118.25,128.69,97.71,86.12,12.45,3.75,40.25,2.33,0.48,49.9,0.931,92.0,flight,elite,Great form! Maintain position.,0
SES_JAV_ELI_0012,athlete_53,1509,javelin,107.47,105.02,148.56,149.07,167.05,162.14,116.39,123.15,86.16,81.56,37.33,0.72,20.53,-0.49,0.53,0,0.772,93.6,descent,elite,Great form! Maintain position.,50
SES_JAV_POO_0015,athlete_10,1813,javelin,150.0,138.5,172.53,169.77,128.43,129.44,149.02,148.38,68.54,73.81,57.46,3.18,27.74,-0.11,0.37,0,0.572,55.3,descent,poor,LOWER HIPS!,60
SES_CRI_AVE_0018,athlete_59,2172,cricket_bat,150.49,146.71,150.55,160.85,121.73,98.98,160.73,159.91,91.97,83.68,36.78,3.51,36.71,4.25,0.4,0,0.692,63.7,descent,average,Activate core more.,72
SES_JAV_ELI_0012,athlete_53,1510,javelin,102.47,110.02,153.56,151.84,162.05,162.85,121.39,118.15,83.92,86.56,32.33,0.72,20.53,-0.49,0.53,0,0.755,93.3,descent,elite,Great form! Maintain position.,50
SES_CRI_GOO_0017,athlete_69,2058,cricket_bat,126.67,131.16,147.4,143.82,95.31,96.86,157.06,156.61,84.03,95.59,23.59,2.76,28.84,4.74,0.53,0,0.762,83.0,takeoff,good,Slight asymmetry detected.,68
SES_VER_ELI_0000,athlete_49,54,vertical_jump,92.74,85.47,96.45,90.57,58.88,65.59,132.78,119.36,84.83,87.01,12.65,4.68,33.72,-0.49,0.5,65.6,0.918,93.8,landing,elite,Elite biomechanics detected.,1
SES_CRI_AVE_0018,athlete_33,2247,cricket_bat,146.06,151.01,152.58,157.76,100.56,116.64,161.34,149.39,85.29,84.01,40.65,0.2,16.78,4.95,0.41,0,0.7,62.8,flight,average,Activate core more.,74
SES_SNA_AVE_0006,athlete_11,780,snatch,103.72,110.48,104.78,133.49,81.04,74.58,166.8,164.34,95.02,76.22,51.27,2.17,24.04,5.39,0.42,0,0.737,63.6,setup,average,Activate core more.,26
SES_SNA_POO_0007,athlete_54,842,snatch,140.52,127.29,120.06,145.35,84.8,72.67,112.87,136.89,65.01,84.16,42.04,3.09,29.02,3.78,0.43,0,0.629,44.0,setup,poor,Work on symmetry.,28
SES_VER_ELI_0000,athlete_79,114,vertical_jump,92.72,90.95,92.51,96.73,63.91,65.86,110.27,125.8,85.13,84.04,7.58,0.86,31.29,1.49,0.51,63.6,0.941,92.4,landing,elite,Hold this form.,3
SES_SNA_AVE_0006,athlete_23,778,snatch,106.12,103.84,121.59,125.28,73.27,59.35,149.26,160.17,75.57,72.49,39.05,1.02,17.89,-0.36,0.51,0,0.804,58.8,landing,average,Lower your hips.,25
SES_JAV_POO_0015,athlete_28,1846,javelin,149.91,140.46,168.33,165.4,124.57,128.82,158.3,154.65,76.22,68.11,71.4,1.63,30.33,3.74,0.48,0,0.576,31.6,takeoff,poor,LOWER HIPS!,61
SES_SPR_GOO_0009,athlete_49,1120,sprint,66.58,56.21,103.21,111.37,90.2,74.58,97.68,103.41,80.97,77.33,20.86,1.23,33.46,-2.28,0.42,0,0.78,79.0,descent,good,Extend hips fully.,37
SES_SNA_POO_0007,athlete_11,909,snatch,129.78,118.65,152.52,139.53,89.49,83.17,129.91,157.05,68.3,73.51,37.25,2.14,29.83,1.47,0.37,0,0.669,44.3,descent,poor,Work on symmetry.,30
SES_VER_GOO_0001,athlete_56,201,vertical_jump,92.56,95.13,104.64,108.97,74.82,73.51,121.07,136.98,86.2,77.55,22.18,0.17,23.46,3.3,0.55,44.2,0.859,80.9,flight,good,"Good depth, push harder through the heels.",6
SES_JAV_ELI_0012,athlete_53,1512,javelin,96.73,100.02,143.56,150.09,170.19,159.74,121.39,128.15,83.92,81.06,32.84,0.72,20.53,-0.49,0.53,0,0.756,93.3,descent,elite,Great form! Maintain position.,50
SES_JAV_GOO_0013,athlete_32,1670,javelin,114.77,109.24,160.87,160.98,160.37,164.23,140.01,137.36,88.83,81.05,38.85,2.86,21.56,-0.94,0.54,0,0.725,80.7,takeoff,good,"Good depth, push harder through the heels.",55
SES_SNA_GOO_0005,athlete_28,683,snatch,95.03,102.24,105.06,109.06,66.21,41.01,180,175.9,82.94,88.03,27.46,1.08,29.28,4.84,0.57,0,0.866,84.8,flight,good,"Good depth, push harder through the heels.",22
SES_SNA_GOO_0005,athlete_29,702,snatch,103.32,100.85,114.06,104.69,50.16,50.29,170.0,172.46,88.33,84.69,26.57,5.61,24.9,1.64,0.48,0,0.868,87.5,takeoff,good,Extend hips fully.,23
SES_SPR_ELI_0008,athlete_23,1045,sprint,45.12,54.9,86.87,88.24,70.53,68.82,94.18,83.15,72.67,75.88,17.45,0.7,42.08,0.04,0.55,0,0.83,92.5,takeoff,elite,Hold this form.,34
SES_SNA_GOO_0005,athlete_28,667,snatch,92.99,91.43,119.03,102.69,52.47,49.01,173.07,177.27,80.26,80.91,34.5,1.08,29.28,4.84,0.57,0,0.854,85.6,descent,good,"Good depth, push harder through the heels.",22
SES_JAV_GOO_0013,athlete_67,1629,javelin,106.63,116.82,157.89,165.17,165.56,158.62,132.88,126.64,79.48,83.18,47.63,2.8,33.22,3.51,0.54,0,0.697,82.1,descent,good,Extend hips fully.,54
SES_VER_AVE_0002,athlete_48,272,vertical_jump,112.23,114.08,117.19,121.17,75.01,96.78,150.81,159.66,77.23,74.63,18.05,2.17,34.4,4.18,0.43,27.5,0.785,63.1,setup,average,Lower your hips.,9
SES_JAV_AVE_0014,athlete_52,1685,javelin,138.52,129.45,164.7,150.32,135.18,148.36,137.59,161.68,80.86,73.92,45.23,0,29.45,0.4,0.41,0,0.634,67.0,setup,average,Lower your hips.,56
SES_CRI_POO_0019,athlete_48,2390,cricket_bat,161.1,149.6,161.27,166.14,136.53,133.35,174.33,166.64,73.69,76.57,58.93,2.94,17.15,5.67,0.57,0,0.59,49.2,takeoff,poor,Critical form deviation.,79
SES_CRI_POO_0019,athlete_38,2311,cricket_bat,175,175,130.39,159.87,101.98,112.59,180,150.38,67.04,85.7,33.33,1.56,20.79,1.4,0.53,0,0.552,29.5,setup,poor,Work on symmetry.,77
SES_JAV_ELI_0012,athlete_39,1471,javelin,100.53,116.78,158.88,140.62,175.0,165.39,141.52,137.39,80.46,83.78,33.2,3.11,36.26,1.08,0.56,0,0.697,92.3,setup,elite,Great form! Maintain position.,49
SES_VER_AVE_0002,athlete_48,298,vertical_jump,119.33,103.67,119.97,119.32,82.55,67.71,123.26,145.01,77.68,71.54,20.05,2.17,34.4,4.18,0.43,27.5,0.759,62.9,landing,average,Lower your hips.,9
SES_VER_GOO_0001,athlete_56,206,vertical_jump,93.76,102.36,102.82,113.97,64.84,64.42,116.07,141.98,78.12,88.94,21.5,0.17,23.46,3.3,0.55,44.2,0.82,82.1,landing,good,"Good depth, push harder through the heels.",6
SES_SNA_AVE_0006,athlete_29,834,snatch,105.12,104.1,114.37,118.42,64.31,64.27,161.13,172.33,83.31,84.31,43.49,1.24,26.33,-0.49,0.41,0,0.806,64.7,landing,average,Control trunk lean.,27
SES_JAV_GOO_0013,athlete_07,1612,javelin,121.87,119.51,160.84,156.7,162.53,157.31,133.16,129.09,86.02,78.9,41.88,3.92,21.2,1.99,0.58,0,0.726,81.9,takeoff,good,"Good depth, push harder through the heels.",53
SES_JAV_POO_0015,athlete_04,1893,javelin,151.0,143.52,176.82,164.49,132.67,125.09,175.0,154.84,60.85,73.26,58.23,1.91,22.23,2.77,0.47,0,0.564,28.2,setup,poor,Work on symmetry.,63
SES_JAV_POO_0015,athlete_10,1812,javelin,155.0,140.28,167.53,174.77,126.24,134.44,154.02,143.38,73.54,77.85,52.46,3.18,27.74,-0.11,0.37,0,0.559,55.1,descent,poor,LOWER HIPS!,60
SES_SNA_POO_0007,athlete_79,892,snatch,141.44,131.06,151.68,140.07,88.48,74.1,154.9,150.37,64.74,73.67,31.66,1.83,32.0,4.97,0.38,0,0.675,42.2,flight,poor,Critical form deviation.,29
SES_CRI_POO_0019,athlete_62,2358,cricket_bat,157.41,168.51,153.11,162.14,137.04,134.72,178.29,180,84.84,81.5,49.76,1.68,42.82,-3.36,0.41,0,0.581,33.0,takeoff,poor,Work on symmetry.,78
SES_JAV_AVE_0014,athlete_52,1681,javelin,118.52,135.74,171.04,161.21,136.13,152.24,123.85,147.59,70.86,83.47,41.05,0,29.45,0.4,0.41,0,0.619,67.2,setup,average,Lower your hips.,56
SES_CRI_AVE_0018,athlete_72,2271,cricket_bat,137.09,135.62,161.76,163.98,100.24,110.82,153.44,172.26,80.34,89.33,26.17,1.09,28.62,1.85,0.4,0,0.713,60.1,takeoff,average,Control trunk lean.,75
SES_SPR_POO_0011,athlete_75,1322,sprint,97.35,80.96,133.0,120.37,136.25,113.32,120.23,120.27,87.55,97.53,33.24,5.1,21.29,-1.57,0.41,0,0.641,44.8,setup,poor,Work on symmetry.,44
SES_JAV_AVE_0014,athlete_60,1728,javelin,123.51,123.77,157.69,155.94,146.33,146.35,152.63,161.24,73.57,76.29,51.83,3.8,21.97,3.08,0.59,0,0.676,65.4,takeoff,average,Activate core more.,57
SES_CRI_AVE_0018,athlete_72,2262,cricket_bat,137.88,144.69,159.65,161.66,139.23,110.53,172.49,162.98,78.38,81.51,35.29,1.09,28.62,1.85,0.4,0,0.701,59.5,descent,average,Control trunk lean.,75
SES_SPR_GOO_0009,athlete_16,1182,sprint,57.47,55.92,106.66,96.04,85.86,87.34,96.5,98.49,70.64,74.08,28.37,0.62,14.63,2.24,0.49,0,0.812,81.9,descent,good,"Good depth, push harder through the heels.",39
SES_VER_ELI_0000,athlete_79,105,vertical_jump,93.89,89.41,96.8,97.17,56.53,52.7,112.21,113.79,84.42,87.31,14.3,0.86,31.29,1.49,0.51,63.6,0.945,91.6,takeoff,elite,Hold this form.,3
SES_VER_AVE_0002,athlete_29,321,vertical_jump,104.96,122.62,118.2,121.45,84.42,91.94,154.43,128.22,82.68,76.95,19.77,0.52,14.14,-2.09,0.44,42.1,0.741,68.9,flight,average,Activate core more.,10
SES_VER_ELI_0000,athlete_49,30,vertical_jump,105.68,92.12,82.62,92.56,57.5,62.3,113.11,110.78,87.4,78.47,8.21,4.68,33.72,-0.49,0.5,65.6,0.889,94.6,setup,elite,Elite biomechanics detected.,1
SES_SPR_ELI_0008,athlete_41,996,sprint,56.19,51.22,82.09,88.57,69.39,77.94,81.16,87.68,74.62,71.42,13.83,1.95,22.47,7.38,0.51,0,0.85,93.5,setup,elite,Great form! Maintain position.,33
SES_CRI_ELI_0016,athlete_76,2038,cricket_bat,115.67,119.83,139.27,144.09,90.58,89.59,147.39,137.18,93.2,87.79,22.6,2.15,51.96,3.27,0.46,0,0.799,95.2,flight,elite,Hold this form.,67
SES_SPR_AVE_0010,athlete_49,1316,sprint,79.95,63.12,115.45,121.34,85.28,105.42,109.78,109.28,81.14,74.74,18.28,0.95,27.31,6.44,0.43,0,0.722,70.9,takeoff,average,Control trunk lean.,43
SES_JAV_POO_0015,athlete_10,1800,javelin,175,152.36,158.63,178,150.88,141.14,121.25,137.2,79.65,73.28,62.46,3.18,27.74,-0.11,0.37,0,0.529,54,setup,poor,LOWER HIPS!,60
SES_SPR_POO_0011,athlete_29,1421,sprint,92.06,93.8,125.24,129.91,96.57,103.25,130.64,137.06,94.1,89.78,25.55,1.78,12.02,4.96,0.53,0,0.703,36.0,descent,poor,Critical form deviation.,47
SES_VER_POO_0003,athlete_61,360,vertical_jump,139.86,133.78,140.93,135.44,115.07,59.06,157.22,139.21,58.37,69.46,41.29,0.87,26.15,-1.22,0.45,17.9,0.675,38.4,setup,poor,Critical form deviation.,12
SES_CRI_GOO_0017,athlete_15,2124,cricket_bat,128.41,134.23,156.76,143.11,97.35,98.83,156.71,162.8,89.22,87.54,22.96,0.97,12.01,-2.16,0.36,0,0.74,83.2,flight,good,Slight asymmetry detected.,70
SES_SPR_POO_0011,athlete_29,1426,sprint,88.18,88.8,130.24,134.91,105.32,105.71,122.55,132.06,99.1,92.57,40.55,1.78,12.02,4.96,0.53,0,0.707,36.0,descent,poor,Critical form deviation.,47
SES_VER_ELI_0000,athlete_49,56,vertical_jump,92.74,95.47,92.44,90.57,63.3,55.59,122.78,109.36,84.83,85.18,9.05,4.68,33.72,-0.49,0.5,65.6,0.945,93.7,landing,elite,Elite biomechanics detected.,1
SES_JAV_AVE_0014,athlete_60,1739,javelin,135.81,125.32,164.0,157.11,142.72,141.41,149.19,165.28,85.8,80.88,46.79,3.8,21.97,3.08,0.59,0,0.644,65.8,flight,average,Activate core more.,57
SES_SNA_POO_0007,athlete_79,880,snatch,133.69,140.85,139.37,149.84,76.16,84.15,164.9,150.37,71.67,76.98,45.5,1.83,32.0,4.97,0.38,0,0.681,43.8,descent,poor,Critical form deviation.,29
SES_VER_GOO_0001,athlete_79,226,vertical_jump,103.86,101.82,110.18,112.69,76.08,82.3,131.29,130.31,94.28,87.15,13.35,1.96,23.98,1.93,0.46,37.9,0.867,79.2,takeoff,good,Slight asymmetry detected.,7
SES_JAV_POO_0015,athlete_28,1859,javelin,154.21,140.38,168.26,173.85,131.35,144.81,168.78,167.7,75.73,74.19,64.7,1.63,30.33,3.74,0.48,0,0.563,32.7,flight,poor,LOWER HIPS!,61
SES_CRI_AVE_0018,athlete_15,2218,cricket_bat,152.68,144.93,165.75,155.87,113.85,114.45,161.15,175.88,84.32,84.16,34.31,0.11,23.44,0.01,0.47,0,0.687,66.2,flight,average,Activate core more.,73
SES_VER_AVE_0002,athlete_48,283,vertical_jump,121.78,117.56,123.77,115.99,67.49,93.53,140.83,129.5,69.4,80.51,20.49,2.17,34.4,4.18,0.43,27.5,0.771,63.4,takeoff,average,Lower your hips.,9
SES_VER_ELI_0000,athlete_49,43,vertical_jump,98.36,93.49,95.91,90.97,61.34,63.34,133.55,125.6,83.18,79.7,12.22,4.68,33.72,-0.49,0.5,65.6,0.93,94.1,takeoff,elite,Elite biomechanics detected.,1
SES_SNA_GOO_0005,athlete_29,717,snatch,89.98,95.3,108.78,116.02,56.18,52.43,171.88,175.3,81.1,82.57,31.58,5.61,24.9,1.64,0.48,0,0.862,88.3,landing,good,Extend hips fully.,23
SES_JAV_POO_0015,athlete_04,1912,javelin,140.42,144.68,166.63,172.09,133.14,144.63,160.34,165.15,63.21,69.54,56.55,1.91,22.23,2.77,0.47,0,0.581,26.8,takeoff,poor,Work on symmetry.,63
SES_JAV_AVE_0014,athlete_66,1774,javelin,131.02,120.3,155.13,163.11,150.76,142.31,158.95,150.78,88.53,82.13,45.28,1.12,29.98,1.94,0.39,0,0.64,58.2,setup,average,Control trunk lean.,59
SES_SPR_AVE_0010,athlete_49,1291,sprint,59.21,65.79,127.42,115.8,86.91,98.67,119.44,113.06,77.18,87.19,19.89,0.95,27.31,6.44,0.43,0,0.739,70.1,setup,average,Control trunk lean.,43
SES_SPR_ELI_0008,athlete_61,1076,sprint,40.16,43.12,87.39,84.69,74.54,75.57,96.13,92.04,75.3,71.35,8.12,3.43,35.85,2.18,0.64,0,0.869,98.0,takeoff,elite,Hold this form.,35
SES_SPR_POO_0011,athlete_55,1360,sprint,86.99,87.99,130.53,134.71,97.61,103.88,121.6,129.4,98.9,91.37,35.52,1.53,22.2,7.52,0.52,0,0.707,29.9,descent,poor,LOWER HIPS!,45
SES_CRI_AVE_0018,athlete_33,2241,cricket_bat,136.06,141.01,157.73,146.6,105.81,106.64,174.71,159.39,91.52,81.66,40.65,0.2,16.78,4.95,0.41,0,0.688,63.2,takeoff,average,Activate core more.,74
SES_SPR_ELI_0008,athlete_13,971,sprint,53.74,50.04,87.99,91.03,81.54,72.36,93.08,82.98,71.09,68.89,18.07,2.45,40.04,4.42,0.44,0,0.869,93.1,descent,elite,Great form! Maintain position.,32
SES_JAV_GOO_0013,athlete_32,1650,javelin,117.7,129.42,142.9,140.59,174.32,159.3,151.46,128.95,104.37,94.58,57.01,2.86,21.56,-0.94,0.54,0,0.708,81.2,setup,good,"Good depth, push harder through the heels.",55
SES_JAV_ELI_0012,athlete_49,1440,javelin,106.4,99.44,144.8,151.34,166.75,169.38,107.11,140.62,81.97,86.27,26.59,1.47,27.08,1.79,0.39,0,0.747,95.1,setup,elite,Great form! Maintain position.,48
SES_JAV_ELI_0012,athlete_53,1500,javelin,110.66,107.31,146.75,150.73,154.02,165.73,142.8,138.15,82.65,93.6,51.5,0.72,20.53,-0.49,0.53,0,0.763,94.2,setup,elite,Great form! Maintain position.,50
SES_VER_POO_0003,athlete_41,412,vertical_jump,132.23,129.13,147.34,132.26,92.63,86.7,133.63,169.38,64.83,77.88,35.84,1.08,32.9,5.5,0.59,9.6,0.662,48.4,flight,poor,Critical form deviation.,13
SES_SPR_AVE_0010,athlete_67,1279,sprint,66.81,73.09,127.51,122.53,85.95,106.63,111.03,119.31,91.38,75.14,32.87,1.85,28.51,1.34,0.4,0,0.76,65.8,descent,average,Lower your hips.,42
SES_SNA_ELI_0004,athlete_35,546,snatch,90.95,84.41,98.92,112.0,42.26,41.44,179.5,179.08,96.96,92.33,22.84,3.24,49.53,0.28,0.53,0,0.889,96.4,descent,elite,Elite biomechanics detected.,18
SES_CRI_AVE_0018,athlete_72,2272,cricket_bat,142.09,130.62,162.62,161.77,105.24,115.12,158.44,167.26,85.34,84.33,31.17,1.09,28.62,1.85,0.4,0,0.694,60.3,takeoff,average,Control trunk lean.,75
SES_SPR_POO_0011,athlete_06,1389,sprint,92.13,96.93,149.42,122.45,107.53,118.15,142.9,122.58,88.49,94.81,51.41,0,39.96,5.21,0.45,0,0.65,35.1,setup,poor,Adjust knee alignment.,46
SES_SNA_ELI_0004,athlete_35,544,snatch,87.73,91.78,93.03,102.79,43.52,37.39,180,179.77,91.08,82.33,15.74,3.24,49.53,0.28,0.53,0,0.905,96.4,setup,elite,Elite biomechanics detected.,18
SES_SPR_POO_0011,athlete_75,1329,sprint,84.98,81.88,147.2,127.71,125.24,105.35,129.23,120.29,97.39,83.32,38.24,5.1,21.29,-1.57,0.41,0,0.669,44.7,setup,poor,Work on symmetry.,44
SES_CRI_GOO_0017,athlete_65,2150,cricket_bat,126.82,133.22,156.51,145.65,95.48,89.66,159.03,147.33,97.71,94.05,28.72,1.17,24.6,4.25,0.43,0,0.744,82.9,takeoff,good,"Good depth, push harder through the heels.",71
SES_SPR_GOO_0009,athlete_08,1166,sprint,55.96,47.7,101.29,107.07,81.4,96.34,82.29,105.18,80.99,71.82,18.95,0,22.24,0.22,0.41,0,0.789,84.8,takeoff,good,"Good depth, push harder through the heels.",38
SES_SNA_POO_0007,athlete_11,929,snatch,118.9,127.88,142.25,147.71,74.37,82.07,143.27,143.06,78.83,74.27,52.54,2.14,29.83,1.47,0.37,0,0.686,43.6,landing,poor,Work on symmetry.,30
SES_SNA_ELI_0004,athlete_04,493,snatch,81.14,84.16,99.07,100.78,42.62,42.36,177.7,177.06,93.42,85.28,23.68,1.11,30.16,-2.51,0.54,0,0.934,95.6,takeoff,elite,Elite biomechanics detected.,16
SES_CRI_POO_0019,athlete_48,2380,cricket_bat,158.79,167.32,171.27,160.99,132.45,132.8,174.94,174.46,83.11,76.95,52.93,2.94,17.15,5.67,0.57,0,0.586,51.0,descent,poor,Critical form deviation.,79
SES_JAV_POO_0015,athlete_10,1822,javelin,136.03,144.17,174.19,172.11,123.6,140.98,164.02,158.14,67.61,69.08,60.15,3.18,27.74,-0.11,0.37,0,0.578,53.9,takeoff,poor,LOWER HIPS!,60
SES_VER_AVE_0002,athlete_48,286,vertical_jump,110.38,113.17,118.77,120.08,82.49,81.81,145.83,144.5,84.4,76.08,25.49,2.17,34.4,4.18,0.43,27.5,0.789,63.8,takeoff,average,Lower your hips.,9
SES_CRI_AVE_0018,athlete_59,2173,cricket_bat,150.52,145.32,154.87,165.85,116.73,103.98,160.04,154.91,87.45,78.68,32.57,3.51,36.71,4.25,0.4,0,0.688,63.7,descent,average,Activate core more.,72
SES_JAV_ELI_0012,athlete_53,1521,javelin,111.73,102.49,151.74,153.91,171.8,172.3,127.82,125.94,86.34,85.56,40.01,0.72,20.53,-0.49,0.53,0,0.751,93.3,takeoff,elite,Great form! Maintain position.,50
SES_SPR_ELI_0008,athlete_61,1052,sprint,43.76,51.53,80.76,90.65,85.88,74.07,85.06,85.69,73.65,72.93,8.35,3.43,35.85,2.18,0.64,0,0.81,100,setup,elite,Hold this form.,35
SES_CRI_ELI_0016,athlete_76,2010,cricket_bat,128.64,113.86,132.55,142.47,78.95,88.85,154.95,142.8,93.15,90.69,22.58,2.15,51.96,3.27,0.46,0,0.765,95.5,setup,elite,Hold this form.,67
SES_CRI_AVE_0018,athlete_15,2194,cricket_bat,142.51,146.09,148.99,164.5,105.75,112.63,156.75,173.17,84.31,81.25,46.48,0.11,23.44,0.01,0.47,0,0.681,67.7,setup,average,Activate core more.,73
SES_SPR_AVE_0010,athlete_04,1234,sprint,73.78,76.75,122.52,122.4,81.21,81.0,136.91,120.4,83.59,86.93,35.46,2.26,17.05,4.37,0.56,0,0.788,65.9,setup,average,Lower your hips.,41
SES_SPR_GOO_0009,athlete_16,1197,sprint,55.88,57.51,101.48,101.49,84.93,83.94,110.52,96.09,85.49,74.5,18.72,0.62,14.63,2.24,0.49,0,0.841,82.0,takeoff,good,"Good depth, push harder through the heels.",39
SES_CRI_AVE_0018,athlete_59,2165,cricket_bat,145.49,146.96,145.42,153.28,120.2,113.51,149.16,164.95,83.87,94.87,35.35,3.51,36.71,4.25,0.4,0,0.701,63.8,setup,average,Activate core more.,72
SES_VER_GOO_0001,athlete_79,232,vertical_jump,94.12,101.18,106.82,101.63,67.89,72.3,134.71,130.31,84.52,86.2,14.91,1.96,23.98,1.93,0.46,37.9,0.843,78.2,flight,good,Slight asymmetry detected.,7
SES_CRI_GOO_0017,athlete_15,2118,cricket_bat,125.31,122.94,149.96,138.5,107.6,104.79,150.98,158.4,88.98,96.04,22.41,0.97,12.01,-2.16,0.36,0,0.751,83.1,takeoff,good,Slight asymmetry detected.,70
SES_CRI_GOO_0017,athlete_65,2157,cricket_bat,125.03,138.34,156.8,146.69,99.28,90.6,162.15,162.33,90.86,85.76,31.06,1.17,24.6,4.25,0.43,0,0.729,83.1,flight,good,"Good depth, push harder through the heels.",71
SES_CRI_GOO_0017,athlete_65,2134,cricket_bat,129.28,128.29,146.87,150.28,93.09,102.93,156.43,147.45,91.79,82.55,25.47,1.17,24.6,4.25,0.43,0,0.771,81.5,setup,good,"Good depth, push harder through the heels.",71
SES_SPR_POO_0011,athlete_29,1427,sprint,83.41,93.8,135.24,139.91,110.32,100.71,127.55,137.06,104.1,87.57,45.55,1.78,12.02,4.96,0.53,0,0.672,35.5,descent,poor,Critical form deviation.,47
SES_SPR_AVE_0010,athlete_49,1298,sprint,74.21,77.68,120.21,120.8,91.91,96.17,112.62,112.72,89.77,93.38,19.63,0.95,27.31,6.44,0.43,0,0.784,70.3,setup,average,Control trunk lean.,43
SES_SPR_AVE_0010,athlete_32,1221,sprint,65.05,76.02,142.78,120.36,89.35,94.91,106.24,115.48,75.35,82.59,29.61,1.97,20.64,0.35,0.51,0,0.702,60.0,takeoff,average,Control trunk lean.,40
SES_JAV_AVE_0014,athlete_66,1781,javelin,122.06,120.51,159.88,167.96,128.81,152.6,150.03,154.52,73.53,71.24,50.28,1.12,29.98,1.94,0.39,0,0.661,56.6,descent,average,Control trunk lean.,59
SES_VER_ELI_0000,athlete_21,5,vertical_jump,93.52,92.24,100.47,105.35,67.22,51.59,133.71,111.47,94.41,84.31,13.0,3.75,40.25,2.33,0.48,49.9,0.941,90.6,setup,elite,Great form! Maintain position.,0
SES_CRI_ELI_0016,athlete_73,1949,cricket_bat,113.97,126.43,141.93,137.8,96.03,87.44,142.29,143.77,79.21,91.11,16.31,1.45,35.74,1.94,0.43,0,0.778,95.6,flight,elite,Hold this form.,64
SES_CRI_ELI_0016,athlete_76,2021,cricket_bat,122.33,120.0,134.0,134.56,79.78,92.92,144.13,143.03,82.93,90.25,26.01,2.15,51.96,3.27,0.46,0,0.813,94.2,descent,elite,Hold this form.,67
SES_JAV_ELI_0012,athlete_49,1452,javelin,98.08,101.4,151.0,145.91,165.46,174.03,130.89,133.45,87.74,91.97,31.39,1.47,27.08,1.79,0.39,0,0.76,95.7,descent,elite,Great form! Maintain position.,48
SES_CRI_GOO_0017,athlete_79,2075,cricket_bat,124.66,116.48,154.55,139.46,94.58,112.01,151.32,137.44,92.43,94.88,19.53,1.85,32.24,0.43,0.5,0,0.731,75.0,setup,good,"Good depth, push harder through the heels.",69
SES_JAV_GOO_0013,athlete_32,1656,javelin,121.24,119.42,151.01,135.76,155.41,155.79,144.53,131.64,84.37,85.02,42.37,2.86,21.56,-0.94,0.54,0,0.705,81.0,setup,good,"Good depth, push harder through the heels.",55
SES_SPR_GOO_0009,athlete_27,1096,sprint,53.78,45.39,91.76,102.24,73.15,98.24,93.68,98.24,73.61,67.94,15.32,1.98,26.91,2.91,0.54,0,0.769,82.3,descent,good,Slight asymmetry detected.,36
SES_VER_POO_0003,athlete_61,373,vertical_jump,119.51,134.99,143.1,137.0,97.38,78.33,140.31,142.07,64.46,62.09,34.83,0.87,26.15,-1.22,0.45,17.9,0.648,38.9,takeoff,poor,Critical form deviation.,12
SES_SPR_ELI_0008,athlete_13,987,sprint,50.96,46.47,89.77,87.61,81.46,75.39,85.82,89.84,73.44,73.0,9.08,2.45,40.04,4.42,0.44,0,0.866,95.6,takeoff,elite,Great form! Maintain position.,32
SES_SPR_POO_0011,athlete_55,1361,sprint,91.99,92.99,125.53,139.71,101.35,108.88,116.6,134.4,93.9,90.32,40.52,1.53,22.2,7.52,0.52,0,0.683,30.2,descent,poor,LOWER HIPS!,45
SES_VER_GOO_0001,athlete_46,132,vertical_jump,100.6,104.49,106.85,100.65,65.52,75.64,141.31,121.87,75.36,89.52,25.34,2.67,21.85,4.22,0.41,47.7,0.851,77.5,takeoff,good,Extend hips fully.,4
SES_CRI_ELI_0016,athlete_44,1957,cricket_bat,125.78,119.69,130.8,144.94,81.64,92.72,144.71,143.0,87.24,83.52,20.29,0.49,26.81,2.6,0.45,0,0.773,96.9,setup,elite,Great form! Maintain position.,65
SES_SNA_AVE_0006,athlete_37,734,snatch,109.96,105.61,136.85,120.07,65.04,59.75,167.2,163.38,71.71,78.73,44.96,2.23,18.49,3.17,0.51,0,0.771,67.9,takeoff,average,Activate core more.,24
SES_JAV_POO_0015,athlete_10,1824,javelin,136.03,146.64,174.06,171.68,133.6,130.98,174.02,165.25,75.01,73.82,58.95,3.18,27.74,-0.11,0.37,0,0.572,53.8,flight,poor,LOWER HIPS!,60
SES_SNA_GOO_0005,athlete_28,663,snatch,92.88,105.18,99.49,105.69,59.87,47.83,172.81,176.34,77.43,73.45,24.66,1.08,29.28,4.84,0.57,0,0.842,85.3,setup,good,"Good depth, push harder through the heels.",22
SES_VER_AVE_0002,athlete_29,327,vertical_jump,115.21,126.43,112.42,126.97,94.42,81.94,144.79,120.62,72.68,69.85,23.95,0.52,14.14,-2.09,0.44,42.1,0.732,70.6,landing,average,Activate core more.,10
SES_VER_AVE_0002,athlete_23,258,vertical_jump,117.91,118.79,124.19,119.78,86.98,81.89,140.84,146.51,76.87,77.3,25.04,1.55,37.69,-0.28,0.5,39.9,0.787,62.3,flight,average,Lower your hips.,8
SES_SNA_AVE_0006,athlete_23,764,snatch,113.78,106.37,129.03,127.16,70.85,59.54,165.5,164.31,77.76,84.46,30.22,1.02,17.89,-0.36,0.51,0,0.796,57.9,takeoff,average,Lower your hips.,25
SES_VER_AVE_0002,athlete_48,281,vertical_jump,116.71,117.56,123.77,115.99,67.49,95.36,140.83,138.9,69.75,80.51,20.49,2.17,34.4,4.18,0.43,27.5,0.779,64.0,descent,average,Lower your hips.,9
SES_VER_AVE_0002,athlete_23,244,vertical_jump,104.09,117.7,127.92,126.53,83.22,60.7,150.84,150.03,86.82,95.21,22.56,1.55,37.69,-0.28,0.5,39.9,0.758,62.1,setup,average,Lower your hips.,8
SES_SNA_AVE_0006,athlete_23,755,snatch,108.31,111.58,118.19,127.6,70.22,73.54,152.09,170.05,76.85,92.04,27.53,1.02,17.89,-0.36,0.51,0,0.787,57.3,setup,average,Lower your hips.,25
SES_JAV_POO_0015,athlete_28,1847,javelin,154.91,145.46,170.62,164.94,129.57,130.52,153.3,159.65,71.22,69.8,74.19,1.63,30.33,3.74,0.48,0,0.572,31.4,takeoff,poor,LOWER HIPS!,61
SES_JAV_POO_0015,athlete_04,1917,javelin,153.57,144.75,161.1,170.04,148.14,139.63,159.4,150.15,68.21,72.57,58.52,1.91,22.23,2.77,0.47,0,0.566,26.7,flight,poor,Work on symmetry.,63
SES_VER_AVE_0002,athlete_13,357,vertical_jump,120.17,116.92,105.33,123.99,92.36,86.47,120.69,147.68,68.94,79.74,19.95,1.86,26.22,-0.99,0.57,41.1,0.739,64.1,landing,average,Lower your hips.,11
SES_VER_ELI_0000,athlete_70,80,vertical_jump,81.97,89.73,92.77,88.8,65.77,58.97,130.41,116.26,79.79,84.93,15.76,0.25,28.33,2.73,0.46,77.0,0.919,92.2,flight,elite,Hold this form.,2
SES_JAV_AVE_0014,athlete_60,1721,javelin,133.86,128.77,167.04,160.82,142.85,141.35,135.33,156.54,69.9,83.28,52.41,3.8,21.97,3.08,0.59,0,0.657,65.9,descent,average,Activate core more.,57
SES_JAV_GOO_0013,athlete_67,1627,javelin,106.63,117.13,155.9,158.71,159.6,155.61,142.88,126.64,79.26,83.18,37.63,2.8,33.22,3.51,0.54,0,0.705,82.0,setup,good,Extend hips fully.,54
SES_VER_AVE_0002,athlete_48,271,vertical_jump,117.23,109.08,112.19,120.51,80.01,101.78,155.81,164.66,72.23,78.87,13.05,2.17,34.4,4.18,0.43,27.5,0.757,63.1,setup,average,Lower your hips.,9
SES_SNA_GOO_0005,athlete_22,648,snatch,86.8,85.94,114.84,106.08,46.16,47.96,167.33,161.1,100.06,87.57,27.37,1.84,29.67,4.16,0.43,0,0.874,80.3,flight,good,Slight asymmetry detected.,21
SES_SNA_ELI_0004,athlete_14,597,snatch,89.45,90.83,105.31,97.46,43.82,36.07,174.15,176.47,87.43,87.49,24.94,1.28,40.29,3.03,0.44,0,0.923,94.4,landing,elite,Great form! Maintain position.,19
SES_JAV_POO_0015,athlete_28,1845,javelin,154.91,145.46,173.33,170.4,129.57,123.82,153.3,149.65,71.22,73.11,66.4,1.63,30.33,3.74,0.48,0,0.577,31.3,takeoff,poor,LOWER HIPS!,61
SES_SPR_AVE_0010,athlete_04,1237,sprint,70.52,71.75,121.97,117.4,89.88,96.0,121.97,105.4,79.28,89.86,32.68,2.26,17.05,4.37,0.56,0,0.784,66.3,setup,average,Lower your hips.,41
SES_VER_POO_0003,athlete_41,394,vertical_jump,128.95,133.51,125.81,143.54,93.14,93.39,147.24,144.1,73.61,74.32,38.52,1.08,32.9,5.5,0.59,9.6,0.647,49.1,setup,poor,Critical form deviation.,13
SES_SPR_AVE_0010,athlete_04,1255,sprint,68.22,68.52,111.28,123.63,91.2,93.95,94.61,120.02,86.56,79.5,26.36,2.26,17.05,4.37,0.56,0,0.765,64.8,takeoff,average,Lower your hips.,41
SES_SNA_AVE_0006,athlete_23,759,snatch,108.31,115.27,122.79,126.33,71.44,74.54,151.65,159.69,76.85,76.19,18.05,1.02,17.89,-0.36,0.51,0,0.792,57.6,descent,average,Lower your hips.,25
SES_SNA_GOO_0005,athlete_28,671,snatch,100.52,97.08,115.83,117.13,52.47,53.85,167.43,170.0,77.51,96.24,34.95,1.08,29.28,4.84,0.57,0,0.886,85.0,descent,good,"Good depth, push harder through the heels.",22
SES_SPR_POO_0011,athlete_75,1342,sprint,92.06,95.33,141.89,122.83,113.87,112.0,118.86,125.31,91.46,86.0,27.6,5.1,21.29,-1.57,0.41,0,0.669,46.1,takeoff,poor,Work on symmetry.,44
SES_CRI_AVE_0018,athlete_72,2279,cricket_bat,151.67,140.76,158.74,159.27,110.24,110.12,153.44,156.4,87.15,76.83,31.28,1.09,28.62,1.85,0.4,0,0.697,60.6,flight,average,Control trunk lean.,75
SES_SPR_POO_0011,athlete_75,1338,sprint,89.62,85.33,142.2,122.83,113.87,109.12,132.14,115.31,94.56,84.87,37.33,5.1,21.29,-1.57,0.41,0,0.665,45.7,descent,poor,Work on symmetry.,44
SES_SNA_AVE_0006,athlete_23,753,snatch,108.31,121.58,118.19,128.24,67.01,73.54,152.15,170.05,76.85,82.04,26.66,1.02,17.89,-0.36,0.51,0,0.758,57.2,setup,average,Lower your hips.,25
SES_CRI_ELI_0016,athlete_44,1965,cricket_bat,109.38,127.33,149.4,132.31,79.11,92.12,147.05,139.26,87.05,94.4,28.86,0.49,26.81,2.6,0.45,0,0.736,96.6,takeoff,elite,Great form! Maintain position.,65
SES_CRI_POO_0019,athlete_38,2328,cricket_bat,158.38,157.2,173.31,153.62,105.64,129.28,164.41,169.11,73.15,100.22,44.8,1.56,20.79,1.4,0.53,0,0.584,31.4,takeoff,poor,Work on symmetry.,77
SES_CRI_POO_0019,athlete_25,2305,cricket_bat,162.13,160.13,154.83,163.17,130.88,133.19,165.0,153.41,85.36,85.19,68.32,4.06,24.64,1.83,0.39,0,0.6,34.2,flight,poor,Critical form deviation.,76
SES_VER_AVE_0002,athlete_13,359,vertical_jump,120.17,115.59,115.33,123.99,102.36,91.07,130.69,144.61,78.44,74.76,18.09,1.86,26.22,-0.99,0.57,41.1,0.766,64.6,landing,average,Lower your hips.,11
SES_CRI_ELI_0016,athlete_73,1941,cricket_bat,112.47,117.34,148.13,145.2,90.34,91.66,148.63,141.08,84.61,90.08,16.44,1.45,35.74,1.94,0.43,0,0.801,95.4,takeoff,elite,Hold this form.,64
SES_SNA_GOO_0005,athlete_28,673,snatch,100.52,101.46,108.9,117.13,55.97,43.85,169.93,170.0,87.51,96.69,33.3,1.08,29.28,4.84,0.57,0,0.875,84.6,takeoff,good,"Good depth, push harder through the heels.",22
SES_SPR_ELI_0008,athlete_41,1013,sprint,49.69,48.61,88.41,87.29,68.6,74.26,90.53,91.98,70.89,71.01,18.01,1.95,22.47,7.38,0.51,0,0.89,93.6,takeoff,elite,Great form! Maintain position.,33
SES_VER_POO_0003,athlete_41,405,vertical_jump,131.22,143.19,134.75,137.93,96.8,93.67,135.54,155.69,69.83,69.23,34.62,1.08,32.9,5.5,0.59,9.6,0.666,48.5,takeoff,poor,Critical form deviation.,13
SES_SPR_AVE_0010,athlete_04,1232,sprint,83.78,76.75,123.27,122.4,81.21,71.0,146.91,122.19,80.21,86.93,41.2,2.26,17.05,4.37,0.56,0,0.773,66.4,setup,average,Lower your hips.,41
SES_SPR_POO_0011,athlete_75,1348,sprint,92.06,86.86,127.5,130.15,109.48,99.29,128.86,140.02,89.84,92.71,36.2,5.1,21.29,-1.57,0.41,0,0.697,45.3,takeoff,poor,Work on symmetry.,44
SES_JAV_AVE_0014,athlete_52,1689,javelin,128.52,119.45,163.65,159.96,135.18,138.36,137.59,150.64,85.83,82.61,49.0,0,29.45,0.4,0.41,0,0.652,67.3,descent,average,Lower your hips.,56
SES_CRI_ELI_0016,athlete_64,1985,cricket_bat,129.36,124.36,134.14,140.66,86.61,88.66,136.65,139.59,91.53,83.53,18.79,2.29,48.83,2.19,0.45,0,0.794,97.4,setup,elite,Hold this form.,66
SES_VER_GOO_0001,athlete_52,172,vertical_jump,93.73,95.81,96.25,104.72,57.18,60.78,127.78,115.72,80.95,82.61,16.83,4.13,17.4,-1.83,0.55,44.6,0.847,81.5,flight,good,Extend hips fully.,5
SES_VER_ELI_0000,athlete_49,52,vertical_jump,99.52,91.02,92.62,91.85,68.88,55.71,124.34,122.47,91.99,86.39,12.65,4.68,33.72,-0.49,0.5,65.6,0.932,94.0,flight,elite,Elite biomechanics detected.,1
SES_SPR_ELI_0008,athlete_23,1020,sprint,37.7,49.23,80.52,99.99,76.08,86.12,87.99,110.4,58.7,81.18,10.27,0.7,42.08,0.04,0.55,0,0.771,93.8,setup,elite,Hold this form.,34
SES_VER_AVE_0002,athlete_48,278,vertical_jump,118.1,116.46,117.85,126.99,72.49,90.31,139.29,153.9,73.71,72.48,32.87,2.17,34.4,4.18,0.43,27.5,0.773,63.1,descent,average,Lower your hips.,9
SES_JAV_AVE_0014,athlete_60,1727,javelin,118.51,118.77,162.69,160.94,145.05,151.35,147.63,156.24,78.57,78.47,46.83,3.8,21.97,3.08,0.59,0,0.676,65.2,takeoff,average,Activate core more.,57
SES_VER_POO_0003,athlete_19,420,vertical_jump,129.01,122.87,131.69,148.5,93.68,82.47,180,130.97,76.09,87.16,33.97,1.73,29.0,-2.4,0.51,24.0,0.652,38.0,setup,poor,Critical form deviation.,14
SES_VER_GOO_0001,athlete_56,199,vertical_jump,97.53,91.86,105.87,106.01,74.82,73.51,126.15,128.94,86.2,82.47,21.45,0.17,23.46,3.3,0.55,44.2,0.862,80.7,flight,good,"Good depth, push harder through the heels.",6
SES_JAV_GOO_0013,athlete_32,1665,javelin,113.19,116.09,143.73,147.01,162.72,168.14,139.15,140.68,86.13,87.08,49.86,2.86,21.56,-0.94,0.54,0,0.725,81.1,takeoff,good,"Good depth, push harder through the heels.",55
SES_JAV_POO_0015,athlete_28,1856,javelin,149.21,145.38,160.0,172.97,126.35,138.24,173.78,164.65,73.56,83.0,75.88,1.63,30.33,3.74,0.48,0,0.568,32.5,flight,poor,LOWER HIPS!,61
SES_SPR_POO_0011,athlete_55,1356,sprint,96.99,87.99,145.49,132.21,107.61,94.66,131.6,149.2,108.44,84.72,38.89,1.53,22.2,7.52,0.52,0,0.665,29.4,setup,poor,LOWER HIPS!,45
SES_CRI_POO_0019,athlete_25,2294,cricket_bat,142.63,166.04,163.19,158.17,132.74,118.19,180,180,81.09,81.73,48.11,4.06,24.64,1.83,0.39,0,0.562,35.4,descent,poor,Critical form deviation.,76
SES_CRI_ELI_0016,athlete_73,1946,cricket_bat,107.38,114.03,130.93,132.8,101.03,92.44,148.63,146.08,79.61,86.72,21.31,1.45,35.74,1.94,0.43,0,0.797,95.3,flight,elite,Hold this form.,64
SES_CRI_AVE_0018,athlete_59,2174,cricket_bat,153.25,146.02,159.87,160.85,111.73,108.98,155.04,149.91,82.45,74.15,37.57,3.51,36.71,4.25,0.4,0,0.704,64.2,descent,average,Activate core more.,72
SES_CRI_POO_0019,athlete_25,2298,cricket_bat,151.3,165.47,154.24,168.17,121.67,138.19,180,160.0,73.94,91.73,53.86,4.06,24.64,1.83,0.39,0,0.565,34.3,takeoff,poor,Critical form deviation.,76
SES_VER_AVE_0002,athlete_13,355,vertical_jump,114.13,113.8,105.33,113.99,82.36,86.47,130.69,151.82,78.94,89.74,27.1,1.86,26.22,-0.99,0.57,41.1,0.774,64.6,landing,average,Lower your hips.,11
SES_SPR_ELI_0008,athlete_13,973,sprint,43.74,50.04,87.99,94.99,81.54,72.36,93.08,86.19,71.44,78.89,15.63,2.45,40.04,4.42,0.44,0,0.833,93.4,descent,elite,Great form! Maintain position.,32
SES_SNA_ELI_0004,athlete_04,485,snatch,86.77,89.6,103.06,104.33,43.0,38.9,178.09,175.83,94.61,86.61,23.64,1.11,30.16,-2.51,0.54,0,0.937,94.5,setup,elite,Elite biomechanics detected.,16
SES_SPR_GOO_0009,athlete_16,1175,sprint,69.06,62.82,99.54,100.98,78.14,92.43,97.18,93.49,82.81,79.08,21.92,0.62,14.63,2.24,0.49,0,0.819,79.4,setup,good,"Good depth, push harder through the heels.",39
SES_SNA_GOO_0005,athlete_28,689,snatch,90.85,98.75,110.63,108.69,49.17,48.1,170.43,173.12,86.33,86.4,24.43,1.08,29.28,4.84,0.57,0,0.869,83.6,landing,good,"Good depth, push harder through the heels.",22
SES_VER_AVE_0002,athlete_13,351,vertical_jump,104.13,113.8,115.33,121.52,83.74,76.47,138.27,138.96,72.59,87.91,27.95,1.86,26.22,-0.99,0.57,41.1,0.756,64.8,flight,average,Lower your hips.,11
SES_SPR_AVE_0010,athlete_04,1252,sprint,69.15,63.52,116.28,124.12,86.2,92.52,97.83,125.02,81.56,82.13,38.1,2.26,17.05,4.37,0.56,0,0.755,65.3,takeoff,average,Lower your hips.,41
SES_SNA_AVE_0006,athlete_23,774,snatch,111.49,102.55,121.59,123.13,73.52,69.35,155.05,160.17,80.73,74.81,36.84,1.02,17.89,-0.36,0.51,0,0.792,58.9,landing,average,Lower your hips.,25
SES_JAV_AVE_0014,athlete_60,1719,javelin,123.86,129.71,162.23,160.82,140.47,145.45,135.33,156.54,72.68,87.72,52.41,3.8,21.97,3.08,0.59,0,0.663,66.5,descent,average,Activate core more.,57
SES_CRI_GOO_0017,athlete_15,2100,cricket_bat,118.12,155.92,135.68,152.49,81.65,106.24,179.59,144.94,78.96,88.34,29.79,0.97,12.01,-2.16,0.36,0,0.674,82.7,setup,good,Slight asymmetry detected.,70
SES_SNA_AVE_0006,athlete_23,772,snatch,119.97,106.37,111.59,123.13,73.52,59.35,155.05,160.17,80.73,84.81,35.23,1.02,17.89,-0.36,0.51,0,0.755,59.0,flight,average,Lower your hips.,25
SES_VER_POO_0003,athlete_19,430,vertical_jump,138.85,130.34,157.75,141.89,93.68,89.48,145.19,144.67,66.09,69.07,32.08,1.73,29.0,-2.4,0.51,24.0,0.651,38.4,descent,poor,Critical form deviation.,14
SES_SNA_ELI_0004,athlete_35,563,snatch,79.36,91.23,99.69,109.09,43.92,44.18,179.65,174.09,91.18,85.83,21.7,3.24,49.53,0.28,0.53,0,0.877,97.7,flight,elite,Elite biomechanics detected.,18
SES_CRI_POO_0019,athlete_38,2323,cricket_bat,153.38,151.75,161.89,168.62,119.19,134.37,160.0,165.58,69.18,79.63,43.64,1.56,20.79,1.4,0.53,0,0.604,31.1,descent,poor,Work on symmetry.,77
SES_CRI_POO_0019,athlete_62,2350,cricket_bat,166.79,172.21,156.26,151.86,107.04,125.58,169.92,160.59,72.45,76.41,57.23,1.68,42.82,-3.36,0.41,0,0.602,31.9,descent,poor,Work on symmetry.,78
SES_SNA_ELI_0004,athlete_35,548,snatch,90.95,94.3,98.92,102.0,45.32,40.72,175.25,180,96.96,89.91,19.48,3.24,49.53,0.28,0.53,0,0.93,96.0,descent,elite,Elite biomechanics detected.,18
SES_JAV_POO_0015,athlete_28,1842,javelin,159.91,150.46,168.33,168.0,120.58,128.82,158.3,147.62,67.59,67.32,71.4,1.63,30.33,3.74,0.48,0,0.582,31.7,descent,poor,LOWER HIPS!,61
SES_JAV_POO_0015,athlete_47,1879,javelin,142.74,147.19,157.59,165.75,136.79,122.44,164.42,153.59,68.39,75.09,52.25,4.82,22.78,-0.61,0.3,0,0.575,42.2,takeoff,poor,Critical form deviation.,62
SES_CRI_ELI_0016,athlete_44,1959,cricket_bat,125.78,121.48,130.8,144.94,91.64,92.86,139.55,136.18,97.24,88.29,15.84,0.49,26.81,2.6,0.45,0,0.777,97.1,descent,elite,Great form! Maintain position.,65
SES_VER_POO_0003,athlete_41,416,vertical_jump,132.23,137.71,147.34,142.26,102.63,93.13,133.63,165.66,66.32,71.34,45.84,1.08,32.9,5.5,0.59,9.6,0.677,48.4,landing,poor,Critical form deviation.,13
SES_VER_AVE_0002,athlete_13,348,vertical_jump,110.6,110.21,124.58,111.17,76.45,88.42,137.12,151.17,71.56,72.91,21.21,1.86,26.22,-0.99,0.57,41.1,0.767,65.0,flight,average,Lower your hips.,11
SES_SNA_ELI_0004,athlete_27,520,snatch,88.22,85.97,105.52,96.09,40.01,45.55,171.6,175.55,90.51,96.98,22.56,0,22.75,-0.15,0.55,0,0.916,95.8,descent,elite,Hold this form.,17
SES_JAV_POO_0015,athlete_47,1884,javelin,147.58,142.19,162.59,171.62,140.55,123.43,169.42,167.2,73.39,72.77,54.99,4.82,22.78,-0.61,0.3,0,0.572,42.0,flight,poor,Critical form deviation.,62
SES_CRI_GOO_0017,athlete_65,2138,cricket_bat,129.28,121.94,136.87,152.63,95.34,103.23,151.57,152.24,91.79,86.25,25.09,1.17,24.6,4.25,0.43,0,0.728,81.9,descent,good,"Good depth, push harder through the heels.",71
SES_VER_ELI_0000,athlete_21,4,vertical_jump,91.19,97.24,97.67,100.35,62.22,56.59,128.71,116.47,99.41,87.4,12.17,3.75,40.25,2.33,0.48,49.9,0.932,90.9,setup,elite,Great form! Maintain position.,0
SES_SPR_GOO_0009,athlete_49,1127,sprint,56.06,61.04,105.25,107.54,85.2,80.67,94.58,93.58,77.95,81.24,16.65,1.23,33.46,-2.28,0.42,0,0.817,79.0,descent,good,Extend hips fully.,37
SES_SNA_AVE_0006,athlete_37,747,snatch,103.39,110.58,123.42,121.22,66.5,55.71,164.95,151.8,89.49,79.55,39.96,2.23,18.49,3.17,0.51,0,0.794,69.0,landing,average,Activate core more.,24
SES_SNA_POO_0007,athlete_43,947,snatch,125.42,123.19,140.94,136.41,68.78,82.77,137.32,160.05,66.82,68.66,50.87,3.11,12.22,5.96,0.37,0,0.705,33.1,takeoff,poor,LOWER HIPS!,31
SES_JAV_ELI_0012,athlete_68,1539,javelin,112.99,94.58,145.7,142.27,162.73,171.8,137.6,121.93,86.31,88.96,37.51,2.6,37.36,-1.48,0.52,0,0.724,94.2,descent,elite,Great form! Maintain position.,51
SES_SNA_GOO_0005,athlete_22,640,snatch,96.8,89.68,121.04,108.05,56.16,48.65,171.53,170.48,84.48,86.7,35.95,1.84,29.67,4.16,0.43,0,0.846,80.1,descent,good,Slight asymmetry detected.,21
SES_JAV_AVE_0014,athlete_60,1729,javelin,118.51,128.77,162.69,160.94,151.33,141.35,147.63,166.24,70.37,71.29,54.0,3.8,21.97,3.08,0.59,0,0.651,65.4,takeoff,average,Activate core more.,57
SES_SNA_POO_0007,athlete_43,942,snatch,126.77,128.19,142.16,141.41,78.82,78.54,145.21,152.17,64.23,65.21,58.35,3.11,12.22,5.96,0.37,0,0.715,32.8,takeoff,poor,LOWER HIPS!,31
SES_SPR_GOO_0009,athlete_08,1162,sprint,60.95,57.47,104.45,105.83,87.82,98.97,92.29,104.78,76.95,79.98,13.9,0,22.24,0.22,0.41,0,0.829,84.3,takeoff,good,"Good depth, push harder through the heels.",38
SES_VER_POO_0003,athlete_50,477,vertical_jump,131.9,132.95,143.34,132.01,97.52,95.03,145.47,140.71,68.18,77.28,35.19,0.96,34.75,4.16,0.45,15.6,0.674,35.0,landing,poor,Work on symmetry.,15
SES_JAV_GOO_0013,athlete_67,1644,javelin,103.71,123.48,154.11,152.87,154.57,148.99,135.25,136.79,78.42,84.16,43.53,2.8,33.22,3.51,0.54,0,0.68,81.7,flight,good,Extend hips fully.,54
SES_SPR_GOO_0009,athlete_49,1119,sprint,62.4,61.21,108.21,116.37,85.2,72.74,96.46,98.41,85.49,82.33,15.86,1.23,33.46,-2.28,0.42,0,0.822,79.4,setup,good,Extend hips fully.,37
SES_SNA_GOO_0005,athlete_29,694,snatch,97.94,96.47,110.68,120.57,51.21,49.41,172.92,165.98,87.2,85.53,22.73,5.61,24.9,1.64,0.48,0,0.869,87.6,setup,good,Extend hips fully.,23
SES_SNA_POO_0007,athlete_43,949,snatch,125.42,122.0,142.02,130.83,69.46,90.16,147.32,154.25,64.45,67.42,40.87,3.11,12.22,5.96,0.37,0,0.688,33.2,flight,poor,LOWER HIPS!,31
SES_VER_AVE_0002,athlete_13,343,vertical_jump,112.27,119.79,123.61,123.09,83.26,78.77,132.12,136.66,71.01,74.63,32.82,1.86,26.22,-0.99,0.57,41.1,0.779,65.2,takeoff,average,Lower your hips.,11
SES_JAV_GOO_0013,athlete_67,1620,javelin,84.88,102.13,171.85,148.81,161.41,159.72,149.47,146.13,104.26,74.9,41.33,2.8,33.22,3.51,0.54,0,0.649,82.1,setup,good,Extend hips fully.,54
SES_CRI_ELI_0016,athlete_73,1948,cricket_bat,117.38,122.58,140.93,142.8,101.03,92.44,147.29,147.45,81.25,86.11,21.31,1.45,35.74,1.94,0.43,0,0.803,96.1,flight,elite,Hold this form.,64
SES_SPR_ELI_0008,athlete_13,962,sprint,48.45,44.28,96.11,100.1,82.92,72.7,80.37,87.87,71.27,71.72,4.23,2.45,40.04,4.42,0.44,0,0.862,93.5,setup,elite,Great form! Maintain position.,32
SES_CRI_ELI_0016,athlete_44,1971,cricket_bat,124.73,122.97,137.92,139.46,80.64,87.64,153.08,146.72,93.63,86.92,17.68,0.49,26.81,2.6,0.45,0,0.812,95.4,takeoff,elite,Great form! Maintain position.,65
SES_CRI_ELI_0016,athlete_76,2012,cricket_bat,122.14,114.39,132.55,139.44,88.35,83.77,154.95,142.8,94.4,91.64,22.58,2.15,51.96,3.27,0.46,0,0.785,95.7,setup,elite,Hold this form.,67
SES_SPR_POO_0011,athlete_29,1415,sprint,92.06,86.18,131.3,127.14,91.93,90.3,116.63,127.06,84.1,94.65,41.22,1.78,12.02,4.96,0.53,0,0.691,35.4,setup,poor,Critical form deviation.,47
SES_SNA_AVE_0006,athlete_11,786,snatch,107.1,107.5,114.78,134.49,66.31,65.09,155.72,162.32,70.3,81.73,43.11,2.17,24.04,5.39,0.42,0,0.767,63.5,descent,average,Activate core more.,26
SES_SPR_POO_0011,athlete_75,1335,sprint,94.62,87.68,137.2,137.71,118.87,104.79,127.14,120.29,100.68,88.85,44.62,5.1,21.29,-1.57,0.41,0,0.697,45.4,descent,poor,Work on symmetry.,44
SES_CRI_POO_0019,athlete_25,2280,cricket_bat,174.71,175,160.29,159.66,140.71,127.65,180,156.48,73.49,67.61,57.19,4.06,24.64,1.83,0.39,0,0.618,36.7,setup,poor,Critical form deviation.,76
SES_SPR_POO_0011,athlete_06,1395,sprint,92.26,89.29,149.42,137.26,97.53,109.48,132.02,142.58,99.04,84.43,44.53,0,39.96,5.21,0.45,0,0.686,34.4,descent,poor,Adjust knee alignment.,46
SES_VER_POO_0003,athlete_50,454,vertical_jump,146.97,139.72,132.74,138.46,77.85,100.49,148.69,121.81,69.89,74.8,37.49,0.96,34.75,4.16,0.45,15.6,0.672,34.6,setup,poor,Work on symmetry.,15
SES_CRI_GOO_0017,athlete_69,2054,cricket_bat,135.64,129.43,158.09,146.37,95.22,96.86,155.24,156.61,89.93,92.15,14.28,2.76,28.84,4.74,0.53,0,0.744,82.4,descent,good,Slight asymmetry detected.,68
SES_JAV_AVE_0014,athlete_60,1735,javelin,127.35,125.32,154.0,170.65,137.64,139.91,152.24,155.28,80.15,81.33,54.86,3.8,21.97,3.08,0.59,0,0.643,65.2,flight,average,Activate core more.,57
SES_JAV_POO_0015,athlete_47,1868,javelin,142.24,144.8,169.66,167.36,131.06,116.36,166.68,151.73,78.5,73.29,52.09,4.82,22.78,-0.61,0.3,0,0.591,43.2,descent,poor,Critical form deviation.,62
SES_SNA_GOO_0005,athlete_28,661,snatch,102.88,105.18,99.49,105.69,59.87,57.34,165.97,176.34,87.43,82.57,17.45,1.08,29.28,4.84,0.57,0,0.875,85.9,setup,good,"Good depth, push harder through the heels.",22
SES_SPR_ELI_0008,athlete_23,1042,sprint,55.94,46.09,101.87,88.44,80.57,73.82,89.18,86.41,68.53,71.96,9.7,0.7,42.08,0.04,0.55,0,0.808,92.9,takeoff,elite,Hold this form.,34
SES_SPR_AVE_0010,athlete_49,1301,sprint,69.21,72.68,122.79,118.41,104.79,81.17,111.06,117.81,80.34,90.08,24.63,0.95,27.31,6.44,0.43,0,0.774,69.9,descent,average,Control trunk lean.,43
SES_JAV_AVE_0014,athlete_52,1691,javelin,118.52,123.29,162.12,169.0,143.42,148.36,130.57,150.64,85.83,82.61,49.0,0,29.45,0.4,0.41,0,0.655,67.3,descent,average,Lower your hips.,56
SES_SNA_ELI_0004,athlete_04,480,snatch,95.09,87.12,96.87,91.29,52.37,40.99,180,180,85.24,104.89,27.4,1.11,30.16,-2.51,0.54,0,0.908,94.2,setup,elite,Elite biomechanics detected.,16
SES_JAV_POO_0015,athlete_04,1896,javelin,141.31,148.52,163.4,159.49,134.14,124.63,168.89,158.6,74.52,83.92,53.23,1.91,22.23,2.77,0.47,0,0.578,27.8,setup,poor,Work on symmetry.,63
SES_CRI_GOO_0017,athlete_15,2123,cricket_bat,123.41,129.23,161.76,148.11,101.53,103.83,151.71,158.92,91.89,85.26,27.96,0.97,12.01,-2.16,0.36,0,0.741,83.5,flight,good,Slight asymmetry detected.,70
SES_SPR_GOO_0009,athlete_27,1088,sprint,58.09,63.96,95.07,102.4,96.4,84.43,98.22,99.73,75.03,80.99,24.15,1.98,26.91,2.91,0.54,0,0.797,82.1,setup,good,Slight asymmetry detected.,36
SES_VER_GOO_0001,athlete_52,162,vertical_jump,93.82,99.84,110.44,100.29,72.42,67.79,126.45,135.72,79.34,92.77,19.06,4.13,17.4,-1.83,0.55,44.6,0.833,80.4,takeoff,good,Extend hips fully.,5
SES_SPR_GOO_0009,athlete_08,1147,sprint,53.53,57.25,101.63,98.56,71.63,75.24,98.16,99.78,76.1,75.91,15.94,0,22.24,0.22,0.41,0,0.82,83.3,setup,good,"Good depth, push harder through the heels.",38
SES_SNA_ELI_0004,athlete_14,579,snatch,91.98,83.81,104.24,95.64,39.56,42.69,176.77,178.82,98.44,90.01,23.25,1.28,40.29,3.03,0.44,0,0.899,94.9,descent,elite,Great form! Maintain position.,19
SES_SPR_ELI_0008,athlete_41,1009,sprint,49.36,43.67,96.12,81.86,67.34,69.2,98.71,92.93,61.59,70.52,16.76,1.95,22.47,7.38,0.51,0,0.821,93.2,descent,elite,Great form! Maintain position.,33
SES_SNA_POO_0007,athlete_79,893,snatch,136.44,126.06,146.68,137.03,83.48,76.39,149.9,145.37,59.74,68.67,36.66,1.83,32.0,4.97,0.38,0,0.677,41.7,flight,poor,Critical form deviation.,29
SES_JAV_ELI_0012,athlete_49,1446,javelin,105.95,107.42,155.36,141.69,170.57,168.34,127.02,124.63,84.14,86.37,29.96,1.47,27.08,1.79,0.39,0,0.749,94.7,setup,elite,Great form! Maintain position.,48
SES_SNA_ELI_0004,athlete_27,521,snatch,93.22,90.97,110.52,94.31,37.05,40.55,176.6,176.3,92.27,91.98,27.56,0,22.75,-0.15,0.55,0,0.899,96.0,descent,elite,Hold this form.,17
SES_SPR_ELI_0008,athlete_13,963,sprint,48.81,49.28,98.68,95.1,77.92,77.7,85.37,91.52,75.1,73.41,9.23,2.45,40.04,4.42,0.44,0,0.886,93.3,setup,elite,Great form! Maintain position.,32
SES_JAV_AVE_0014,athlete_52,1702,javelin,134.84,122.64,169.48,157.65,138.69,143.44,140.87,147.8,70.59,72.39,55.12,0,29.45,0.4,0.41,0,0.632,66.8,takeoff,average,Lower your hips.,56
SES_SPR_POO_0011,athlete_29,1412,sprint,88.27,101.18,128.7,125.36,96.93,92.72,121.63,120.95,89.1,109.65,28.62,1.78,12.02,4.96,0.53,0,0.668,35.0,setup,poor,Critical form deviation.,47
SES_SNA_GOO_0005,athlete_29,690,snatch,84.95,101.18,110.68,110.57,56.74,32.67,180,162.47,83.95,76.19,12.73,5.61,24.9,1.64,0.48,0,0.852,87.1,setup,good,Extend hips fully.,23
SES_CRI_AVE_0018,athlete_59,2185,cricket_bat,150.62,150.47,160.97,156.31,117.12,127.76,149.11,157.56,95.8,85.06,35.29,3.51,36.71,4.25,0.4,0,0.711,63.3,flight,average,Activate core more.,72
SES_VER_AVE_0002,athlete_29,312,vertical_jump,115.91,124.04,130.76,117.29,72.28,87.91,148.25,148.69,73.84,71.82,26.62,0.52,14.14,-2.09,0.44,42.1,0.748,69.8,takeoff,average,Activate core more.,10
SES_SPR_ELI_0008,athlete_13,979,sprint,51.31,47.72,96.98,93.19,88.91,68.82,100.51,86.19,72.43,75.06,12.35,2.45,40.04,4.42,0.44,0,0.867,94.3,descent,elite,Great form! Maintain position.,32
SES_JAV_GOO_0013,athlete_67,1645,javelin,108.71,118.48,149.11,157.87,149.57,153.99,140.25,141.79,83.42,88.42,38.53,2.8,33.22,3.51,0.54,0,0.695,81.5,flight,good,Extend hips fully.,54
SES_JAV_GOO_0013,athlete_67,1646,javelin,113.71,123.48,154.11,152.87,154.57,156.52,145.25,136.79,79.22,92.55,41.88,2.8,33.22,3.51,0.54,0,0.712,81.7,flight,good,Extend hips fully.,54
SES_SPR_GOO_0009,athlete_16,1191,sprint,61.22,54.98,100.72,101.34,88.93,83.94,100.52,98.78,76.99,74.5,17.88,0.62,14.63,2.24,0.49,0,0.818,82.4,takeoff,good,"Good depth, push harder through the heels.",39
SES_SNA_AVE_0006,athlete_23,779,snatch,101.12,108.84,116.94,120.28,70.85,64.35,151.12,155.17,70.57,77.49,42.92,1.02,17.89,-0.36,0.51,0,0.789,58.5,landing,average,Lower your hips.,25
SES_SPR_AVE_0010,athlete_04,1248,sprint,69.15,73.52,116.28,117.4,93.33,93.22,107.83,111.15,87.55,83.29,35.04,2.26,17.05,4.37,0.56,0,0.778,65.0,descent,average,Lower your hips.,41
SES_JAV_ELI_0012,athlete_39,1470,javelin,95.53,121.78,158.27,145.62,180,170.39,139.43,142.39,84.21,88.78,29.61,3.11,36.26,1.08,0.56,0,0.691,92.0,setup,elite,Great form! Maintain position.,49
SES_VER_ELI_0000,athlete_49,46,vertical_jump,84.58,95.34,92.73,88.4,57.71,58.34,138.55,120.6,87.31,77.78,5.99,4.68,33.72,-0.49,0.5,65.6,0.908,94.0,takeoff,elite,Elite biomechanics detected.,1
SES_JAV_POO_0015,athlete_28,1837,javelin,151.72,147.75,169.28,163.0,117.27,140.52,152.33,162.62,63.71,71.47,46.87,1.63,30.33,3.74,0.48,0,0.581,31.3,setup,poor,LOWER HIPS!,61
SES_SNA_POO_0007,athlete_11,928,snatch,123.9,127.94,147.25,142.71,79.37,78.19,148.27,138.06,83.83,79.27,47.54,2.14,29.83,1.47,0.37,0,0.701,43.9,landing,poor,Work on symmetry.,30
SES_CRI_GOO_0017,athlete_65,2135,cricket_bat,134.28,123.29,151.87,147.63,88.09,97.93,151.43,142.45,96.79,87.55,30.09,1.17,24.6,4.25,0.43,0,0.747,81.1,setup,good,"Good depth, push harder through the heels.",71
SES_SPR_ELI_0008,athlete_41,993,sprint,51.19,40.09,97.09,97.17,76.81,63.03,76.16,92.68,75.4,76.42,15.15,1.95,22.47,7.38,0.51,0,0.835,92.9,setup,elite,Great form! Maintain position.,33
SES_VER_ELI_0000,athlete_49,37,vertical_jump,90.67,91.15,97.8,91.62,65.25,66.4,116.81,114.59,86.88,91.0,14.01,4.68,33.72,-0.49,0.5,65.6,0.939,94.3,descent,elite,Elite biomechanics detected.,1
SES_JAV_AVE_0014,athlete_66,1775,javelin,132.99,121.18,160.13,166.67,155.76,147.31,160.03,145.78,83.53,77.66,40.28,1.12,29.98,1.94,0.39,0,0.641,57.7,setup,average,Control trunk lean.,59
SES_VER_POO_0003,athlete_50,462,vertical_jump,134.19,139.84,132.74,144.62,62.52,94.17,160.47,140.01,64.5,70.13,37.95,0.96,34.75,4.16,0.45,15.6,0.661,34.8,takeoff,poor,Work on symmetry.,15
SES_SPR_ELI_0008,athlete_23,1024,sprint,40.52,42.36,93.98,83.54,72.43,81.78,80.49,90.4,69.67,73.68,18.31,0.7,42.08,0.04,0.55,0,0.853,93.2,setup,elite,Hold this form.,34
SES_SPR_GOO_0009,athlete_08,1155,sprint,54.02,55.55,111.63,111.75,98.44,94.34,108.16,95.37,72.01,84.32,7.69,0,22.24,0.22,0.41,0,0.841,83.9,descent,good,"Good depth, push harder through the heels.",38
SES_SNA_GOO_0005,athlete_28,682,snatch,100.03,97.24,108.56,114.06,61.21,43.15,177.6,170.9,79.65,90.42,30.46,1.08,29.28,4.84,0.57,0,0.876,84.3,flight,good,"Good depth, push harder through the heels.",22
SES_SPR_GOO_0009,athlete_49,1117,sprint,56.31,61.21,98.21,107.12,85.2,81.64,99.27,99.09,89.14,83.44,25.86,1.23,33.46,-2.28,0.42,0,0.797,79.0,setup,good,Extend hips fully.,37
SES_SPR_GOO_0009,athlete_27,1089,sprint,61.93,58.96,100.07,107.4,91.4,89.35,97.04,95.68,80.03,75.99,19.15,1.98,26.91,2.91,0.54,0,0.814,82.2,setup,good,Slight asymmetry detected.,36
SES_SPR_AVE_0010,athlete_32,1204,sprint,68.83,66.31,123.77,113.41,81.29,102.2,108.29,117.99,83.36,80.74,28.61,1.97,20.64,0.35,0.51,0,0.764,61.4,setup,average,Control trunk lean.,40
SES_SNA_GOO_0005,athlete_43,627,snatch,91.63,90.26,114.37,119.34,48.51,45.58,175.83,171.86,83.58,85.88,26.29,0,19.66,0.14,0.6,0,0.882,78.9,landing,good,Extend hips fully.,20
SES_SPR_GOO_0009,athlete_16,1187,sprint,63.43,64.36,108.52,99.26,85.01,82.42,91.5,88.78,75.64,69.08,16.33,0.62,14.63,2.24,0.49,0,0.82,82.4,descent,good,"Good depth, push harder through the heels.",39
SES_JAV_ELI_0012,athlete_39,1491,javelin,111.66,111.92,142.62,149.31,169.37,159.72,140.27,125.65,86.61,82.67,37.63,3.11,36.26,1.08,0.56,0,0.765,94.5,takeoff,elite,Great form! Maintain position.,49
SES_JAV_GOO_0013,athlete_50,1565,javelin,118.75,116.33,162.5,153.11,151.51,155.75,133.57,143.51,91.33,76.59,47.95,2.9,45.79,3.05,0.55,0,0.717,74.4,setup,good,"Good depth, push harder through the heels.",52
SES_SNA_GOO_0005,athlete_28,677,snatch,95.18,98.56,103.56,119.77,45.97,52.71,166.37,174.55,84.65,84.22,26.03,1.08,29.28,4.84,0.57,0,0.842,84.6,takeoff,good,"Good depth, push harder through the heels.",22
SES_SPR_POO_0011,athlete_75,1341,sprint,89.8,100.33,137.2,127.83,108.87,107.0,123.86,120.31,96.46,91.0,22.6,5.1,21.29,-1.57,0.41,0,0.664,45.9,takeoff,poor,Work on symmetry.,44
SES_SNA_POO_0007,athlete_43,956,snatch,140.42,131.55,159.84,145.83,83.39,84.54,148.97,149.25,66.17,73.97,47.1,3.11,12.22,5.96,0.37,0,0.675,33.4,landing,poor,LOWER HIPS!,31
SES_SNA_ELI_0004,athlete_04,492,snatch,84.26,79.16,104.07,95.78,37.76,47.36,180,180,88.42,90.28,27.12,1.11,30.16,-2.51,0.54,0,0.908,95.2,takeoff,elite,Elite biomechanics detected.,16
SES_VER_AVE_0002,athlete_13,350,vertical_jump,109.13,110.21,114.58,116.52,78.74,81.05,142.18,143.96,67.59,82.91,22.95,1.86,26.22,-0.99,0.57,41.1,0.792,65.2,flight,average,Lower your hips.,11
SES_SPR_ELI_0008,athlete_41,998,sprint,50.92,51.22,89.66,96.04,79.39,77.94,81.16,95.09,66.48,74.07,12.76,1.95,22.47,7.38,0.51,0,0.877,93.5,setup,elite,Great form! Maintain position.,33
SES_CRI_ELI_0016,athlete_76,2034,cricket_bat,125.67,122.01,139.33,134.09,80.58,99.3,137.42,133.88,99.01,86.85,14.41,2.15,51.96,3.27,0.46,0,0.8,95.4,flight,elite,Hold this form.,67
SES_CRI_ELI_0016,athlete_64,1995,cricket_bat,110.91,126.21,135.91,135.87,84.9,87.82,140.13,150.32,83.34,95.7,20.03,2.29,48.83,2.19,0.45,0,0.779,97.3,takeoff,elite,Hold this form.,66
SES_SPR_POO_0011,athlete_55,1370,sprint,99.48,89.66,140.53,133.8,108.37,96.76,121.6,120.48,86.11,91.0,50.24,1.53,22.2,7.52,0.52,0,0.676,29.8,takeoff,poor,LOWER HIPS!,45
SES_JAV_GOO_0013,athlete_67,1630,javelin,103.04,111.82,156.93,166.75,170.56,153.62,137.88,131.64,84.48,78.18,42.63,2.8,33.22,3.51,0.54,0,0.696,81.8,descent,good,Extend hips fully.,54
SES_SNA_GOO_0005,athlete_22,643,snatch,91.8,96.04,119.84,103.05,61.16,58.86,175.65,168.11,89.48,81.7,30.89,1.84,29.67,4.16,0.43,0,0.844,79.8,takeoff,good,Slight asymmetry detected.,21
SES_JAV_POO_0015,athlete_04,1895,javelin,146.31,143.52,168.26,164.49,132.67,129.63,170.55,163.6,69.52,82.62,48.23,1.91,22.23,2.77,0.47,0,0.588,28.0,setup,poor,Work on symmetry.,63
SES_VER_AVE_0002,athlete_29,319,vertical_jump,114.96,122.08,118.2,117.33,74.42,85.99,151.37,123.0,73.5,76.82,19.77,0.52,14.14,-2.09,0.44,42.1,0.779,69.5,flight,average,Activate core more.,10
SES_VER_ELI_0000,athlete_21,18,vertical_jump,99.44,89.88,97.8,94.78,59.31,61.62,104.9,126.28,92.71,92.27,12.23,3.75,40.25,2.33,0.48,49.9,0.922,91.9,flight,elite,Great form! Maintain position.,0
SES_CRI_ELI_0016,athlete_64,1980,cricket_bat,134.36,120.07,130.36,146.85,82.45,92.54,141.65,152.49,80.51,82.98,43.79,2.29,48.83,2.19,0.45,0,0.754,98.2,setup,elite,Hold this form.,66
SES_CRI_POO_0019,athlete_62,2369,cricket_bat,145.94,153.75,161.01,159.96,139.83,142.3,171.34,174.87,85.5,83.77,48.27,1.68,42.82,-3.36,0.41,0,0.602,32.1,flight,poor,Work on symmetry.,78
SES_SPR_AVE_0010,athlete_67,1260,sprint,82.5,72.83,96.93,119.3,103.7,114.02,131.69,126.79,87.88,77.9,14.92,1.85,28.51,1.34,0.4,0,0.709,65.1,setup,average,Lower your hips.,42
SES_SPR_POO_0011,athlete_29,1432,sprint,90.91,88.8,143.93,138.2,99.26,105.71,132.55,132.06,95.99,78.32,34.39,1.78,12.02,4.96,0.53,0,0.701,35.7,takeoff,poor,Critical form deviation.,47
SES_VER_AVE_0002,athlete_23,256,vertical_jump,116.94,113.83,124.19,116.53,76.98,75.33,140.84,146.51,75.35,82.06,35.01,1.55,37.69,-0.28,0.5,39.9,0.774,61.9,takeoff,average,Lower your hips.,8
SES_JAV_AVE_0014,athlete_73,1747,javelin,121.8,124.9,165.98,168.04,136.24,156.79,144.53,151.67,88.46,83.6,51.8,2.63,19.34,0.28,0.43,0,0.669,57.0,setup,average,Control trunk lean.,58
SES_SNA_AVE_0006,athlete_29,838,snatch,105.12,116.96,134.14,112.98,63.42,63.3,155.88,172.33,92.87,83.45,35.6,1.24,26.33,-0.49,0.41,0,0.739,64.4,landing,average,Control trunk lean.,27
SES_CRI_GOO_0017,athlete_65,2159,cricket_bat,135.03,132.92,151.08,141.52,89.28,90.6,162.15,155.81,98.01,95.76,41.06,1.17,24.6,4.25,0.43,0,0.756,82.6,flight,good,"Good depth, push harder through the heels.",71
SES_CRI_GOO_0017,athlete_79,2076,cricket_bat,129.66,121.48,149.55,144.46,96.58,107.01,146.32,142.44,91.86,89.91,14.53,1.85,32.24,0.43,0.5,0,0.751,75.2,setup,good,"Good depth, push harder through the heels.",69
SES_JAV_AVE_0014,athlete_60,1717,javelin,133.86,129.71,162.23,160.82,140.47,152.64,125.33,164.75,72.68,87.72,57.29,3.8,21.97,3.08,0.59,0,0.668,67.1,setup,average,Activate core more.,57
SES_CRI_ELI_0016,athlete_73,1926,cricket_bat,111.74,118.53,139.93,145.0,96.22,87.8,135.6,151.16,90.26,98.65,19.33,1.45,35.74,1.94,0.43,0,0.791,94.2,setup,elite,Hold this form.,64
SES_SPR_POO_0011,athlete_75,1340,sprint,92.97,95.33,142.2,132.83,113.87,112.0,128.86,125.31,91.46,94.87,27.33,5.1,21.29,-1.57,0.41,0,0.693,45.8,takeoff,poor,Work on symmetry.,44
SES_JAV_ELI_0012,athlete_53,1527,javelin,104.06,110.71,143.89,152.08,170.25,163.92,127.82,125.94,81.72,86.51,35.58,0.72,20.53,-0.49,0.53,0,0.744,93.4,flight,elite,Great form! Maintain position.,50
SES_JAV_POO_0015,athlete_04,1908,javelin,150.42,146.84,164.12,158.07,123.14,144.63,169.34,168.6,63.21,65.89,47.11,1.91,22.23,2.77,0.47,0,0.582,26.4,takeoff,poor,Work on symmetry.,63
SES_SNA_POO_0007,athlete_79,884,snatch,136.77,130.85,149.25,143.01,72.85,65.73,154.9,140.37,71.67,73.51,55.5,1.83,32.0,4.97,0.38,0,0.694,43.1,takeoff,poor,Critical form deviation.,29
SES_JAV_POO_0015,athlete_10,1818,javelin,135.58,153.5,167.12,173.0,123.6,140.98,174.02,158.14,67.61,69.08,65.88,3.18,27.74,-0.11,0.37,0,0.55,55.3,takeoff,poor,LOWER HIPS!,60
SES_VER_ELI_0000,athlete_70,89,vertical_jump,86.28,96.39,99.35,94.79,62.57,69.9,119.65,130.0,80.97,87.71,7.49,0.25,28.33,2.73,0.46,77.0,0.911,92.5,landing,elite,Hold this form.,2
SES_SPR_AVE_0010,athlete_04,1256,sprint,73.22,73.52,111.14,118.63,86.2,88.95,99.61,115.02,84.63,84.5,31.36,2.26,17.05,4.37,0.56,0,0.779,65.2,takeoff,average,Lower your hips.,41
SES_SNA_GOO_0005,athlete_43,618,snatch,94.34,97.8,113.16,111.75,53.51,35.85,175.58,170.17,83.17,79.62,29.77,0,19.66,0.14,0.6,0,0.885,78.8,flight,good,Extend hips fully.,20
SES_CRI_GOO_0017,athlete_79,2099,cricket_bat,125.59,126.01,152.7,142.4,99.66,82.76,147.31,144.75,88.44,80.47,32.93,1.85,32.24,0.43,0.5,0,0.759,76.9,flight,good,"Good depth, push harder through the heels.",69
SES_SPR_GOO_0009,athlete_08,1156,sprint,49.02,60.55,106.63,106.75,93.44,99.34,103.16,91.49,77.01,79.32,12.69,0,22.24,0.22,0.41,0,0.779,83.8,descent,good,"Good depth, push harder through the heels.",38
SES_SNA_POO_0007,athlete_43,958,snatch,130.42,121.55,159.84,152.85,83.39,78.97,138.97,146.06,69.74,73.47,44.74,3.11,12.22,5.96,0.37,0,0.686,34.1,landing,poor,LOWER HIPS!,31
SES_SNA_AVE_0006,athlete_23,776,snatch,102.67,105.17,121.59,131.16,83.27,59.35,149.26,150.17,76.01,72.49,38.81,1.02,17.89,-0.36,0.51,0,0.789,59.0,landing,average,Lower your hips.,25
SES_CRI_GOO_0017,athlete_15,2112,cricket_bat,127.95,134.45,153.65,146.01,95.77,94.79,149.59,151.76,97.34,93.67,27.14,0.97,12.01,-2.16,0.36,0,0.75,82.9,descent,good,Slight asymmetry detected.,70
SES_SPR_ELI_0008,athlete_61,1059,sprint,43.84,57.24,91.41,93.51,77.85,77.55,84.62,89.26,72.13,73.75,13.06,3.43,35.85,2.18,0.64,0,0.801,100,setup,elite,Hold this form.,35
SES_SPR_AVE_0010,athlete_67,1264,sprint,72.5,68.11,106.93,120.59,90.95,108.62,120.51,113.63,86.2,81.58,24.92,1.85,28.51,1.34,0.4,0,0.744,64.9,setup,average,Lower your hips.,42
SES_VER_AVE_0002,athlete_23,257,vertical_jump,112.91,113.79,129.19,116.22,81.98,78.46,135.84,151.51,71.87,82.3,30.01,1.55,37.69,-0.28,0.5,39.9,0.768,61.9,takeoff,average,Lower your hips.,8
SES_SPR_POO_0011,athlete_29,1413,sprint,83.58,96.18,133.7,127.14,91.93,87.72,116.63,125.95,84.1,104.65,33.62,1.78,12.02,4.96,0.53,0,0.66,35.3,setup,poor,Critical form deviation.,47
SES_VER_GOO_0001,athlete_56,203,vertical_jump,95.96,103.99,97.59,118.97,74.82,73.51,131.07,136.98,84.05,87.55,12.18,0.17,23.46,3.3,0.55,44.2,0.789,81.6,flight,good,"Good depth, push harder through the heels.",6
SES_CRI_AVE_0018,athlete_15,2203,cricket_bat,154.03,134.36,154.73,163.55,115.0,108.22,169.14,159.07,90.59,76.67,40.99,0.11,23.44,0.01,0.47,0,0.665,67.2,descent,average,Activate core more.,73
SES_SPR_ELI_0008,athlete_61,1061,sprint,39.98,52.22,87.89,92.78,73.6,77.55,84.62,93.43,72.13,70.04,14.93,3.43,35.85,2.18,0.64,0,0.791,99.3,descent,elite,Hold this form.,35
SES_VER_AVE_0002,athlete_48,289,vertical_jump,105.38,111.04,111.57,125.08,88.27,82.71,140.83,148.35,79.4,71.81,19.42,2.17,34.4,4.18,0.43,27.5,0.748,64.0,flight,average,Lower your hips.,9
SES_SNA_POO_0007,athlete_43,952,snatch,140.42,121.55,139.84,135.83,74.46,86.89,142.32,139.25,69.45,75.99,47.1,3.11,12.22,5.96,0.37,0,0.671,33.4,flight,poor,LOWER HIPS!,31
SES_JAV_POO_0015,athlete_10,1810,javelin,155.0,140.28,167.53,168.0,126.24,131.49,151.48,143.38,70.47,71.78,62.46,3.18,27.74,-0.11,0.37,0,0.571,54.7,descent,poor,LOWER HIPS!,60
SES_SNA_ELI_0004,athlete_27,538,snatch,89.79,89.11,97.07,99.61,49.27,40.71,176.53,174.15,96.49,89.56,18.12,0,22.75,-0.15,0.55,0,0.94,96.6,landing,elite,Hold this form.,17
SES_JAV_POO_0015,athlete_10,1814,javelin,145.58,143.5,167.53,174.77,133.43,134.44,154.02,153.38,63.54,78.81,58.11,3.18,27.74,-0.11,0.37,0,0.583,55.4,descent,poor,LOWER HIPS!,60
SES_SPR_AVE_0010,athlete_32,1226,sprint,70.2,77.09,133.39,106.77,78.76,95.05,111.24,110.48,87.32,77.59,21.45,1.97,20.64,0.35,0.51,0,0.711,60.5,takeoff,average,Control trunk lean.,40
SES_VER_ELI_0000,athlete_79,108,vertical_jump,94.14,94.5,95.54,91.81,61.53,57.7,112.47,116.69,83.75,82.13,5.58,0.86,31.29,1.49,0.51,63.6,0.947,92.5,flight,elite,Hold this form.,3
SES_JAV_ELI_0012,athlete_53,1506,javelin,102.55,102.22,147.11,145.85,167.99,165.59,131.39,128.15,81.16,85.99,37.75,0.72,20.53,-0.49,0.53,0,0.776,93.6,setup,elite,Great form! Maintain position.,50
SES_JAV_POO_0015,athlete_04,1916,javelin,148.57,149.75,156.1,175.04,143.14,134.63,160.34,155.15,73.21,74.73,63.52,1.91,22.23,2.77,0.47,0,0.561,27.0,flight,poor,Work on symmetry.,63
SES_CRI_ELI_0016,athlete_64,1986,cricket_bat,124.36,129.36,137.01,135.66,86.79,83.66,131.65,143.43,86.53,80.0,22.17,2.29,48.83,2.19,0.45,0,0.805,97.3,setup,elite,Hold this form.,66
SES_VER_ELI_0000,athlete_70,76,vertical_jump,90.5,96.23,94.32,98.8,68.19,62.21,127.88,116.74,94.59,92.08,12.6,0.25,28.33,2.73,0.46,77.0,0.927,92.1,takeoff,elite,Hold this form.,2
SES_VER_ELI_0000,athlete_79,96,vertical_jump,91.92,96.76,87.25,97.77,57.22,59.34,115.01,112.35,94.12,89.95,4.32,0.86,31.29,1.49,0.51,63.6,0.908,90.7,descent,elite,Hold this form.,3
SES_VER_ELI_0000,athlete_49,33,vertical_jump,90.68,92.51,83.03,99.74,63.03,67.43,118.11,114.59,88.92,79.26,9.61,4.68,33.72,-0.49,0.5,65.6,0.894,95.0,setup,elite,Elite biomechanics detected.,1
SES_JAV_ELI_0012,athlete_68,1550,javelin,110.8,107.02,144.79,145.69,166.73,172.69,129.23,133.09,90.67,88.7,31.89,2.6,37.36,-1.48,0.52,0,0.768,96.5,takeoff,elite,Great form! Maintain position.,51
SES_SPR_AVE_0010,athlete_49,1319,sprint,64.95,76.51,113.46,116.34,90.28,107.29,104.78,114.28,76.14,85.78,28.92,0.95,27.31,6.44,0.43,0,0.739,71.0,takeoff,average,Control trunk lean.,43
SES_SPR_ELI_0008,athlete_61,1068,sprint,38.95,49.07,96.14,86.17,75.22,75.14,83.49,84.14,74.97,66.79,17.99,3.43,35.85,2.18,0.64,0,0.791,98.2,descent,elite,Hold this form.,35
SES_VER_ELI_0000,athlete_79,117,vertical_jump,89.66,92.11,91.67,91.51,58.91,51.02,115.27,120.8,90.13,87.04,12.43,0.86,31.29,1.49,0.51,63.6,0.951,92.4,landing,elite,Hold this form.,3
SES_SPR_POO_0011,athlete_06,1406,sprint,93.23,86.95,123.76,134.32,107.86,99.29,136.47,127.58,90.37,95.31,37.52,0,39.96,5.21,0.45,0,0.674,36.2,takeoff,poor,Adjust knee alignment.,46
SES_SNA_POO_0007,athlete_54,869,snatch,123.69,121.88,152.25,144.0,75.06,78.98,158.45,140.29,74.95,73.43,54.6,3.09,29.02,3.78,0.43,0,0.699,42.4,landing,poor,Work on symmetry.,28
SES_SNA_ELI_0004,athlete_04,501,snatch,97.31,87.94,103.38,99.76,42.92,47.08,176.05,177.0,88.17,87.74,28.38,1.11,30.16,-2.51,0.54,0,0.911,93.9,flight,elite,Elite biomechanics detected.,16
SES_CRI_GOO_0017,athlete_69,2045,cricket_bat,140.18,125.52,148.57,139.12,100.22,100.44,150.87,162.74,92.78,95.43,20.75,2.76,28.84,4.74,0.53,0,0.73,82.9,setup,good,Slight asymmetry detected.,68
SES_SPR_POO_0011,athlete_06,1386,sprint,95.57,109.73,144.42,137.45,117.05,106.46,137.9,117.58,94.73,89.81,53.17,0,39.96,5.21,0.45,0,0.661,34.5,setup,poor,Adjust knee alignment.,46
SES_SPR_GOO_0009,athlete_49,1115,sprint,66.31,61.21,105.21,101.65,79.96,84.42,89.27,109.09,81.22,80.05,15.86,1.23,33.46,-2.28,0.42,0,0.817,78.7,setup,good,Extend hips fully.,37
SES_SNA_GOO_0005,athlete_43,621,snatch,99.34,95.63,118.07,105.27,48.51,44.38,170.58,175.08,76.49,81.43,23.88,0,19.66,0.14,0.6,0,0.856,79.7,flight,good,Extend hips fully.,20
SES_SPR_POO_0011,athlete_75,1333,sprint,94.98,87.68,137.2,137.71,108.87,114.13,129.23,110.29,90.68,88.85,34.62,5.1,21.29,-1.57,0.41,0,0.696,45.4,descent,poor,Work on symmetry.,44
SES_JAV_POO_0015,athlete_10,1817,javelin,140.58,148.5,172.12,178,127.22,137.89,169.02,163.14,72.61,74.08,60.88,3.18,27.74,-0.11,0.37,0,0.573,55.0,takeoff,poor,LOWER HIPS!,60
SES_JAV_ELI_0012,athlete_39,1477,javelin,106.86,100.59,147.71,148.88,169.98,171.68,127.1,128.86,86.09,83.51,40.59,3.11,36.26,1.08,0.56,0,0.76,93.6,setup,elite,Great form! Maintain position.,49
SES_CRI_GOO_0017,athlete_69,2044,cricket_bat,135.18,130.52,143.57,143.57,105.22,95.44,150.53,159.4,97.78,91.64,15.75,2.76,28.84,4.74,0.53,0,0.77,82.7,setup,good,Slight asymmetry detected.,68
SES_CRI_GOO_0017,athlete_79,2081,cricket_bat,131.02,129.38,154.55,138.46,80.68,102.01,147.31,152.57,92.56,89.84,19.53,1.85,32.24,0.43,0.5,0,0.745,76.5,descent,good,"Good depth, push harder through the heels.",69
SES_SNA_ELI_0004,athlete_04,503,snatch,90.82,87.94,93.59,99.76,42.92,42.5,178.27,176.1,83.51,87.74,21.97,1.11,30.16,-2.51,0.54,0,0.921,93.8,flight,elite,Elite biomechanics detected.,16
SES_CRI_ELI_0016,athlete_73,1935,cricket_bat,120.78,121.1,128.14,134.21,89.27,92.24,146.16,141.08,95.37,89.9,21.35,1.45,35.74,1.94,0.43,0,0.805,93.9,takeoff,elite,Hold this form.,64
SES_VER_POO_0003,athlete_19,442,vertical_jump,128.86,143.65,148.05,144.22,81.53,90.68,153.18,149.45,69.41,56.24,40.26,1.73,29.0,-2.4,0.51,24.0,0.658,38.2,flight,poor,Critical form deviation.,14
SES_VER_GOO_0001,athlete_56,183,vertical_jump,101.27,100.01,107.75,103.45,63.57,71.33,138.96,142.7,84.52,77.87,24.25,0.17,23.46,3.3,0.55,44.2,0.864,81.4,setup,good,"Good depth, push harder through the heels.",6
SES_SPR_POO_0011,athlete_75,1331,sprint,94.98,81.88,137.2,127.71,118.37,104.13,129.23,110.29,97.39,86.82,38.24,5.1,21.29,-1.57,0.41,0,0.658,45.3,descent,poor,Work on symmetry.,44
SES_JAV_GOO_0013,athlete_32,1672,javelin,116.2,109.86,155.17,159.15,159.69,162.17,140.01,146.94,78.83,83.72,38.85,2.86,21.56,-0.94,0.54,0,0.716,79.9,takeoff,good,"Good depth, push harder through the heels.",55
SES_SPR_POO_0011,athlete_55,1374,sprint,89.48,91.41,140.53,133.8,105.47,103.43,126.54,130.48,86.11,101.0,52.87,1.53,22.2,7.52,0.52,0,0.699,29.1,takeoff,poor,LOWER HIPS!,45
SES_SNA_GOO_0005,athlete_28,668,snatch,97.99,96.43,114.03,107.69,47.47,48.85,168.07,179.01,75.26,85.91,29.5,1.08,29.28,4.84,0.57,0,0.879,85.3,descent,good,"Good depth, push harder through the heels.",22
SES_JAV_GOO_0013,athlete_07,1601,javelin,108.35,124.57,158.21,155.77,150.95,162.91,123.88,136.16,90.94,85.97,36.68,3.92,21.2,1.99,0.58,0,0.69,83.4,descent,good,"Good depth, push harder through the heels.",53
SES_SPR_ELI_0008,athlete_13,982,sprint,45.29,42.72,95.61,91.11,73.92,79.13,90.82,84.64,68.44,70.71,9.7,2.45,40.04,4.42,0.44,0,0.869,95.1,takeoff,elite,Great form! Maintain position.,32
SES_VER_ELI_0000,athlete_21,24,vertical_jump,91.25,92.29,97.63,101.04,65.83,59.96,117.95,123.69,96.27,83.44,9.4,3.75,40.25,2.33,0.48,49.9,0.946,92.4,landing,elite,Great form! Maintain position.,0
SES_SPR_AVE_0010,athlete_32,1205,sprint,63.83,71.31,118.77,118.41,86.29,97.2,109.92,112.99,88.36,75.74,23.61,1.97,20.64,0.35,0.51,0,0.764,61.1,setup,average,Control trunk lean.,40
SES_JAV_AVE_0014,athlete_52,1705,javelin,125.92,127.64,163.71,152.65,138.97,135.73,145.87,149.95,79.37,80.35,47.15,0,29.45,0.4,0.41,0,0.656,66.2,flight,average,Lower your hips.,56
SES_SPR_AVE_0010,athlete_32,1207,sprint,72.12,81.31,121.61,128.41,94.24,98.49,107.39,105.08,78.36,85.74,28.97,1.97,20.64,0.35,0.51,0,0.745,61.1,setup,average,Control trunk lean.,40
SES_JAV_GOO_0013,athlete_67,1648,javelin,113.71,123.48,149.72,150.68,153.52,156.52,137.49,143.49,78.61,84.35,41.88,2.8,33.22,3.51,0.54,0,0.712,80.8,flight,good,Extend hips fully.,54
SES_CRI_POO_0019,athlete_38,2310,cricket_bat,175,175,125.39,164.87,106.98,107.59,180,145.38,68.51,80.7,28.33,1.56,20.79,1.4,0.53,0,0.548,29.1,setup,poor,Work on symmetry.,77
SES_SNA_ELI_0004,athlete_14,598,snatch,88.53,93.83,108.49,102.42,43.79,33.22,178.62,172.42,92.43,82.49,19.94,1.28,40.29,3.03,0.44,0,0.915,94.0,landing,elite,Great form! Maintain position.,19
SES_JAV_AVE_0014,athlete_73,1761,javelin,121.05,119.71,160.83,165.05,144.28,138.06,144.63,150.39,85.2,73.44,48.98,2.63,19.34,0.28,0.43,0,0.669,56.7,takeoff,average,Control trunk lean.,58
SES_SNA_GOO_0005,athlete_43,609,snatch,96.87,93.74,117.9,109.01,49.44,47.34,176.57,171.73,83.78,85.45,28.64,0,19.66,0.14,0.6,0,0.868,79.1,descent,good,Extend hips fully.,20
SES_SPR_AVE_0010,athlete_04,1243,sprint,73.06,69.11,126.04,118.4,90.79,99.9,102.83,106.74,84.06,81.72,20.04,2.26,17.05,4.37,0.56,0,0.766,65.9,descent,average,Lower your hips.,41
SES_SPR_GOO_0009,athlete_16,1186,sprint,63.27,61.51,103.52,104.26,90.01,87.42,96.5,90.96,80.64,74.08,19.21,0.62,14.63,2.24,0.49,0,0.84,82.4,descent,good,"Good depth, push harder through the heels.",39
SES_SPR_POO_0011,athlete_29,1419,sprint,92.06,103.8,135.24,134.09,90.42,102.34,126.63,137.06,94.1,93.46,35.55,1.78,12.02,4.96,0.53,0,0.679,35.7,setup,poor,Critical form deviation.,47
SES_SPR_GOO_0009,athlete_27,1100,sprint,65.9,55.67,98.68,93.95,74.33,80.71,93.91,101.19,78.71,81.04,11.41,1.98,26.91,2.91,0.54,0,0.789,82.5,takeoff,good,Slight asymmetry detected.,36
SES_CRI_AVE_0018,athlete_72,2276,cricket_bat,156.67,145.82,149.74,167.65,115.24,115.12,168.44,155.56,83.84,77.74,36.28,1.09,28.62,1.85,0.4,0,0.663,60.1,flight,average,Control trunk lean.,75
SES_SNA_POO_0007,athlete_54,853,snatch,116.47,128.9,135.43,145.16,64.22,77.38,141.11,152.46,67.72,68.12,44.24,3.09,29.02,3.78,0.43,0,0.666,41.9,takeoff,poor,Work on symmetry.,28
SES_JAV_ELI_0012,athlete_68,1533,javelin,98.64,108.14,144.08,143.37,166.79,171.18,133.94,142.64,93.02,84.0,42.03,2.6,37.36,-1.48,0.52,0,0.75,93.8,setup,elite,Great form! Maintain position.,51
SES_VER_ELI_0000,athlete_70,73,vertical_jump,95.84,91.68,93.4,98.1,59.06,67.21,112.88,121.74,80.96,88.95,7.6,0.25,28.33,2.73,0.46,77.0,0.932,91.3,takeoff,elite,Hold this form.,2
SES_SPR_GOO_0009,athlete_27,1095,sprint,58.78,47.45,96.76,107.24,78.15,94.21,98.68,100.16,78.61,72.94,16.44,1.98,26.91,2.91,0.54,0,0.76,82.2,descent,good,Slight asymmetry detected.,36
SES_JAV_AVE_0014,athlete_52,1703,javelin,129.84,117.64,164.48,162.65,143.69,145.73,145.87,142.8,69.37,77.39,50.12,0,29.45,0.4,0.41,0,0.648,66.5,flight,average,Lower your hips.,56
SES_SNA_AVE_0006,athlete_11,807,snatch,113.47,113.91,112.09,118.13,58.97,71.24,170.15,153.48,80.46,87.17,35.03,2.17,24.04,5.39,0.42,0,0.803,62.5,landing,average,Activate core more.,26
SES_VER_POO_0003,athlete_61,369,vertical_jump,128.84,124.99,153.1,141.18,90.53,87.12,160.31,137.95,65.19,71.49,41.49,0.87,26.15,-1.22,0.45,17.9,0.668,39.1,descent,poor,Critical form deviation.,12
SES_VER_GOO_0001,athlete_79,214,vertical_jump,108.87,111.72,96.33,101.82,86.48,65.69,130.21,131.45,78.06,87.15,17.83,1.96,23.98,1.93,0.46,37.9,0.855,80.2,setup,good,Slight asymmetry detected.,7
SES_SNA_ELI_0004,athlete_14,581,snatch,91.98,83.81,104.24,103.94,46.83,46.63,180,175.97,92.84,90.96,23.25,1.28,40.29,3.03,0.44,0,0.922,94.8,descent,elite,Great form! Maintain position.,19
SES_CRI_POO_0019,athlete_62,2349,cricket_bat,161.79,167.21,161.26,156.86,102.04,120.58,174.92,155.59,77.45,71.41,52.23,1.68,42.82,-3.36,0.41,0,0.602,31.5,descent,poor,Work on symmetry.,78
SES_SNA_ELI_0004,athlete_04,499,snatch,92.09,87.68,99.07,99.76,39.84,41.35,176.83,179.75,90.96,88.9,21.2,1.11,30.16,-2.51,0.54,0,0.934,94.6,flight,elite,Elite biomechanics detected.,16
SES_SNA_ELI_0004,athlete_04,487,snatch,86.77,89.6,108.12,98.45,42.13,45.23,175.26,180,84.61,88.35,31.07,1.11,30.16,-2.51,0.54,0,0.913,94.9,descent,elite,Elite biomechanics detected.,16
SES_SNA_ELI_0004,athlete_04,504,snatch,95.82,89.94,98.59,102.84,37.92,37.5,180,180,88.51,82.74,26.97,1.11,30.16,-2.51,0.54,0,0.919,93.4,landing,elite,Elite biomechanics detected.,16
SES_SNA_ELI_0004,athlete_27,532,snatch,85.53,97.42,93.0,104.02,41.18,43.62,180,175.89,96.49,94.21,19.33,0,22.75,-0.15,0.55,0,0.873,97.4,flight,elite,Hold this form.,17
SES_SPR_GOO_0009,athlete_16,1194,sprint,60.88,54.26,106.5,105.1,88.92,88.94,95.52,104.34,82.35,79.5,19.9,0.62,14.63,2.24,0.49,0,0.813,82.4,takeoff,good,"Good depth, push harder through the heels.",39
SES_VER_POO_0003,athlete_50,472,vertical_jump,144.19,137.95,144.45,153.46,92.52,96.8,140.47,147.95,67.08,72.28,34.36,0.96,34.75,4.16,0.45,15.6,0.668,34.5,flight,poor,Work on symmetry.,15
SES_VER_POO_0003,athlete_41,409,vertical_jump,127.7,131.85,142.34,127.26,97.2,91.7,128.63,164.38,69.83,72.88,40.84,1.08,32.9,5.5,0.59,9.6,0.658,48.8,flight,poor,Critical form deviation.,13
SES_CRI_POO_0019,athlete_25,2299,cricket_bat,146.3,161.02,159.24,173.17,126.67,143.19,175.0,165.0,78.94,86.73,58.86,4.06,24.64,1.83,0.39,0,0.564,34.2,takeoff,poor,Critical form deviation.,76
SES_VER_GOO_0001,athlete_56,181,vertical_jump,91.27,100.01,107.75,103.45,73.57,61.33,142.86,145.8,76.85,80.3,14.25,0.17,23.46,3.3,0.55,44.2,0.839,81.7,setup,good,"Good depth, push harder through the heels.",6
SES_SNA_ELI_0004,athlete_04,508,snatch,84.84,83.18,100.89,94.46,40.78,43.91,178.27,179.92,94.27,94.94,18.08,1.11,30.16,-2.51,0.54,0,0.925,93.2,landing,elite,Elite biomechanics detected.,16
SES_JAV_AVE_0014,athlete_60,1723,javelin,128.51,128.77,167.44,169.67,142.85,151.35,145.33,166.54,74.81,82.74,46.83,3.8,21.97,3.08,0.59,0,0.675,65.7,descent,average,Activate core more.,57
SES_JAV_GOO_0013,athlete_67,1649,javelin,114.11,127.49,154.72,155.68,158.52,161.52,142.49,138.49,83.61,79.35,41.2,2.8,33.22,3.51,0.54,0,0.703,81.1,flight,good,Extend hips fully.,54
SES_SNA_AVE_0006,athlete_11,806,snatch,108.47,108.91,117.09,123.13,63.97,76.24,175.15,148.48,75.46,82.17,40.03,2.17,24.04,5.39,0.42,0,0.803,62.3,landing,average,Activate core more.,26
SES_CRI_GOO_0017,athlete_69,2049,cricket_bat,130.18,128.62,157.81,143.81,90.22,100.34,160.87,162.74,92.78,91.63,20.75,2.76,28.84,4.74,0.53,0,0.75,83.2,descent,good,Slight asymmetry detected.,68
SES_CRI_GOO_0017,athlete_79,2089,cricket_bat,132.3,127.7,159.14,144.7,91.57,91.54,137.31,150.17,83.99,85.48,24.8,1.85,32.24,0.43,0.5,0,0.742,76.5,takeoff,good,"Good depth, push harder through the heels.",69
SES_VER_POO_0003,athlete_19,427,vertical_jump,135.54,125.34,148.44,147.07,78.68,87.47,160.19,139.67,81.09,74.91,37.08,1.73,29.0,-2.4,0.51,24.0,0.675,38.2,descent,poor,Critical form deviation.,14
SES_VER_GOO_0001,athlete_79,213,vertical_jump,103.87,108.38,99.44,106.31,81.48,70.69,125.21,136.45,82.0,92.15,14.71,1.96,23.98,1.93,0.46,37.9,0.846,80.6,setup,good,Slight asymmetry detected.,7
SES_SPR_GOO_0009,athlete_27,1083,sprint,59.02,59.38,117.63,104.89,95.2,83.68,109.65,91.98,74.84,75.18,13.45,1.98,26.91,2.91,0.54,0,0.816,81.1,setup,good,Slight asymmetry detected.,36
SES_JAV_ELI_0012,athlete_68,1554,javelin,110.17,106.13,140.6,147.7,174.16,162.69,119.13,133.09,90.25,85.61,34.44,2.6,37.36,-1.48,0.52,0,0.754,96.7,flight,elite,Great form! Maintain position.,51
SES_CRI_ELI_0016,athlete_76,2029,cricket_bat,126.82,117.01,137.75,134.64,85.58,84.3,140.8,150.28,82.51,94.28,22.22,2.15,51.96,3.27,0.46,0,0.79,95.2,takeoff,elite,Hold this form.,67
SES_JAV_AVE_0014,athlete_52,1695,javelin,128.52,127.02,152.12,159.0,143.69,152.49,137.88,144.47,76.88,84.74,50.27,0,29.45,0.4,0.41,0,0.663,66.6,takeoff,average,Lower your hips.,56
SES_VER_AVE_0002,athlete_13,341,vertical_jump,109.14,119.79,123.61,121.15,83.26,86.38,122.12,136.66,71.01,79.21,22.82,1.86,26.22,-0.99,0.57,41.1,0.765,65.1,descent,average,Lower your hips.,11
SES_SPR_POO_0011,athlete_55,1353,sprint,101.99,76.35,140.49,134.17,102.61,89.66,136.6,142.27,113.44,88.01,33.89,1.53,22.2,7.52,0.52,0,0.631,29.3,setup,poor,LOWER HIPS!,45
SES_CRI_AVE_0018,athlete_72,2266,cricket_bat,152.64,140.62,159.65,157.59,120.86,115.82,158.44,162.98,88.64,82.73,35.29,1.09,28.62,1.85,0.4,0,0.693,60.3,takeoff,average,Control trunk lean.,75
SES_JAV_AVE_0014,athlete_66,1787,javelin,136.71,135.8,166.96,169.68,135.64,142.6,140.76,154.52,78.19,73.8,55.18,1.12,29.98,1.94,0.39,0,0.673,57.0,takeoff,average,Control trunk lean.,59
SES_CRI_ELI_0016,athlete_76,2033,cricket_bat,130.67,127.01,134.33,136.39,85.58,94.3,136.98,138.13,94.01,86.74,12.22,2.15,51.96,3.27,0.46,0,0.807,95.4,flight,elite,Hold this form.,67
SES_JAV_POO_0015,athlete_47,1862,javelin,141.44,156.51,173.0,161.21,149.51,127.32,168.19,171.41,66.66,73.29,70.0,4.82,22.78,-0.61,0.3,0,0.548,42.8,setup,poor,Critical form deviation.,62
SES_JAV_AVE_0014,athlete_66,1784,javelin,121.71,125.51,161.96,157.55,140.64,137.6,137.62,149.52,87.53,76.24,56.96,1.12,29.98,1.94,0.39,0,0.662,56.8,descent,average,Control trunk lean.,59
SES_VER_GOO_0001,athlete_52,170,vertical_jump,93.73,95.81,104.15,111.32,62.42,70.43,137.78,115.72,90.44,82.61,16.28,4.13,17.4,-1.83,0.55,44.6,0.853,81.8,flight,good,Extend hips fully.,5
SES_JAV_AVE_0014,athlete_73,1756,javelin,120.31,126.75,166.71,156.87,149.28,149.72,149.53,147.93,71.99,73.51,62.05,2.63,19.34,0.28,0.43,0,0.646,57.5,takeoff,average,Control trunk lean.,58
SES_SPR_ELI_0008,athlete_61,1066,sprint,44.98,47.22,99.45,86.17,74.28,77.46,83.49,84.14,69.2,64.28,13.84,3.43,35.85,2.18,0.64,0,0.845,98.3,descent,elite,Hold this form.,35
SES_SNA_AVE_0006,athlete_23,770,snatch,112.8,106.37,114.57,120.48,70.85,69.35,159.01,160.17,70.73,84.81,30.79,1.02,17.89,-0.36,0.51,0,0.787,58.3,flight,average,Lower your hips.,25
SES_VER_POO_0003,athlete_50,461,vertical_jump,139.19,138.06,127.74,149.62,67.52,96.56,155.47,135.01,69.5,65.13,32.95,0.96,34.75,4.16,0.45,15.6,0.646,34.9,descent,poor,Work on symmetry.,15
SES_SNA_GOO_0005,athlete_43,628,snatch,87.64,95.26,117.87,124.34,53.51,50.58,178.62,172.32,78.58,80.88,21.29,0,19.66,0.14,0.6,0,0.857,79.2,landing,good,Extend hips fully.,20
SES_VER_ELI_0000,athlete_49,38,vertical_jump,88.47,93.65,92.8,96.62,70.25,61.4,118.81,119.59,81.88,86.0,9.01,4.68,33.72,-0.49,0.5,65.6,0.93,94.7,descent,elite,Elite biomechanics detected.,1
SES_SPR_ELI_0008,athlete_13,970,sprint,49.36,45.04,92.99,96.03,76.54,77.36,95.39,80.4,66.09,73.89,13.07,2.45,40.04,4.42,0.44,0,0.864,93.3,descent,elite,Great form! Maintain position.,32
SES_VER_GOO_0001,athlete_56,180,vertical_jump,86.27,105.01,102.75,102.13,68.57,65.17,147.86,150.8,71.85,75.3,9.25,0.17,23.46,3.3,0.55,44.2,0.825,81.8,setup,good,"Good depth, push harder through the heels.",6
SES_SPR_GOO_0009,athlete_16,1181,sprint,62.4,60.92,111.66,91.04,80.86,92.34,91.5,103.49,65.64,69.08,23.37,0.62,14.63,2.24,0.49,0,0.787,81.5,descent,good,"Good depth, push harder through the heels.",39
SES_JAV_POO_0015,athlete_04,1907,javelin,155.42,148.57,169.12,153.07,128.14,139.63,164.34,163.6,68.21,68.57,49.94,1.91,22.23,2.77,0.47,0,0.558,26.3,takeoff,poor,Work on symmetry.,63
SES_JAV_POO_0015,athlete_04,1910,javelin,150.42,143.56,166.63,162.09,133.14,144.63,169.34,158.6,73.21,65.89,54.49,1.91,22.23,2.77,0.47,0,0.578,27.4,takeoff,poor,Work on symmetry.,63
SES_VER_ELI_0000,athlete_49,59,vertical_jump,93.62,99.17,94.97,94.78,58.3,54.01,117.78,124.36,90.28,88.28,18.03,4.68,33.72,-0.49,0.5,65.6,0.942,94.5,landing,elite,Elite biomechanics detected.,1
SES_CRI_POO_0019,athlete_62,2366,cricket_bat,150.94,158.51,156.01,164.13,134.83,129.07,175.0,171.0,80.5,69.94,48.42,1.68,42.82,-3.36,0.41,0,0.589,32.7,flight,poor,Work on symmetry.,78
SES_JAV_POO_0015,athlete_10,1816,javelin,145.58,143.5,167.12,173.0,132.22,132.89,164.02,158.14,67.61,79.08,65.88,3.18,27.74,-0.11,0.37,0,0.585,55.1,takeoff,poor,LOWER HIPS!,60
SES_SPR_GOO_0009,athlete_08,1164,sprint,52.92,57.47,102.82,99.05,81.4,99.59,92.29,104.78,76.95,79.98,13.9,0,22.24,0.22,0.41,0,0.813,84.5,takeoff,good,"Good depth, push harder through the heels.",38
SES_VER_AVE_0002,athlete_29,315,vertical_jump,110.91,113.61,122.69,117.14,77.28,88.07,143.25,143.0,68.84,76.82,21.62,0.52,14.14,-2.09,0.44,42.1,0.779,68.9,takeoff,average,Activate core more.,10
SES_VER_GOO_0001,athlete_56,200,vertical_jump,97.56,90.13,109.64,104.76,69.82,78.51,121.15,133.94,91.2,77.47,21.5,0.17,23.46,3.3,0.55,44.2,0.844,81.2,flight,good,"Good depth, push harder through the heels.",6
SES_CRI_GOO_0017,athlete_79,2083,cricket_bat,125.53,122.72,144.78,140.56,89.28,92.31,147.31,149.55,85.69,89.84,29.53,1.85,32.24,0.43,0.5,0,0.765,77.0,descent,good,"Good depth, push harder through the heels.",69
SES_JAV_AVE_0014,athlete_73,1742,javelin,146.8,133.53,168.0,165.08,141.24,142.87,144.15,137.2,74.25,78.02,66.69,2.63,19.34,0.28,0.43,0,0.648,57.3,setup,average,Control trunk lean.,58
SES_CRI_POO_0019,athlete_48,2376,cricket_bat,155.21,147.32,173.33,169.46,132.45,127.16,164.94,164.46,83.11,86.51,43.15,2.94,17.15,5.67,0.57,0,0.598,51.2,setup,poor,Critical form deviation.,79
SES_VER_GOO_0001,athlete_79,230,vertical_jump,100.01,105.37,106.82,101.63,77.89,72.3,134.71,120.31,94.52,86.13,17.96,1.96,23.98,1.93,0.46,37.9,0.849,79.2,flight,good,Slight asymmetry detected.,7
SES_VER_GOO_0001,athlete_56,187,vertical_jump,91.27,90.01,104.74,103.45,60.83,63.95,138.96,142.7,94.52,81.94,19.05,0.17,23.46,3.3,0.55,44.2,0.872,81.9,descent,good,"Good depth, push harder through the heels.",6
SES_CRI_ELI_0016,athlete_64,1993,cricket_bat,109.36,125.91,130.6,135.87,83.32,90.18,135.73,152.83,84.47,97.41,23.17,2.29,48.83,2.19,0.45,0,0.762,97.1,descent,elite,Hold this form.,66
SES_CRI_AVE_0018,athlete_59,2171,cricket_bat,145.49,151.71,155.55,165.3,126.73,103.98,155.73,164.91,93.87,80.12,31.78,3.51,36.71,4.25,0.4,0,0.688,64.2,descent,average,Activate core more.,72
SES_SPR_GOO_0009,athlete_27,1084,sprint,64.02,60.21,112.63,99.89,90.2,88.68,109.99,92.18,79.71,70.18,8.45,1.98,26.91,2.91,0.54,0,0.798,81.1,setup,good,Slight asymmetry detected.,36
SES_SNA_ELI_0004,athlete_35,541,snatch,82.73,87.61,101.54,97.79,40.49,36.05,179.84,176.63,96.38,85.44,20.69,3.24,49.53,0.28,0.53,0,0.921,95.9,setup,elite,Elite biomechanics detected.,18
SES_SNA_ELI_0004,athlete_27,516,snatch,81.58,88.66,101.76,97.44,41.84,34.62,177.73,180,92.37,89.56,21.21,0,22.75,-0.15,0.55,0,0.911,95.6,descent,elite,Hold this form.,17
SES_SPR_AVE_0010,athlete_67,1276,sprint,70.21,68.09,119.93,120.96,80.95,101.63,105.61,119.18,86.38,90.14,37.87,1.85,28.51,1.34,0.4,0,0.788,65.5,descent,average,Lower your hips.,42
SES_JAV_GOO_0013,athlete_67,1624,javelin,104.88,112.13,160.9,154.07,160.92,156.0,147.88,134.91,84.26,80.46,44.1,2.8,33.22,3.51,0.54,0,0.707,81.5,setup,good,Extend hips fully.,54
SES_CRI_AVE_0018,athlete_59,2162,cricket_bat,148.54,150.23,150.42,158.51,125.2,108.51,144.16,169.95,78.87,85.79,35.68,3.51,36.71,4.25,0.4,0,0.7,63.4,setup,average,Activate core more.,72
SES_VER_POO_0003,athlete_50,474,vertical_jump,134.19,137.95,149.32,146.12,92.52,96.8,140.47,137.95,62.27,72.28,44.36,0.96,34.75,4.16,0.45,15.6,0.685,34.5,landing,poor,Work on symmetry.,15
SES_SPR_GOO_0009,athlete_16,1199,sprint,62.12,63.16,104.68,101.49,77.55,85.51,100.52,86.09,85.49,74.5,18.72,0.62,14.63,2.24,0.49,0,0.836,82.4,takeoff,good,"Good depth, push harder through the heels.",39
SES_JAV_ELI_0012,athlete_68,1548,javelin,110.04,107.02,144.79,145.56,171.01,164.74,129.74,133.09,90.67,84.08,31.89,2.6,37.36,-1.48,0.52,0,0.77,95.9,takeoff,elite,Great form! Maintain position.,51
SES_VER_ELI_0000,athlete_70,66,vertical_jump,91.92,90.46,91.24,97.4,61.85,58.97,117.88,123.8,93.71,84.75,14.53,0.25,28.33,2.73,0.46,77.0,0.935,91.2,descent,elite,Hold this form.,2
SES_SNA_AVE_0006,athlete_29,813,snatch,118.09,110.87,123.5,129.43,76.26,59.05,151.77,162.45,83.41,76.32,38.09,1.24,26.33,-0.49,0.41,0,0.787,64.3,setup,average,Control trunk lean.,27
SES_CRI_POO_0019,athlete_62,2359,cricket_bat,155.94,163.51,158.11,167.14,132.04,134.97,173.29,175.0,89.84,86.5,54.76,1.68,42.82,-3.36,0.41,0,0.588,33.0,takeoff,poor,Work on symmetry.,78
SES_JAV_GOO_0013,athlete_32,1675,javelin,114.71,114.86,159.29,154.15,151.34,160.12,136.14,138.65,83.58,86.86,39.01,2.86,21.56,-0.94,0.54,0,0.73,79.7,flight,good,"Good depth, push harder through the heels.",55
SES_VER_ELI_0000,athlete_70,75,vertical_jump,95.5,92.25,98.46,100.96,64.93,67.21,122.88,121.74,89.59,97.08,17.6,0.25,28.33,2.73,0.46,77.0,0.942,91.8,takeoff,elite,Hold this form.,2
SES_VER_AVE_0002,athlete_13,340,vertical_jump,114.14,114.79,121.31,126.15,88.26,81.38,127.12,131.66,76.01,74.21,18.1,1.86,26.22,-0.99,0.57,41.1,0.786,65.3,descent,average,Lower your hips.,11
SES_CRI_POO_0019,athlete_25,2302,cricket_bat,151.3,156.32,152.01,168.17,125.88,128.19,170.0,166.32,80.67,81.73,54.37,4.06,24.64,1.83,0.39,0,0.578,34.5,takeoff,poor,Critical form deviation.,76
SES_SPR_AVE_0010,athlete_32,1225,sprint,69.45,72.09,128.39,110.55,79.35,90.05,106.24,115.48,85.0,72.59,26.45,1.97,20.64,0.35,0.51,0,0.747,60.8,takeoff,average,Control trunk lean.,40
SES_CRI_ELI_0016,athlete_44,1973,cricket_bat,114.73,122.97,128.32,130.62,85.27,77.64,153.08,146.72,92.64,86.92,17.68,0.49,26.81,2.6,0.45,0,0.793,95.4,flight,elite,Great form! Maintain position.,65
SES_VER_ELI_0000,athlete_21,22,vertical_jump,90.02,88.43,97.63,97.37,58.09,69.96,117.95,123.69,95.94,91.12,9.4,3.75,40.25,2.33,0.48,49.9,0.954,92.0,flight,elite,Great form! Maintain position.,0
SES_VER_POO_0003,athlete_41,404,vertical_jump,136.22,138.19,133.98,142.15,101.8,88.67,140.54,160.69,64.83,69.38,39.62,1.08,32.9,5.5,0.59,9.6,0.677,48.9,takeoff,poor,Critical form deviation.,13
SES_JAV_POO_0015,athlete_28,1857,javelin,144.21,150.38,165.0,177.97,131.35,139.43,178.78,167.7,78.56,78.0,70.88,1.63,30.33,3.74,0.48,0,0.564,32.2,flight,poor,LOWER HIPS!,61
SES_VER_POO_0003,athlete_19,441,vertical_jump,133.86,138.65,146.05,139.22,76.53,93.21,148.18,144.45,74.41,61.24,35.26,1.73,29.0,-2.4,0.51,24.0,0.675,38.5,flight,poor,Critical form deviation.,14
SES_CRI_POO_0019,athlete_25,2309,cricket_bat,167.79,150.55,174.83,150.62,130.88,122.98,160.83,163.41,78.78,82.89,58.32,4.06,24.64,1.83,0.39,0,0.548,34.2,flight,poor,Critical form deviation.,76
SES_SNA_POO_0007,athlete_79,873,snatch,142.13,130.67,144.37,154.84,81.16,104.09,175.0,142.26,80.52,76.95,30.58,1.83,32.0,4.97,0.38,0,0.674,43.7,setup,poor,Critical form deviation.,29
SES_VER_AVE_0002,athlete_48,273,vertical_jump,117.23,115.0,112.8,126.17,80.01,91.78,145.81,163.48,72.23,79.63,23.05,2.17,34.4,4.18,0.43,27.5,0.759,62.7,setup,average,Lower your hips.,9
SES_SNA_POO_0007,athlete_11,901,snatch,125.65,147.24,154.68,143.35,89.88,93.27,135.96,167.81,79.32,73.51,36.77,2.14,29.83,1.47,0.37,0,0.646,43.0,setup,poor,Work on symmetry.,30
SES_SNA_ELI_0004,athlete_27,535,snatch,90.53,96.03,98.0,94.61,41.57,44.45,176.15,175.98,91.49,83.23,25.05,0,22.75,-0.15,0.55,0,0.921,96.7,landing,elite,Hold this form.,17
SES_JAV_ELI_0012,athlete_53,1523,javelin,104.46,104.08,151.74,143.91,171.4,173.92,127.82,125.94,86.34,86.76,34.1,0.72,20.53,-0.49,0.53,0,0.763,93.9,flight,elite,Great form! Maintain position.,50
SES_CRI_AVE_0018,athlete_72,2277,cricket_bat,161.67,150.76,154.74,162.65,110.24,110.12,163.44,160.56,88.84,82.74,41.28,1.09,28.62,1.85,0.4,0,0.684,59.9,flight,average,Control trunk lean.,75
SES_CRI_AVE_0018,athlete_72,2253,cricket_bat,130.74,146.86,162.94,173.37,135.29,118.11,172.27,158.01,94.67,92.08,33.9,1.09,28.62,1.85,0.4,0,0.664,61.0,setup,average,Control trunk lean.,75
SES_SPR_ELI_0008,athlete_23,1031,sprint,46.48,48.42,90.68,92.62,81.98,73.69,92.37,87.4,72.49,68.6,13.1,0.7,42.08,0.04,0.55,0,0.881,93.7,descent,elite,Hold this form.,34
SES_VER_POO_0003,athlete_19,435,vertical_jump,133.86,138.25,147.48,139.93,86.53,83.21,151.82,149.67,66.01,64.07,47.08,1.73,29.0,-2.4,0.51,24.0,0.675,38.8,takeoff,poor,Critical form deviation.,14
SES_JAV_ELI_0012,athlete_49,1451,javelin,103.08,106.4,151.72,141.05,169.84,170.02,125.89,134.85,92.74,90.76,31.36,1.47,27.08,1.79,0.39,0,0.749,95.4,descent,elite,Great form! Maintain position.,48
SES_VER_AVE_0002,athlete_23,260,vertical_jump,117.91,110.38,124.19,129.78,76.98,91.89,149.61,146.51,76.87,69.74,26.52,1.55,37.69,-0.28,0.5,39.9,0.767,62.8,flight,average,Lower your hips.,8
SES_VER_POO_0003,athlete_61,370,vertical_jump,123.84,129.99,148.1,146.18,92.38,83.33,155.31,132.95,70.19,66.49,37.2,0.87,26.15,-1.22,0.45,17.9,0.681,38.7,descent,poor,Critical form deviation.,12
SES_VER_AVE_0002,athlete_23,246,vertical_jump,114.09,115.24,125.4,116.53,83.22,70.7,150.84,140.03,86.73,85.21,22.56,1.55,37.69,-0.28,0.5,39.9,0.776,61.3,descent,average,Lower your hips.,8
SES_JAV_POO_0015,athlete_04,1914,javelin,140.42,139.75,157.63,172.09,133.14,134.63,160.34,155.15,73.21,69.54,63.52,1.91,22.23,2.77,0.47,0,0.571,27.2,flight,poor,Work on symmetry.,63
SES_VER_AVE_0002,athlete_13,331,vertical_jump,104.83,114.78,131.84,114.5,63.26,81.45,118.21,136.66,87.36,84.66,33.1,1.86,26.22,-0.99,0.57,41.1,0.732,65.1,setup,average,Lower your hips.,11
SES_VER_AVE_0002,athlete_48,285,vertical_jump,114.53,117.56,123.77,115.99,77.49,83.53,140.83,139.5,79.4,80.51,20.49,2.17,34.4,4.18,0.43,27.5,0.773,63.3,takeoff,average,Lower your hips.,9
SES_SNA_AVE_0006,athlete_23,773,snatch,114.97,104.52,116.59,118.13,68.52,64.35,150.05,165.17,85.73,79.81,35.87,1.02,17.89,-0.36,0.51,0,0.789,58.7,flight,average,Lower your hips.,25
SES_CRI_ELI_0016,athlete_44,1978,cricket_bat,121.35,121.48,146.07,141.39,95.57,91.75,158.32,158.51,88.68,87.55,21.38,0.49,26.81,2.6,0.45,0,0.81,95.8,flight,elite,Great form! Maintain position.,65
SES_CRI_AVE_0018,athlete_33,2220,cricket_bat,139.42,147.95,151.84,168.11,131.98,118.49,180,156.56,77.43,90.11,15.08,0.2,16.78,4.95,0.41,0,0.674,61.6,setup,average,Activate core more.,74
SES_VER_ELI_0000,athlete_21,25,vertical_jump,96.25,97.29,92.63,96.2,70.48,64.96,112.95,118.69,93.87,88.44,10.01,3.75,40.25,2.33,0.48,49.9,0.945,92.8,landing,elite,Great form! Maintain position.,0
SES_CRI_GOO_0017,athlete_15,2119,cricket_bat,123.41,124.44,154.96,140.39,102.6,107.0,155.98,160.07,93.98,99.05,27.41,0.97,12.01,-2.16,0.36,0,0.749,83.3,takeoff,good,Slight asymmetry detected.,70
SES_CRI_AVE_0018,athlete_72,2267,cricket_bat,157.09,135.62,154.65,152.59,115.86,110.82,153.44,167.98,90.51,87.73,33.58,1.09,28.62,1.85,0.4,0,0.675,60.0,takeoff,average,Control trunk lean.,75
SES_SNA_POO_0007,athlete_54,841,snatch,145.52,122.29,124.49,140.35,79.8,77.67,107.87,141.89,60.01,79.16,37.04,3.09,29.02,3.78,0.43,0,0.634,43.8,setup,poor,Work on symmetry.,28
SES_CRI_POO_0019,athlete_48,2392,cricket_bat,151.1,159.6,162.02,166.14,146.53,133.35,179.02,176.64,78.37,74.77,61.68,2.94,17.15,5.67,0.57,0,0.595,50.0,takeoff,poor,Critical form deviation.,79
SES_JAV_POO_0015,athlete_47,1882,javelin,137.74,142.19,172.59,171.62,143.68,113.43,159.42,167.2,73.39,78.92,47.25,4.82,22.78,-0.61,0.3,0,0.589,41.6,takeoff,poor,Critical form deviation.,62
SES_CRI_ELI_0016,athlete_64,2003,cricket_bat,110.91,124.93,134.44,136.86,79.47,87.3,150.62,133.52,89.84,88.47,19.27,2.29,48.83,2.19,0.45,0,0.777,97.6,flight,elite,Hold this form.,66
SES_VER_ELI_0000,athlete_49,36,vertical_jump,95.67,90.07,92.8,93.02,60.25,71.4,121.81,109.59,81.88,87.03,9.2,4.68,33.72,-0.49,0.5,65.6,0.942,94.3,descent,elite,Elite biomechanics detected.,1
SES_SNA_POO_0007,athlete_43,940,snatch,136.77,123.96,140.3,151.41,82.34,74.47,145.21,143.53,64.23,65.21,58.35,3.11,12.22,5.96,0.37,0,0.668,32.4,descent,poor,LOWER HIPS!,31
SES_SPR_POO_0011,athlete_55,1365,sprint,98.06,92.99,125.53,123.14,106.55,109.27,126.6,114.4,87.37,96.08,35.24,1.53,22.2,7.52,0.52,0,0.699,29.5,descent,poor,LOWER HIPS!,45
SES_CRI_AVE_0018,athlete_59,2166,cricket_bat,150.49,141.96,140.55,158.28,122.53,108.51,144.16,159.95,78.87,89.87,36.78,3.51,36.71,4.25,0.4,0,0.665,64.1,setup,average,Activate core more.,72
SES_CRI_GOO_0017,athlete_15,2116,cricket_bat,123.85,128.15,159.96,138.5,107.6,94.79,150.98,158.4,90.43,86.74,24.71,0.97,12.01,-2.16,0.36,0,0.729,83.0,takeoff,good,Slight asymmetry detected.,70
SES_SPR_ELI_0008,athlete_13,965,sprint,58.81,50.97,89.65,93.66,76.97,76.98,89.65,83.43,73.63,75.84,11.13,2.45,40.04,4.42,0.44,0,0.847,93.7,setup,elite,Great form! Maintain position.,32
SES_JAV_POO_0015,athlete_47,1878,javelin,147.74,142.19,162.59,167.63,131.79,126.19,159.42,158.59,73.39,70.09,52.71,4.82,22.78,-0.61,0.3,0,0.579,42.5,takeoff,poor,Critical form deviation.,62
SES_SNA_GOO_0005,athlete_22,634,snatch,101.16,103.19,114.64,112.56,53.99,58.65,176.71,170.48,79.0,84.23,29.7,1.84,29.67,4.16,0.43,0,0.889,80.2,setup,good,Slight asymmetry detected.,21
SES_SPR_AVE_0010,athlete_49,1306,sprint,78.15,72.75,117.79,114.14,95.12,96.17,106.4,119.59,80.21,87.7,20.85,0.95,27.31,6.44,0.43,0,0.77,70.4,descent,average,Control trunk lean.,43
SES_SPR_AVE_0010,athlete_32,1220,sprint,70.05,71.02,137.78,120.87,94.35,99.91,102.93,110.48,80.35,86.8,24.61,1.97,20.64,0.35,0.51,0,0.759,60.0,takeoff,average,Control trunk lean.,40
SES_VER_POO_0003,athlete_19,447,vertical_jump,122.59,145.09,143.05,139.22,86.53,85.68,153.5,154.45,80.59,71.75,53.79,1.73,29.0,-2.4,0.51,24.0,0.637,37.3,landing,poor,Critical form deviation.,14
SES_SPR_ELI_0008,athlete_61,1075,sprint,38.94,48.12,82.48,85.19,69.54,70.57,91.13,97.04,70.31,67.2,13.12,3.43,35.85,2.18,0.64,0,0.819,97.8,takeoff,elite,Hold this form.,35
SES_SNA_GOO_0005,athlete_22,639,snatch,93.6,94.68,116.04,107.56,58.89,53.65,166.53,165.48,87.67,89.23,30.95,1.84,29.67,4.16,0.43,0,0.875,80.4,descent,good,Slight asymmetry detected.,21
SES_SPR_GOO_0009,athlete_49,1139,sprint,67.14,54.68,97.74,97.11,93.48,72.42,96.36,99.61,82.59,83.34,25.93,1.23,33.46,-2.28,0.42,0,0.792,79.1,takeoff,good,Extend hips fully.,37
SES_VER_POO_0003,athlete_19,423,vertical_jump,120.07,127.87,136.69,150.22,88.68,87.47,175.0,125.97,61.09,79.65,28.97,1.73,29.0,-2.4,0.51,24.0,0.651,37.9,setup,poor,Critical form deviation.,14
SES_SNA_POO_0007,athlete_11,922,snatch,127.16,125.82,140.57,147.61,83.67,78.19,138.27,134.56,76.77,70.41,46.74,2.14,29.83,1.47,0.37,0,0.702,43.8,flight,poor,Work on symmetry.,30
SES_SNA_ELI_0004,athlete_14,593,snatch,83.92,90.43,95.31,96.14,40.83,43.63,179.32,177.69,86.17,87.84,28.67,1.28,40.29,3.03,0.44,0,0.924,95.0,flight,elite,Great form! Maintain position.,19
SES_CRI_AVE_0018,athlete_72,2257,cricket_bat,141.89,147.86,157.07,157.8,125.29,118.11,177.06,158.01,92.29,82.94,40.29,1.09,28.62,1.85,0.4,0,0.706,60.3,setup,average,Control trunk lean.,75
SES_SNA_POO_0007,athlete_79,899,snatch,131.17,128.23,143.23,151.79,78.79,84.22,149.9,128.63,66.17,73.28,45.31,1.83,32.0,4.97,0.38,0,0.695,41.0,landing,poor,Critical form deviation.,29
SES_CRI_AVE_0018,athlete_15,2214,cricket_bat,143.37,138.29,159.73,148.82,108.62,115.55,161.26,165.13,84.32,84.67,34.31,0.11,23.44,0.01,0.47,0,0.689,65.6,flight,average,Activate core more.,73
SES_CRI_ELI_0016,athlete_44,1964,cricket_bat,114.38,123.31,144.44,133.69,84.11,87.12,142.05,134.26,90.62,94.53,23.86,0.49,26.81,2.6,0.45,0,0.774,96.3,descent,elite,Great form! Maintain position.,65
SES_SNA_GOO_0005,athlete_22,658,snatch,90.19,97.28,114.04,119.94,47.88,50.95,166.47,169.85,99.83,81.14,31.17,1.84,29.67,4.16,0.43,0,0.861,82.1,landing,good,Slight asymmetry detected.,21
SES_VER_POO_0003,athlete_50,469,vertical_jump,139.19,142.62,149.45,138.46,87.52,81.8,155.47,146.2,69.5,68.78,39.26,0.96,34.75,4.16,0.45,15.6,0.671,34.7,flight,poor,Work on symmetry.,15
SES_JAV_POO_0015,athlete_47,1866,javelin,142.24,141.97,165.84,169.84,131.06,123.11,158.19,161.41,75.5,73.29,62.09,4.82,22.78,-0.61,0.3,0,0.592,43.1,setup,poor,Critical form deviation.,62
SES_CRI_ELI_0016,athlete_64,2007,cricket_bat,121.95,118.03,144.44,133.98,81.43,84.88,140.62,143.52,89.84,86.78,24.31,2.29,48.83,2.19,0.45,0,0.789,98.4,flight,elite,Hold this form.,66
SES_CRI_AVE_0018,athlete_59,2179,cricket_bat,140.62,152.51,153.39,155.74,102.26,127.76,170.04,157.56,99.27,89.26,26.27,3.51,36.71,4.25,0.4,0,0.69,64.3,takeoff,average,Activate core more.,72
SES_VER_AVE_0002,athlete_23,240,vertical_jump,110.61,117.7,117.92,124.93,93.22,40.7,130.84,130.03,94.06,97.56,40.08,1.55,37.69,-0.28,0.5,39.9,0.765,62.0,setup,average,Lower your hips.,8
SES_VER_POO_0003,athlete_19,439,vertical_jump,143.86,138.25,146.05,135.97,76.53,93.21,148.18,144.45,74.41,64.23,35.26,1.73,29.0,-2.4,0.51,24.0,0.668,38.4,flight,poor,Critical form deviation.,14
SES_VER_POO_0003,athlete_19,431,vertical_jump,142.22,128.25,152.75,136.89,97.23,94.48,150.19,139.67,66.88,64.07,27.08,1.73,29.0,-2.4,0.51,24.0,0.639,38.1,descent,poor,Critical form deviation.,14
SES_SPR_POO_0011,athlete_29,1430,sprint,80.91,88.8,147.04,148.2,109.26,105.71,122.55,132.06,97.99,88.32,34.39,1.78,12.02,4.96,0.53,0,0.688,35.8,takeoff,poor,Critical form deviation.,47
SES_JAV_GOO_0013,athlete_67,1638,javelin,105.45,103.88,156.06,159.51,156.37,162.66,135.07,132.46,87.75,94.16,52.63,2.8,33.22,3.51,0.54,0,0.729,81.5,takeoff,good,Extend hips fully.,54
SES_SPR_POO_0011,athlete_29,1422,sprint,97.06,88.8,120.24,134.91,95.32,108.25,131.72,142.06,99.1,84.78,30.55,1.78,12.02,4.96,0.53,0,0.658,36.2,descent,poor,Critical form deviation.,47
SES_SPR_AVE_0010,athlete_49,1294,sprint,64.21,60.79,122.42,110.8,91.91,106.17,122.62,111.07,82.18,84.04,19.63,0.95,27.31,6.44,0.43,0,0.756,69.9,setup,average,Control trunk lean.,43
SES_CRI_GOO_0017,athlete_65,2148,cricket_bat,136.04,125.99,151.95,145.58,85.48,99.66,159.03,157.33,87.71,87.51,28.72,1.17,24.6,4.25,0.43,0,0.745,82.4,takeoff,good,"Good depth, push harder through the heels.",71
SES_VER_POO_0003,athlete_19,449,vertical_jump,132.59,135.09,142.18,142.25,86.53,75.68,153.24,154.45,70.59,63.75,53.79,1.73,29.0,-2.4,0.51,24.0,0.694,38.1,landing,poor,Critical form deviation.,14
SES_SNA_POO_0007,athlete_79,895,snatch,141.17,122.33,146.68,137.03,83.48,81.28,139.9,145.37,66.17,78.67,46.66,1.83,32.0,4.97,0.38,0,0.66,41.4,landing,poor,Critical form deviation.,29
SES_SNA_POO_0007,athlete_43,934,snatch,123.08,131.23,151.31,145.99,85.59,79.31,129.93,173.53,70.07,66.62,48.35,3.11,12.22,5.96,0.37,0,0.69,33.0,setup,poor,LOWER HIPS!,31
SES_VER_POO_0003,athlete_19,445,vertical_jump,129.37,140.21,133.05,139.22,86.53,85.68,158.18,154.45,74.41,61.75,53.79,1.73,29.0,-2.4,0.51,24.0,0.661,37.5,landing,poor,Critical form deviation.,14
SES_JAV_GOO_0013,athlete_50,1563,javelin,110.79,122.13,162.5,153.11,148.35,156.82,143.57,143.51,91.33,67.55,37.95,2.9,45.79,3.05,0.55,0,0.692,74.5,setup,good,"Good depth, push harder through the heels.",52
SES_SPR_ELI_0008,athlete_23,1022,sprint,37.7,44.94,87.12,91.72,78.23,85.24,84.71,100.4,68.7,71.18,20.27,0.7,42.08,0.04,0.55,0,0.827,93.0,setup,elite,Hold this form.,34
SES_JAV_AVE_0014,athlete_60,1712,javelin,137.96,129.23,168.61,152.04,131.24,140.32,150.33,168.71,97.68,87.6,52.29,3.8,21.97,3.08,0.59,0,0.632,67.8,setup,average,Activate core more.,57
SES_SNA_AVE_0006,athlete_23,750,snatch,119.78,136.58,113.19,123.19,62.01,78.54,147.15,175.05,79.05,80.68,24.26,1.02,17.89,-0.36,0.51,0,0.759,56.5,setup,average,Lower your hips.,25
SES_VER_GOO_0001,athlete_79,236,vertical_jump,98.09,101.18,107.94,103.65,73.33,66.19,134.71,140.31,86.88,84.87,20.8,1.96,23.98,1.93,0.46,37.9,0.859,78.4,landing,good,Slight asymmetry detected.,7
SES_CRI_ELI_0016,athlete_64,1998,cricket_bat,115.91,121.21,132.96,141.72,91.09,92.3,144.74,155.32,93.68,92.69,19.18,2.29,48.83,2.19,0.45,0,0.787,97.5,takeoff,elite,Hold this form.,66
SES_VER_ELI_0000,athlete_79,109,vertical_jump,89.14,92.36,100.54,96.81,56.53,55.47,107.47,111.69,84.99,87.13,10.58,0.86,31.29,1.49,0.51,63.6,0.938,92.8,flight,elite,Hold this form.,3
SES_SNA_AVE_0006,athlete_29,826,snatch,97.47,99.67,113.66,121.88,70.03,76.36,169.03,163.96,86.69,81.79,30.69,1.24,26.33,-0.49,0.41,0,0.792,65.0,takeoff,average,Control trunk lean.,27
SES_SPR_POO_0011,athlete_75,1343,sprint,97.06,90.33,136.89,123.41,111.9,114.29,123.86,130.31,94.38,91.0,32.6,5.1,21.29,-1.57,0.41,0,0.67,46.0,takeoff,poor,Work on symmetry.,44
SES_SPR_ELI_0008,athlete_13,975,sprint,41.65,47.23,96.98,94.99,81.54,72.36,93.08,86.19,71.44,74.76,18.02,2.45,40.04,4.42,0.44,0,0.854,93.3,descent,elite,Great form! Maintain position.,32
SES_SPR_POO_0011,athlete_75,1324,sprint,97.35,90.68,133.0,130.37,146.25,103.32,124.23,120.27,88.59,97.53,33.24,5.1,21.29,-1.57,0.41,0,0.694,44.8,setup,poor,Work on symmetry.,44
SES_SPR_ELI_0008,athlete_23,1037,sprint,49.37,47.16,103.71,96.62,83.52,78.79,88.35,91.41,72.22,75.99,10.77,0.7,42.08,0.04,0.55,0,0.866,93.9,descent,elite,Hold this form.,34
SES_SPR_ELI_0008,athlete_61,1072,sprint,46.01,46.61,86.03,96.67,76.95,76.27,90.01,89.42,76.13,70.77,11.9,3.43,35.85,2.18,0.64,0,0.859,98.8,takeoff,elite,Hold this form.,35
SES_SPR_GOO_0009,athlete_27,1086,sprint,64.02,60.21,102.63,96.75,86.4,88.68,99.99,102.18,77.85,75.41,18.45,1.98,26.91,2.91,0.54,0,0.815,81.6,setup,good,Slight asymmetry detected.,36
SES_JAV_AVE_0014,athlete_66,1795,javelin,131.63,126.88,168.92,160.24,145.64,128.74,142.85,163.53,72.85,80.44,45.36,1.12,29.98,1.94,0.39,0,0.654,56.4,flight,average,Control trunk lean.,59
SES_SNA_POO_0007,athlete_54,846,snatch,130.52,117.29,134.85,143.64,74.8,82.67,130.3,146.89,66.36,81.06,51.39,3.09,29.02,3.78,0.43,0,0.67,43.5,descent,poor,Work on symmetry.,28
SES_SPR_GOO_0009,athlete_49,1129,sprint,56.06,63.49,101.5,107.73,90.64,86.94,94.58,103.58,77.66,83.34,17.55,1.23,33.46,-2.28,0.42,0,0.792,79.3,descent,good,Extend hips fully.,37
SES_JAV_POO_0015,athlete_47,1887,javelin,142.58,137.23,160.77,171.05,141.81,128.43,174.42,172.2,68.39,63.31,55.52,4.82,22.78,-0.61,0.3,0,0.57,42.1,flight,poor,Critical form deviation.,62
SES_CRI_POO_0019,athlete_62,2346,cricket_bat,173.81,162.21,167.46,160.46,110.08,135.58,169.92,150.59,73.81,80.64,59.86,1.68,42.82,-3.36,0.41,0,0.587,31.4,setup,poor,Work on symmetry.,78
SES_SNA_AVE_0006,athlete_37,746,snatch,108.39,105.58,128.42,116.22,61.5,50.71,169.95,156.8,94.49,84.55,34.96,2.23,18.49,3.17,0.51,0,0.784,68.8,landing,average,Activate core more.,24
SES_SPR_ELI_0008,athlete_41,1016,sprint,53.52,46.25,91.53,89.64,80.79,69.36,85.53,94.41,74.2,72.33,13.01,1.95,22.47,7.38,0.51,0,0.853,93.0,takeoff,elite,Great form! Maintain position.,33
SES_SNA_GOO_0005,athlete_43,617,snatch,94.8,99.16,108.16,114.51,58.51,40.85,173.69,174.78,78.17,84.62,24.77,0,19.66,0.14,0.6,0,0.869,78.5,takeoff,good,Extend hips fully.,20
SES_SNA_GOO_0005,athlete_43,603,snatch,91.93,92.56,117.74,111.17,50.72,47.04,175.0,171.02,81.94,78.42,21.85,0,19.66,0.14,0.6,0,0.881,79.5,setup,good,Extend hips fully.,20
SES_JAV_AVE_0014,athlete_73,1740,javelin,146.8,128.76,178,175.08,151.24,144.64,148.35,127.2,64.25,71.34,56.69,2.63,19.34,0.28,0.43,0,0.638,57.0,setup,average,Control trunk lean.,58
SES_JAV_POO_0015,athlete_28,1835,javelin,151.72,147.75,169.49,173.0,113.87,140.52,152.33,157.79,63.71,69.07,56.87,1.63,30.33,3.74,0.48,0,0.586,31.0,setup,poor,LOWER HIPS!,61
SES_CRI_POO_0019,athlete_62,2348,cricket_bat,166.79,162.21,166.26,151.86,107.04,125.58,179.92,150.59,82.45,76.41,57.23,1.68,42.82,-3.36,0.41,0,0.586,31.2,descent,poor,Work on symmetry.,78
SES_CRI_GOO_0017,athlete_69,2069,cricket_bat,137.35,127.54,148.03,146.84,96.42,99.09,152.53,144.17,83.72,79.84,17.88,2.76,28.84,4.74,0.53,0,0.756,82.8,flight,good,Slight asymmetry detected.,68
SES_CRI_AVE_0018,athlete_33,2236,cricket_bat,145.99,146.67,153.29,149.69,93.69,106.76,170.0,154.39,88.72,77.18,38.53,0.2,16.78,4.95,0.41,0,0.712,62.8,takeoff,average,Activate core more.,74
SES_VER_GOO_0001,athlete_56,188,vertical_jump,96.27,94.11,99.74,101.17,55.83,66.07,143.96,143.94,89.52,86.94,14.05,0.17,23.46,3.3,0.55,44.2,0.869,82.0,descent,good,"Good depth, push harder through the heels.",6
SES_VER_ELI_0000,athlete_49,58,vertical_jump,98.62,94.54,91.73,95.1,63.3,59.01,122.78,119.36,94.83,89.23,15.36,4.68,33.72,-0.49,0.5,65.6,0.937,94.4,landing,elite,Elite biomechanics detected.,1
SES_SNA_POO_0007,athlete_43,957,snatch,135.42,126.55,154.84,150.83,88.39,79.54,143.97,147.54,64.74,74.41,49.74,3.11,12.22,5.96,0.37,0,0.693,33.9,landing,poor,LOWER HIPS!,31
SES_CRI_ELI_0016,athlete_64,2005,cricket_bat,119.91,126.25,144.44,143.98,79.47,91.55,140.62,143.52,89.84,87.55,19.27,2.29,48.83,2.19,0.45,0,0.803,97.4,flight,elite,Hold this form.,66
SES_CRI_AVE_0018,athlete_33,2234,cricket_bat,145.99,146.67,151.49,158.49,93.69,102.29,180,157.33,88.72,84.98,38.86,0.2,16.78,4.95,0.41,0,0.705,62.8,descent,average,Activate core more.,74
SES_SNA_POO_0007,athlete_11,923,snatch,122.16,120.82,140.75,142.61,88.67,73.19,143.27,139.36,74.47,68.28,41.74,2.14,29.83,1.47,0.37,0,0.713,43.9,flight,poor,Work on symmetry.,30
SES_SNA_ELI_0004,athlete_35,566,snatch,94.36,87.07,97.18,99.2,42.32,34.53,176.05,176.66,87.26,93.73,16.7,3.24,49.53,0.28,0.53,0,0.921,97.3,landing,elite,Elite biomechanics detected.,18
SES_SNA_ELI_0004,athlete_04,497,snatch,84.7,86.75,99.07,99.76,42.62,45.84,175.0,175.51,93.35,94.08,25.39,1.11,30.16,-2.51,0.54,0,0.941,95.2,takeoff,elite,Elite biomechanics detected.,16
SES_CRI_AVE_0018,athlete_33,2222,cricket_bat,139.42,148.58,151.84,158.11,131.98,127.01,170.0,155.51,87.43,80.11,25.08,0.2,16.78,4.95,0.41,0,0.688,62.5,setup,average,Activate core more.,74
SES_VER_POO_0003,athlete_50,464,vertical_jump,134.19,144.69,142.74,134.62,72.52,84.17,160.47,141.2,64.5,64.85,47.95,0.96,34.75,4.16,0.45,15.6,0.659,34.8,takeoff,poor,Work on symmetry.,15
SES_SNA_AVE_0006,athlete_37,742,snatch,118.39,98.48,131.59,120.82,64.53,59.05,164.0,156.33,84.49,67.82,34.96,2.23,18.49,3.17,0.51,0,0.745,67.7,flight,average,Activate core more.,24
SES_JAV_GOO_0013,athlete_50,1571,javelin,113.8,125.86,157.69,155.99,162.15,160.09,145.49,140.84,89.32,84.66,45.57,2.9,45.79,3.05,0.55,0,0.705,74.1,descent,good,"Good depth, push harder through the heels.",52
SES_VER_GOO_0001,athlete_56,198,vertical_jump,92.53,96.86,100.87,104.42,73.26,71.49,131.15,133.94,91.2,77.47,16.45,0.17,23.46,3.3,0.55,44.2,0.855,81.2,flight,good,"Good depth, push harder through the heels.",6
SES_SPR_ELI_0008,athlete_13,980,sprint,46.31,42.72,100.51,98.19,83.91,73.82,95.51,84.44,68.44,70.06,12.86,2.45,40.04,4.42,0.44,0,0.87,94.6,takeoff,elite,Great form! Maintain position.,32
SES_VER_GOO_0001,athlete_46,141,vertical_jump,107.73,95.36,95.34,102.17,71.44,72.24,135.91,130.14,78.58,79.45,19.0,2.67,21.85,4.22,0.41,47.7,0.824,77.1,flight,good,Extend hips fully.,4
SES_CRI_ELI_0016,athlete_76,2016,cricket_bat,122.14,124.31,146.47,140.37,93.0,85.99,144.95,148.03,90.51,101.64,14.35,2.15,51.96,3.27,0.46,0,0.802,95.5,setup,elite,Hold this form.,67
SES_VER_POO_0003,athlete_41,419,vertical_jump,146.4,142.71,138.78,142.96,97.67,98.13,148.63,150.66,61.32,71.01,40.84,1.08,32.9,5.5,0.59,9.6,0.683,48.6,landing,poor,Critical form deviation.,13
SES_SNA_ELI_0004,athlete_35,555,snatch,89.3,86.21,95.34,100.56,47.96,40.4,179.63,180,82.93,84.9,22.47,3.24,49.53,0.28,0.53,0,0.923,96.9,takeoff,elite,Elite biomechanics detected.,18
SES_SNA_GOO_0005,athlete_22,638,snatch,91.38,91.5,111.04,102.56,63.89,48.65,170.72,160.48,86.51,84.23,25.95,1.84,29.67,4.16,0.43,0,0.877,80.3,descent,good,Slight asymmetry detected.,21
SES_CRI_POO_0019,athlete_25,2282,cricket_bat,164.71,170.0,158.7,169.66,140.31,117.65,175.58,161.46,73.49,73.82,47.19,4.06,24.64,1.83,0.39,0,0.59,36.0,setup,poor,Critical form deviation.,76
SES_JAV_ELI_0012,athlete_68,1541,javelin,105.04,94.58,140.76,152.27,169.07,171.8,139.84,124.67,86.31,80.23,30.57,2.6,37.36,-1.48,0.52,0,0.726,94.4,descent,elite,Great form! Maintain position.,51
SES_SNA_GOO_0005,athlete_43,626,snatch,96.63,92.33,119.37,117.73,43.51,40.58,170.83,176.86,80.5,90.88,21.29,0,19.66,0.14,0.6,0,0.883,78.7,landing,good,Extend hips fully.,20
SES_CRI_AVE_0018,athlete_33,2245,cricket_bat,136.06,151.01,157.73,154.28,105.81,106.64,161.34,149.39,85.29,84.01,50.65,0.2,16.78,4.95,0.41,0,0.68,62.6,flight,average,Activate core more.,74
SES_VER_AVE_0002,athlete_48,291,vertical_jump,114.18,113.95,111.57,115.08,88.27,92.71,130.83,152.06,79.4,72.35,19.42,2.17,34.4,4.18,0.43,27.5,0.79,63.1,flight,average,Lower your hips.,9
SES_JAV_POO_0015,athlete_04,1911,javelin,145.42,143.07,161.63,167.09,138.14,139.63,165.34,162.93,68.21,68.18,59.49,1.91,22.23,2.77,0.47,0,0.585,27.3,takeoff,poor,Work on symmetry.,63
SES_SNA_ELI_0004,athlete_14,586,snatch,97.14,88.81,93.39,96.83,35.27,49.28,173.04,175.56,93.04,90.96,26.54,1.28,40.29,3.03,0.44,0,0.913,95.8,takeoff,elite,Great form! Maintain position.,19
SES_SNA_ELI_0004,athlete_35,568,snatch,94.36,89.89,97.18,99.2,38.9,42.17,175.05,180,93.45,83.73,22.12,3.24,49.53,0.28,0.53,0,0.93,97.6,landing,elite,Elite biomechanics detected.,18
SES_CRI_POO_0019,athlete_48,2394,cricket_bat,161.1,168.3,153.77,166.14,146.53,134.77,169.02,169.79,78.37,75.18,51.68,2.94,17.15,5.67,0.57,0,0.582,50.3,flight,poor,Critical form deviation.,79
SES_CRI_ELI_0016,athlete_64,2000,cricket_bat,115.91,123.89,132.96,134.14,84.47,92.3,154.74,145.32,90.23,83.71,19.18,2.29,48.83,2.19,0.45,0,0.797,97.4,takeoff,elite,Hold this form.,66
SES_SPR_AVE_0010,athlete_49,1315,sprint,74.95,68.06,118.15,116.34,80.28,110.42,114.78,107.53,76.14,79.74,17.66,0.95,27.31,6.44,0.43,0,0.768,70.9,takeoff,average,Control trunk lean.,43
SES_CRI_POO_0019,athlete_38,2335,cricket_bat,153.38,146.9,173.6,158.62,130.64,128.1,169.41,164.11,81.82,76.77,39.8,1.56,20.79,1.4,0.53,0,0.581,31.4,flight,poor,Work on symmetry.,77
SES_VER_ELI_0000,athlete_21,7,vertical_jump,93.52,90.46,96.36,95.35,66.93,60.78,123.71,116.68,94.41,84.31,12.42,3.75,40.25,2.33,0.48,49.9,0.947,90.9,descent,elite,Great form! Maintain position.,0
SES_CRI_ELI_0016,athlete_76,2022,cricket_bat,117.33,115.0,135.33,139.56,84.78,97.12,145.8,148.03,85.56,85.25,21.01,2.15,51.96,3.27,0.46,0,0.805,94.7,descent,elite,Hold this form.,67
SES_JAV_ELI_0012,athlete_68,1544,javelin,110.04,99.78,135.76,148.37,172.3,167.61,139.74,119.67,80.67,84.08,33.41,2.6,37.36,-1.48,0.52,0,0.724,95.1,descent,elite,Great form! Maintain position.,51
SES_SNA_ELI_0004,athlete_27,526,snatch,93.58,81.6,97.61,99.7,41.33,36.38,179.61,178.22,82.76,91.72,14.98,0,22.75,-0.15,0.55,0,0.905,97.0,takeoff,elite,Hold this form.,17
SES_VER_GOO_0001,athlete_52,168,vertical_jump,93.73,98.42,104.13,111.32,72.42,68.42,137.78,115.72,80.44,82.77,12.31,4.13,17.4,-1.83,0.55,44.6,0.844,81.4,flight,good,Extend hips fully.,5
SES_JAV_AVE_0014,athlete_73,1765,javelin,123.68,115.81,160.83,162.55,154.28,138.06,147.09,150.39,73.87,83.44,53.75,2.63,19.34,0.28,0.43,0,0.658,56.6,flight,average,Control trunk lean.,58
SES_SPR_ELI_0008,athlete_13,984,sprint,55.29,49.03,90.82,88.46,76.46,81.0,80.82,84.64,78.44,66.2,18.27,2.45,40.04,4.42,0.44,0,0.858,95.0,takeoff,elite,Great form! Maintain position.,32
SES_VER_ELI_0000,athlete_70,70,vertical_jump,97.23,92.77,102.07,97.08,54.06,65.81,117.88,126.74,83.71,93.95,8.21,0.25,28.33,2.73,0.46,77.0,0.932,91.6,descent,elite,Hold this form.,2
SES_VER_GOO_0001,athlete_56,195,vertical_jump,97.53,91.86,104.28,99.59,60.83,74.09,130.4,128.94,91.86,76.29,11.75,0.17,23.46,3.3,0.55,44.2,0.849,80.5,takeoff,good,"Good depth, push harder through the heels.",6
SES_CRI_AVE_0018,athlete_72,2255,cricket_bat,140.74,138.32,161.71,167.8,135.29,118.11,174.22,168.01,94.67,82.94,33.9,1.09,28.62,1.85,0.4,0,0.704,60.6,setup,average,Control trunk lean.,75
SES_CRI_AVE_0018,athlete_15,2196,cricket_bat,142.51,146.09,148.99,156.9,105.75,112.63,166.75,172.97,74.31,87.43,43.71,0.11,23.44,0.01,0.47,0,0.697,68.0,setup,average,Activate core more.,73
SES_VER_AVE_0002,athlete_48,279,vertical_jump,113.1,111.46,122.85,121.99,67.49,88.72,140.83,148.9,78.71,77.48,27.87,2.17,34.4,4.18,0.43,27.5,0.794,63.5,descent,average,Lower your hips.,9
SES_SPR_POO_0011,athlete_55,1373,sprint,94.48,89.57,135.53,128.8,103.37,102.69,121.54,125.48,91.11,96.0,47.87,1.53,22.2,7.52,0.52,0,0.69,29.4,takeoff,poor,LOWER HIPS!,45
SES_VER_GOO_0001,athlete_79,210,vertical_jump,108.87,103.38,104.44,101.31,86.83,85.69,130.21,121.45,77.0,100.22,22.44,1.96,23.98,1.93,0.46,37.9,0.856,80.6,setup,good,Slight asymmetry detected.,7
SES_CRI_GOO_0017,athlete_65,2131,cricket_bat,114.28,133.07,161.87,155.28,88.03,111.59,161.43,132.45,86.79,76.41,25.9,1.17,24.6,4.25,0.43,0,0.718,82.3,setup,good,"Good depth, push harder through the heels.",71
SES_CRI_POO_0019,athlete_62,2343,cricket_bat,166.26,156.14,161.76,161.15,96.22,136.63,174.38,155.59,68.81,73.32,64.86,1.68,42.82,-3.36,0.41,0,0.601,32.1,setup,poor,Work on symmetry.,78
SES_SPR_GOO_0009,athlete_49,1137,sprint,60.65,60.83,104.03,107.11,83.48,82.42,99.27,91.53,79.22,83.34,25.93,1.23,33.46,-2.28,0.42,0,0.84,79.6,takeoff,good,Extend hips fully.,37
SES_CRI_ELI_0016,athlete_73,1937,cricket_bat,113.17,127.34,138.14,136.99,80.34,94.16,156.16,141.08,85.37,79.9,23.3,1.45,35.74,1.94,0.43,0,0.78,94.3,takeoff,elite,Hold this form.,64
SES_CRI_POO_0019,athlete_62,2347,cricket_bat,168.81,167.21,171.26,156.86,112.04,130.58,174.92,155.59,77.45,81.41,62.23,1.68,42.82,-3.36,0.41,0,0.592,31.3,setup,poor,Work on symmetry.,78
SES_VER_GOO_0001,athlete_46,147,vertical_jump,107.2,96.83,108.3,103.18,61.44,74.68,154.36,143.3,80.06,91.38,12.63,2.67,21.85,4.22,0.41,47.7,0.837,76.9,landing,good,Extend hips fully.,4
SES_JAV_AVE_0014,athlete_52,1709,javelin,129.7,132.21,153.71,156.19,138.97,143.53,145.87,154.45,79.77,76.56,37.15,0,29.45,0.4,0.41,0,0.669,66.4,flight,average,Lower your hips.,56
SES_CRI_GOO_0017,athlete_79,2090,cricket_bat,127.85,127.48,162.76,149.7,96.57,96.54,142.31,145.17,85.39,87.92,29.8,1.85,32.24,0.43,0.5,0,0.755,76.9,takeoff,good,"Good depth, push harder through the heels.",69
SES_SPR_ELI_0008,athlete_13,967,sprint,54.44,45.33,97.99,91.29,72.47,70.72,83.49,83.43,73.63,65.84,12.21,2.45,40.04,4.42,0.44,0,0.829,93.9,setup,elite,Great form! Maintain position.,32
SES_VER_ELI_0000,athlete_79,113,vertical_jump,92.38,95.95,87.51,91.73,58.91,62.39,115.27,130.8,90.13,89.04,9.49,0.86,31.29,1.49,0.51,63.6,0.934,92.2,flight,elite,Hold this form.,3
SES_VER_AVE_0002,athlete_23,264,vertical_jump,104.67,116.66,118.68,129.78,76.98,91.89,139.65,140.65,74.3,72.94,26.76,1.55,37.69,-0.28,0.5,39.9,0.738,62.9,landing,average,Lower your hips.,8
SES_VER_GOO_0001,athlete_52,161,vertical_jump,98.82,101.68,105.44,105.29,77.42,72.79,127.95,130.72,82.09,87.77,24.06,4.13,17.4,-1.83,0.55,44.6,0.871,80.6,descent,good,Extend hips fully.,5
SES_CRI_AVE_0018,athlete_59,2188,cricket_bat,141.76,135.47,160.79,161.31,122.12,123.48,158.45,172.56,86.21,75.25,30.29,3.51,36.71,4.25,0.4,0,0.706,63.9,flight,average,Activate core more.,72
SES_SPR_ELI_0008,athlete_23,1025,sprint,37.88,37.36,88.98,88.54,68.27,76.78,85.49,86.76,74.67,72.65,14.86,0.7,42.08,0.04,0.55,0,0.894,93.3,setup,elite,Hold this form.,34
SES_SPR_POO_0011,athlete_06,1398,sprint,91.21,87.55,143.76,132.45,106.05,104.48,137.02,137.58,96.6,81.1,49.53,0,39.96,5.21,0.45,0,0.684,35.7,descent,poor,Adjust knee alignment.,46
SES_CRI_GOO_0017,athlete_15,2102,cricket_bat,128.12,145.92,145.68,153.9,91.65,100.54,169.59,154.94,83.2,83.83,23.85,0.97,12.01,-2.16,0.36,0,0.721,83.0,setup,good,Slight asymmetry detected.,70
SES_CRI_AVE_0018,athlete_33,2232,cricket_bat,145.53,151.6,160.38,151.81,102.09,102.29,170.0,157.33,96.49,84.98,32.41,0.2,16.78,4.95,0.41,0,0.691,62.2,descent,average,Activate core more.,74
SES_JAV_ELI_0012,athlete_53,1517,javelin,111.73,105.02,141.74,143.95,171.8,168.33,127.82,126.43,84.11,85.56,29.04,0.72,20.53,-0.49,0.53,0,0.757,92.8,takeoff,elite,Great form! Maintain position.,50
SES_JAV_ELI_0012,athlete_49,1447,javelin,103.28,108.84,150.36,146.29,168.77,164.08,122.02,119.63,87.36,83.41,33.15,1.47,27.08,1.79,0.39,0,0.756,94.8,setup,elite,Great form! Maintain position.,48
SES_VER_AVE_0002,athlete_23,263,vertical_jump,109.67,121.66,119.19,124.78,71.98,86.89,134.65,145.65,69.3,68.25,21.76,1.55,37.69,-0.28,0.5,39.9,0.753,62.7,flight,average,Lower your hips.,8
SES_JAV_AVE_0014,athlete_73,1746,javelin,126.8,129.9,160.98,165.13,141.24,151.79,139.53,146.67,91.58,84.23,53.24,2.63,19.34,0.28,0.43,0,0.665,57.3,setup,average,Control trunk lean.,58
SES_JAV_POO_0015,athlete_28,1839,javelin,154.91,145.46,169.28,163.0,125.58,133.82,152.33,152.62,63.71,71.47,56.4,1.63,30.33,3.74,0.48,0,0.571,31.7,descent,poor,LOWER HIPS!,61
SES_SPR_POO_0011,athlete_29,1425,sprint,83.18,93.8,125.24,129.91,100.32,103.25,117.55,137.06,94.1,88.45,35.55,1.78,12.02,4.96,0.53,0,0.671,35.7,descent,poor,Critical form deviation.,47
SES_SNA_AVE_0006,athlete_23,777,snatch,107.67,104.32,126.59,126.16,78.27,54.35,154.26,155.17,80.57,77.49,43.81,1.02,17.89,-0.36,0.51,0,0.81,59.0,landing,average,Lower your hips.,25
SES_SPR_AVE_0010,athlete_49,1303,sprint,74.05,78.92,122.79,109.14,104.79,91.17,101.4,111.08,85.21,82.7,25.85,0.95,27.31,6.44,0.43,0,0.747,69.6,descent,average,Control trunk lean.,43
SES_SPR_ELI_0008,athlete_13,968,sprint,49.44,40.33,92.99,96.03,76.54,67.36,85.39,88.43,76.09,69.0,10.94,2.45,40.04,4.42,0.44,0,0.835,93.8,setup,elite,Great form! Maintain position.,32
SES_CRI_GOO_0017,athlete_15,2111,cricket_bat,131.66,129.45,148.65,141.01,99.91,90.36,144.59,146.76,92.34,88.83,22.34,0.97,12.01,-2.16,0.36,0,0.76,83.1,descent,good,Slight asymmetry detected.,70
SES_CRI_ELI_0016,athlete_64,1988,cricket_bat,124.36,121.02,135.6,138.19,96.79,93.66,128.59,143.43,90.89,82.48,23.04,2.29,48.83,2.19,0.45,0,0.806,97.4,descent,elite,Hold this form.,66
SES_SNA_ELI_0004,athlete_27,536,snatch,89.79,91.03,103.0,99.61,46.57,39.67,180,174.15,96.49,80.85,22.34,0,22.75,-0.15,0.55,0,0.936,96.5,landing,elite,Hold this form.,17
SES_JAV_GOO_0013,athlete_32,1674,javelin,116.2,119.86,164.29,159.15,154.83,165.12,131.14,138.18,78.58,83.32,42.7,2.86,21.56,-0.94,0.54,0,0.721,79.7,flight,good,"Good depth, push harder through the heels.",55
SES_VER_AVE_0002,athlete_29,325,vertical_jump,114.51,126.43,112.42,126.97,84.42,81.94,144.43,125.0,82.68,76.95,13.95,0.52,14.14,-2.09,0.44,42.1,0.73,70.0,landing,average,Activate core more.,10
SES_SPR_ELI_0008,athlete_13,966,sprint,57.36,45.97,94.65,96.29,77.47,71.98,84.65,88.43,68.63,70.84,16.13,2.45,40.04,4.42,0.44,0,0.835,94.0,setup,elite,Great form! Maintain position.,32
SES_SPR_ELI_0008,athlete_23,1046,sprint,40.12,52.85,83.79,93.24,75.53,73.82,89.18,78.15,77.67,70.88,20.85,0.7,42.08,0.04,0.55,0,0.771,92.1,takeoff,elite,Hold this form.,34
SES_SPR_AVE_0010,athlete_67,1269,sprint,63.3,69.46,124.93,117.69,95.95,103.62,105.51,114.13,79.18,87.36,20.96,1.85,28.51,1.34,0.4,0,0.753,65.8,setup,average,Lower your hips.,42
SES_SPR_ELI_0008,athlete_61,1079,sprint,45.16,43.46,76.14,89.69,69.54,76.83,83.3,90.37,72.48,75.2,8.74,3.43,35.85,2.18,0.64,0,0.835,98.6,takeoff,elite,Hold this form.,35
SES_SPR_GOO_0009,athlete_49,1134,sprint,62.38,55.83,106.28,102.11,78.48,90.13,99.58,96.53,76.07,78.34,20.68,1.23,33.46,-2.28,0.42,0,0.807,79.9,takeoff,good,Extend hips fully.,37
SES_JAV_GOO_0013,athlete_67,1631,javelin,104.91,114.18,161.93,161.75,165.56,150.35,142.58,136.64,81.99,83.15,47.63,2.8,33.22,3.51,0.54,0,0.713,81.5,descent,good,Extend hips fully.,54
SES_JAV_AVE_0014,athlete_60,1720,javelin,128.86,132.6,167.23,165.82,145.47,146.35,130.33,151.54,73.09,86.96,57.41,3.8,21.97,3.08,0.59,0,0.669,66.3,descent,average,Activate core more.,57
SES_JAV_AVE_0014,athlete_73,1759,javelin,121.05,129.71,170.32,161.87,154.28,148.06,154.53,142.93,75.2,72.71,58.98,2.63,19.34,0.28,0.43,0,0.644,56.5,takeoff,average,Control trunk lean.,58
SES_SNA_ELI_0004,athlete_27,515,snatch,86.58,83.66,100.14,96.41,36.84,39.62,180,180,90.33,84.56,26.21,0,22.75,-0.15,0.55,0,0.929,95.9,setup,elite,Hold this form.,17
SES_SNA_ELI_0004,athlete_27,511,snatch,83.35,84.11,110.14,102.05,40.88,34.46,178.54,180,85.88,82.61,26.21,0,22.75,-0.15,0.55,0,0.925,95.7,setup,elite,Hold this form.,17
SES_SPR_POO_0011,athlete_29,1429,sprint,83.41,93.8,142.04,143.2,114.26,110.71,127.55,137.06,102.99,91.82,35.55,1.78,12.02,4.96,0.53,0,0.68,35.4,descent,poor,Critical form deviation.,47
SES_SNA_GOO_0005,athlete_28,678,snatch,92.49,96.06,104.96,115.73,48.45,57.71,169.9,172.03,89.65,89.22,30.46,1.08,29.28,4.84,0.57,0,0.858,85.0,flight,good,"Good depth, push harder through the heels.",22
SES_CRI_AVE_0018,athlete_33,2230,cricket_bat,145.53,151.6,159.41,151.53,102.09,109.53,170.0,157.33,96.49,84.77,42.41,0.2,16.78,4.95,0.41,0,0.693,62.5,descent,average,Activate core more.,74
SES_SPR_GOO_0009,athlete_49,1133,sprint,57.38,60.83,108.19,107.11,83.48,85.83,94.58,97.21,71.07,73.34,25.68,1.23,33.46,-2.28,0.42,0,0.829,79.9,takeoff,good,Extend hips fully.,37
SES_CRI_GOO_0017,athlete_79,2098,cricket_bat,130.59,131.01,150.67,147.4,99.49,77.76,142.31,149.75,83.44,84.57,37.93,1.85,32.24,0.43,0.5,0,0.773,76.8,flight,good,"Good depth, push harder through the heels.",69
SES_JAV_GOO_0013,athlete_50,1566,javelin,113.75,111.33,157.5,158.11,156.51,150.75,133.42,138.51,90.25,81.59,42.95,2.9,45.79,3.05,0.55,0,0.732,74.4,setup,good,"Good depth, push harder through the heels.",52
SES_SPR_ELI_0008,athlete_61,1078,sprint,50.16,43.12,81.14,94.69,74.54,71.83,86.13,89.2,75.3,70.59,3.74,3.43,35.85,2.18,0.64,0,0.808,98.7,takeoff,elite,Hold this form.,35
SES_CRI_AVE_0018,athlete_72,2261,cricket_bat,142.88,145.88,154.65,166.66,134.23,115.53,167.49,167.98,73.38,86.51,40.29,1.09,28.62,1.85,0.4,0,0.69,59.8,descent,average,Control trunk lean.,75
SES_VER_GOO_0001,athlete_46,138,vertical_jump,102.73,99.28,100.91,102.49,76.44,65.9,128.22,134.54,83.26,84.45,14.0,2.67,21.85,4.22,0.41,47.7,0.865,77.4,flight,good,Extend hips fully.,4
SES_VER_GOO_0001,athlete_79,239,vertical_jump,96.41,103.95,97.66,110.21,64.45,71.19,129.71,145.0,86.82,89.87,21.67,1.96,23.98,1.93,0.46,37.9,0.818,79.6,landing,good,Slight asymmetry detected.,7
SES_SNA_GOO_0005,athlete_28,669,snatch,102.99,97.08,109.03,112.69,52.47,53.85,167.43,180,79.23,90.91,24.95,1.08,29.28,4.84,0.57,0,0.873,84.9,descent,good,"Good depth, push harder through the heels.",22
SES_VER_POO_0003,athlete_41,414,vertical_jump,132.23,139.13,147.34,142.26,92.63,93.13,133.63,165.66,74.59,77.88,45.84,1.08,32.9,5.5,0.59,9.6,0.674,48.5,landing,poor,Critical form deviation.,13
SES_SNA_GOO_0005,athlete_22,659,snatch,95.19,92.28,119.04,118.85,42.88,55.95,170.37,174.85,94.83,86.14,26.17,1.84,29.67,4.16,0.43,0,0.89,81.9,landing,good,Slight asymmetry detected.,21
SES_VER_AVE_0002,athlete_23,262,vertical_jump,114.67,116.66,114.19,129.78,66.98,91.89,139.65,146.51,74.3,70.12,16.76,1.55,37.69,-0.28,0.5,39.9,0.754,62.2,flight,average,Lower your hips.,8
SES_VER_POO_0003,athlete_61,380,vertical_jump,126.31,138.31,147.04,138.52,89.29,93.33,143.68,145.25,68.01,73.26,31.82,0.87,26.15,-1.22,0.45,17.9,0.654,38.0,flight,poor,Critical form deviation.,12
SES_SNA_GOO_0005,athlete_43,605,snatch,93.77,99.32,119.31,109.06,40.72,38.7,165.23,171.02,81.94,85.46,20.08,0,19.66,0.14,0.6,0,0.856,79.6,setup,good,Extend hips fully.,20
SES_CRI_POO_0019,athlete_48,2395,cricket_bat,156.1,163.3,149.84,171.14,141.53,129.77,166.81,164.79,74.9,77.64,46.68,2.94,17.15,5.67,0.57,0,0.564,50.5,flight,poor,Critical form deviation.,79
SES_CRI_AVE_0018,athlete_15,2204,cricket_bat,149.03,139.36,159.73,166.96,120.0,113.22,164.14,157.61,85.59,81.67,39.59,0.11,23.44,0.01,0.47,0,0.687,66.8,descent,average,Activate core more.,73
SES_SPR_POO_0011,athlete_55,1364,sprint,98.1,87.99,120.53,128.14,101.55,104.6,131.6,119.4,92.37,91.08,35.52,1.53,22.2,7.52,0.52,0,0.67,29.5,descent,poor,LOWER HIPS!,45
SES_SPR_AVE_0010,athlete_67,1283,sprint,57.46,73.09,117.51,122.53,91.05,102.54,111.03,113.02,84.63,81.16,28.8,1.85,28.51,1.34,0.4,0,0.706,66.1,takeoff,average,Lower your hips.,42
SES_CRI_ELI_0016,athlete_76,2018,cricket_bat,117.33,117.99,139.0,140.11,84.71,95.56,144.95,148.03,87.88,98.44,24.35,2.15,51.96,3.27,0.46,0,0.816,95.3,descent,elite,Hold this form.,67
SES_CRI_POO_0019,athlete_38,2331,cricket_bat,163.38,156.9,168.31,158.62,110.64,124.28,169.41,174.11,78.15,85.22,49.8,1.56,20.79,1.4,0.53,0,0.591,31.2,takeoff,poor,Work on symmetry.,77
SES_VER_AVE_0002,athlete_48,294,vertical_jump,109.18,98.95,109.97,120.08,73.27,77.71,125.83,140.97,81.22,77.07,20.05,2.17,34.4,4.18,0.43,27.5,0.744,63.3,landing,average,Lower your hips.,9
SES_SPR_GOO_0009,athlete_27,1091,sprint,61.93,58.96,107.17,105.93,82.58,89.35,97.04,95.68,80.03,72.94,29.15,1.98,26.91,2.91,0.54,0,0.832,82.3,descent,good,Slight asymmetry detected.,36
SES_SPR_POO_0011,athlete_06,1397,sprint,92.26,89.29,139.42,137.45,101.05,109.48,142.02,142.58,91.6,84.43,54.53,0,39.96,5.21,0.45,0,0.706,35.4,descent,poor,Adjust knee alignment.,46
SES_JAV_POO_0015,athlete_47,1886,javelin,147.58,142.23,155.77,166.05,140.55,123.43,179.42,167.2,63.39,68.31,60.52,4.82,22.78,-0.61,0.3,0,0.569,41.7,flight,poor,Critical form deviation.,62
SES_SNA_GOO_0005,athlete_43,615,snatch,92.64,99.16,118.16,105.35,58.51,47.42,172.7,175.98,78.17,84.89,24.77,0,19.66,0.14,0.6,0,0.846,78.1,takeoff,good,Extend hips fully.,20
SES_JAV_AVE_0014,athlete_52,1690,javelin,123.52,124.45,167.12,164.96,138.42,143.36,135.57,155.64,90.83,87.61,54.0,0,29.45,0.4,0.41,0,0.674,67.7,descent,average,Lower your hips.,56
SES_SNA_POO_0007,athlete_54,854,snatch,121.47,133.9,140.43,140.16,69.22,72.38,136.11,157.46,62.72,73.07,39.24,3.09,29.02,3.78,0.43,0,0.689,42.3,takeoff,poor,Work on symmetry.,28
SES_SPR_POO_0011,athlete_29,1439,sprint,85.42,82.31,128.93,137.89,94.26,90.12,140.09,137.06,105.07,93.32,41.74,1.78,12.02,4.96,0.53,0,0.688,36.1,takeoff,poor,Critical form deviation.,47
SES_SNA_GOO_0005,athlete_29,710,snatch,98.01,100.11,105.54,117.67,54.54,53.96,172.68,178.96,86.14,82.7,33.48,5.61,24.9,1.64,0.48,0,0.859,86.9,flight,good,Extend hips fully.,23
SES_SNA_ELI_0004,athlete_14,578,snatch,86.98,78.81,99.65,90.64,39.28,37.69,180,173.82,93.65,85.01,23.15,1.28,40.29,3.03,0.44,0,0.895,95.2,descent,elite,Great form! Maintain position.,19
SES_CRI_POO_0019,athlete_38,2330,cricket_bat,158.38,157.2,173.31,153.62,115.64,129.28,174.41,169.11,73.15,90.22,44.8,1.56,20.79,1.4,0.53,0,0.584,31.0,takeoff,poor,Work on symmetry.,77
SES_SPR_ELI_0008,athlete_13,969,sprint,51.31,45.33,97.99,91.03,81.54,72.36,90.39,83.43,71.09,74.0,15.94,2.45,40.04,4.42,0.44,0,0.844,93.7,setup,elite,Great form! Maintain position.,32
SES_SPR_ELI_0008,athlete_23,1032,sprint,41.48,53.42,85.68,95.7,86.98,77.05,87.37,92.4,77.49,69.01,13.4,0.7,42.08,0.04,0.55,0,0.779,93.8,descent,elite,Hold this form.,34
SES_SNA_AVE_0006,athlete_37,740,snatch,108.39,106.74,131.59,120.82,74.53,59.75,167.2,160.72,75.94,76.23,34.96,2.23,18.49,3.17,0.51,0,0.791,67.7,flight,average,Activate core more.,24
SES_CRI_GOO_0017,athlete_79,2084,cricket_bat,127.52,127.72,142.98,145.56,84.28,97.31,142.31,154.55,90.69,85.3,34.53,1.85,32.24,0.43,0.5,0,0.774,77.0,descent,good,"Good depth, push harder through the heels.",69
SES_CRI_AVE_0018,athlete_15,2200,cricket_bat,143.48,139.36,139.73,165.53,113.13,117.2,166.31,162.97,83.63,86.8,45.99,0.11,23.44,0.01,0.47,0,0.656,67.0,descent,average,Activate core more.,73
SES_JAV_ELI_0012,athlete_49,1445,javelin,110.95,106.79,160.36,136.69,175.57,169.94,132.02,126.28,79.14,90.26,32.21,1.47,27.08,1.79,0.39,0,0.724,94.6,setup,elite,Great form! Maintain position.,48
SES_SPR_AVE_0010,athlete_67,1262,sprint,72.5,72.83,106.93,120.59,93.7,114.02,130.51,116.79,96.2,80.73,24.92,1.85,28.51,1.34,0.4,0,0.76,64.3,setup,average,Lower your hips.,42
SES_SPR_ELI_0008,athlete_61,1063,sprint,39.98,52.22,88.17,91.17,73.6,71.97,84.62,90.84,71.52,69.48,16.94,3.43,35.85,2.18,0.64,0,0.798,98.8,descent,elite,Hold this form.,35
SES_SNA_POO_0007,athlete_43,948,snatch,130.42,127.0,145.94,135.83,73.78,85.16,142.32,155.05,61.82,69.64,45.87,3.11,12.22,5.96,0.37,0,0.691,32.8,flight,poor,LOWER HIPS!,31
SES_JAV_GOO_0013,athlete_50,1582,javelin,108.77,115.66,150.85,158.63,163.14,159.91,140.14,142.86,79.06,79.54,56.32,2.9,45.79,3.05,0.55,0,0.706,72.7,takeoff,good,"Good depth, push harder through the heels.",52
SES_CRI_AVE_0018,athlete_15,2191,cricket_bat,138.21,143.5,163.99,169.5,111.45,117.63,161.75,175.0,79.76,76.25,48.21,0.11,23.44,0.01,0.47,0,0.698,67.5,setup,average,Activate core more.,73
SES_JAV_AVE_0014,athlete_60,1726,javelin,123.51,123.77,164.36,155.94,140.05,146.35,142.63,151.54,79.81,75.6,41.83,3.8,21.97,3.08,0.59,0,0.664,65.2,takeoff,average,Activate core more.,57
SES_SNA_GOO_0005,athlete_22,636,snatch,100.15,93.19,121.04,112.56,63.89,58.65,166.71,170.48,89.0,84.23,25.31,1.84,29.67,4.16,0.43,0,0.858,80.5,descent,good,Slight asymmetry detected.,21
SES_JAV_GOO_0013,athlete_07,1611,javelin,116.87,121.09,155.84,161.7,157.53,153.62,138.16,134.09,81.02,82.78,36.88,3.92,21.2,1.99,0.58,0,0.718,82.0,takeoff,good,"Good depth, push harder through the heels.",53
SES_SNA_AVE_0006,athlete_11,784,snatch,107.1,105.47,114.78,127.69,66.31,70.46,155.72,164.34,80.15,90.41,36.85,2.17,24.04,5.39,0.42,0,0.782,63.3,setup,average,Activate core more.,26
SES_SPR_GOO_0009,athlete_08,1160,sprint,61.61,60.55,96.63,103.24,90.77,91.78,102.29,98.53,84.52,79.98,18.21,0,22.24,0.22,0.41,0,0.824,84.9,takeoff,good,"Good depth, push harder through the heels.",38
SES_CRI_POO_0019,athlete_38,2313,cricket_bat,165.0,165.0,140.39,168.45,101.98,112.59,170.0,151.52,67.82,75.7,43.33,1.56,20.79,1.4,0.53,0,0.56,29.1,setup,poor,Work on symmetry.,77
SES_VER_ELI_0000,athlete_49,31,vertical_jump,100.68,87.43,79.5,90.95,59.92,58.05,118.11,105.78,83.51,83.47,8.49,4.68,33.72,-0.49,0.5,65.6,0.877,94.6,setup,elite,Elite biomechanics detected.,1
SES_SPR_POO_0011,athlete_55,1351,sprint,91.99,73.33,130.49,134.17,112.61,98.52,141.34,152.27,123.44,90.78,33.89,1.53,22.2,7.52,0.52,0,0.651,30.0,setup,poor,LOWER HIPS!,45
SES_CRI_AVE_0018,athlete_72,2252,cricket_bat,135.74,151.86,163.02,172.55,139.64,123.11,167.27,163.01,99.67,90.16,38.9,1.09,28.62,1.85,0.4,0,0.667,61.3,setup,average,Control trunk lean.,75
SES_CRI_POO_0019,athlete_62,2341,cricket_bat,166.26,156.77,168.5,161.15,106.22,139.5,174.38,145.59,68.2,83.32,74.86,1.68,42.82,-3.36,0.41,0,0.59,31.7,setup,poor,Work on symmetry.,78
SES_SPR_ELI_0008,athlete_61,1058,sprint,42.91,52.24,86.41,88.51,75.38,82.55,89.05,89.4,67.13,68.75,8.06,3.43,35.85,2.18,0.64,0,0.827,99.7,setup,elite,Hold this form.,35
SES_SPR_GOO_0009,athlete_08,1158,sprint,57.69,60.55,96.63,103.24,83.44,97.72,102.29,98.53,74.52,78.05,20.18,0,22.24,0.22,0.41,0,0.815,84.5,descent,good,"Good depth, push harder through the heels.",38
SES_SPR_AVE_0010,athlete_67,1275,sprint,75.21,69.94,124.93,120.09,85.95,96.63,109.04,124.13,82.09,85.14,38.08,1.85,28.51,1.34,0.4,0,0.767,65.8,descent,average,Lower your hips.,42
SES_CRI_POO_0019,athlete_48,2396,cricket_bat,161.1,168.3,144.84,166.14,136.53,124.77,171.81,169.79,69.9,72.64,51.68,2.94,17.15,5.67,0.57,0,0.562,50.3,flight,poor,Critical form deviation.,79
SES_JAV_GOO_0013,athlete_50,1575,javelin,118.52,125.86,155.22,149.69,156.05,153.85,136.34,141.74,79.43,80.93,46.36,2.9,45.79,3.05,0.55,0,0.711,73.6,takeoff,good,"Good depth, push harder through the heels.",52
SES_CRI_GOO_0017,athlete_15,2113,cricket_bat,132.95,133.15,152.5,143.5,100.23,99.79,145.98,146.76,92.34,88.67,22.14,0.97,12.01,-2.16,0.36,0,0.762,83.0,descent,good,Slight asymmetry detected.,70
SES_VER_POO_0003,athlete_50,467,vertical_jump,139.19,142.62,149.45,146.07,77.52,81.8,165.47,146.2,69.5,74.09,49.26,0.96,34.75,4.16,0.45,15.6,0.686,34.7,takeoff,poor,Work on symmetry.,15
SES_VER_AVE_0002,athlete_29,301,vertical_jump,123.32,121.96,116.12,121.28,38.95,82.91,180,146.41,73.72,72.16,15.86,0.52,14.14,-2.09,0.44,42.1,0.783,71.0,setup,average,Activate core more.,10
SES_SPR_GOO_0009,athlete_27,1087,sprint,59.02,58.96,100.07,101.75,91.4,89.43,103.22,97.18,75.75,80.41,19.15,1.98,26.91,2.91,0.54,0,0.845,81.9,setup,good,Slight asymmetry detected.,36
SES_JAV_POO_0015,athlete_04,1891,javelin,161.0,133.52,176.82,164.49,142.67,125.42,175.0,154.84,64.49,82.94,68.23,1.91,22.23,2.77,0.47,0,0.528,28.2,setup,poor,Work on symmetry.,63
SES_JAV_GOO_0013,athlete_07,1609,javelin,106.87,114.19,152.28,151.7,157.53,158.34,141.42,134.09,89.11,79.18,36.88,3.92,21.2,1.99,0.58,0,0.718,82.1,takeoff,good,"Good depth, push harder through the heels.",53
SES_VER_GOO_0001,athlete_56,197,vertical_jump,97.53,91.86,104.28,109.42,70.83,74.0,132.15,138.94,91.71,82.47,18.99,0.17,23.46,3.3,0.55,44.2,0.848,81.5,takeoff,good,"Good depth, push harder through the heels.",6
SES_VER_AVE_0002,athlete_29,304,vertical_jump,118.32,116.96,113.88,116.35,53.95,87.91,165.0,141.41,78.23,77.16,20.86,0.52,14.14,-2.09,0.44,42.1,0.79,70.2,setup,average,Activate core more.,10
SES_JAV_POO_0015,athlete_04,1900,javelin,141.31,138.52,160.49,164.26,115.02,124.63,175.0,168.6,70.49,87.89,53.23,1.91,22.23,2.77,0.47,0,0.587,28.1,descent,poor,Work on symmetry.,63
SES_SNA_GOO_0005,athlete_43,622,snatch,97.41,91.62,113.07,110.27,53.51,48.22,170.59,177.55,81.49,86.43,28.88,0,19.66,0.14,0.6,0,0.875,79.6,flight,good,Extend hips fully.,20
SES_VER_AVE_0002,athlete_29,309,vertical_jump,110.91,109.04,128.88,120.82,67.28,92.91,143.57,143.69,73.74,70.84,27.27,0.52,14.14,-2.09,0.44,42.1,0.776,70.0,descent,average,Activate core more.,10
SES_SPR_GOO_0009,athlete_49,1114,sprint,64.88,59.71,100.21,96.65,84.96,89.42,94.27,104.09,78.86,75.05,20.86,1.23,33.46,-2.28,0.42,0,0.815,78.5,setup,good,Extend hips fully.,37
SES_CRI_ELI_0016,athlete_73,1940,cricket_bat,114.14,122.34,143.13,150.2,95.34,90.69,149.94,136.08,81.13,88.97,18.45,1.45,35.74,1.94,0.43,0,0.784,95.6,takeoff,elite,Hold this form.,64
SES_CRI_AVE_0018,athlete_33,2226,cricket_bat,152.09,152.34,151.08,156.51,111.98,127.01,170.0,157.33,91.28,82.08,32.41,0.2,16.78,4.95,0.41,0,0.709,62.2,setup,average,Activate core more.,74
SES_JAV_AVE_0014,athlete_66,1786,javelin,131.71,135.51,171.96,164.68,140.64,137.6,137.62,149.52,77.53,68.8,52.04,1.12,29.98,1.94,0.39,0,0.659,56.7,takeoff,average,Control trunk lean.,59
SES_SPR_AVE_0010,athlete_49,1300,sprint,74.21,67.68,117.79,120.18,99.79,86.17,116.06,112.81,85.34,88.26,29.63,0.95,27.31,6.44,0.43,0,0.768,70.0,descent,average,Control trunk lean.,43
SES_VER_POO_0003,athlete_41,403,vertical_jump,131.22,133.5,138.98,147.15,96.8,83.67,136.46,155.69,59.83,64.38,44.62,1.08,32.9,5.5,0.59,9.6,0.677,48.8,takeoff,poor,Critical form deviation.,13
SES_JAV_AVE_0014,athlete_52,1694,javelin,123.52,128.16,157.12,164.0,138.69,147.49,142.88,148.77,80.83,81.02,45.27,0,29.45,0.4,0.41,0,0.656,67.0,descent,average,Lower your hips.,56
SES_JAV_POO_0015,athlete_10,1802,javelin,165.0,160.28,168.15,168.0,140.88,145.32,131.25,147.2,83.1,67.38,62.46,3.18,27.74,-0.11,0.37,0,0.591,54.4,setup,poor,LOWER HIPS!,60
SES_SPR_ELI_0008,athlete_23,1048,sprint,47.32,54.03,83.79,91.1,70.45,71.71,89.18,78.15,77.67,70.88,14.59,0.7,42.08,0.04,0.55,0,0.831,91.7,takeoff,elite,Hold this form.,34
SES_SPR_ELI_0008,athlete_41,994,sprint,46.19,45.09,92.09,98.01,71.81,68.03,81.16,87.68,73.51,71.42,10.15,1.95,22.47,7.38,0.51,0,0.874,92.7,setup,elite,Great form! Maintain position.,33
SES_SPR_GOO_0009,athlete_27,1102,sprint,55.9,55.67,98.36,93.95,77.21,80.71,87.53,101.19,77.23,74.5,18.21,1.98,26.91,2.91,0.54,0,0.835,82.8,takeoff,good,Slight asymmetry detected.,36
SES_JAV_GOO_0013,athlete_50,1583,javelin,113.77,120.66,154.63,153.69,158.14,154.91,145.14,137.86,84.06,83.94,61.32,2.9,45.79,3.05,0.55,0,0.72,72.5,flight,good,"Good depth, push harder through the heels.",52
SES_SNA_ELI_0004,athlete_14,575,snatch,87.62,88.91,94.65,98.8,36.29,44.54,180,175.96,88.65,96.87,22.22,1.28,40.29,3.03,0.44,0,0.932,94.8,setup,elite,Great form! Maintain position.,19
SES_VER_GOO_0001,athlete_52,153,vertical_jump,103.13,98.51,104.35,110.78,71.96,74.62,129.8,143.81,79.27,80.77,7.09,4.13,17.4,-1.83,0.55,44.6,0.848,81.4,setup,good,Extend hips fully.,5
SES_CRI_GOO_0017,athlete_15,2117,cricket_bat,125.53,127.94,154.96,143.5,112.6,99.79,155.98,163.4,93.98,91.74,27.41,0.97,12.01,-2.16,0.36,0,0.752,82.6,takeoff,good,Slight asymmetry detected.,70
SES_SNA_ELI_0004,athlete_35,567,snatch,89.36,84.89,92.18,94.2,37.62,39.53,177.56,179.04,92.26,88.73,17.12,3.24,49.53,0.28,0.53,0,0.928,97.5,landing,elite,Elite biomechanics detected.,18
SES_VER_GOO_0001,athlete_79,223,vertical_jump,100.33,106.72,111.61,97.69,71.08,78.67,135.21,130.79,89.28,82.15,18.35,1.96,23.98,1.93,0.46,37.9,0.823,78.8,takeoff,good,Slight asymmetry detected.,7
SES_VER_POO_0003,athlete_50,463,vertical_jump,129.19,144.84,137.74,139.62,67.52,89.17,155.47,145.01,59.5,69.85,42.95,0.96,34.75,4.16,0.45,15.6,0.66,34.8,takeoff,poor,Work on symmetry.,15
SES_JAV_ELI_0012,athlete_53,1511,javelin,101.73,105.02,148.56,148.21,166.59,158.11,116.39,123.15,88.92,86.06,37.33,0.72,20.53,-0.49,0.53,0,0.77,93.6,descent,elite,Great form! Maintain position.,50
SES_SNA_ELI_0004,athlete_35,554,snatch,94.3,81.21,100.34,95.56,42.96,35.4,177.07,177.42,83.98,79.9,23.99,3.24,49.53,0.28,0.53,0,0.894,96.5,takeoff,elite,Elite biomechanics detected.,18
SES_CRI_AVE_0018,athlete_15,2202,cricket_bat,149.03,139.36,149.73,168.55,120.0,113.22,164.14,164.07,85.59,81.67,35.99,0.11,23.44,0.01,0.47,0,0.663,67.2,descent,average,Activate core more.,73
SES_VER_AVE_0002,athlete_29,300,vertical_jump,124.39,116.96,119.36,125.66,33.95,87.91,180,151.41,78.72,77.16,10.86,0.52,14.14,-2.09,0.44,42.1,0.767,71.2,setup,average,Activate core more.,10
SES_VER_GOO_0001,athlete_52,174,vertical_jump,93.73,97.57,103.91,113.0,47.18,60.78,129.89,125.72,80.95,83.34,24.72,4.13,17.4,-1.83,0.55,44.6,0.841,81.6,landing,good,Extend hips fully.,5
SES_CRI_GOO_0017,athlete_15,2114,cricket_bat,132.61,128.15,155.97,148.5,97.6,94.79,140.98,151.76,93.9,86.31,25.06,0.97,12.01,-2.16,0.36,0,0.756,82.6,descent,good,Slight asymmetry detected.,70
SES_VER_ELI_0000,athlete_21,13,vertical_jump,90.3,95.19,97.54,93.15,70.56,59.73,119.9,124.7,84.41,94.31,8.43,3.75,40.25,2.33,0.48,49.9,0.93,91.3,takeoff,elite,Great form! Maintain position.,0
SES_CRI_POO_0019,athlete_25,2292,cricket_bat,152.63,166.28,173.19,168.17,132.74,118.19,175.0,179.54,82.48,81.73,48.58,4.06,24.64,1.83,0.39,0,0.584,35.6,descent,poor,Critical form deviation.,76
SES_VER_AVE_0002,athlete_23,259,vertical_jump,122.91,113.79,119.19,124.78,81.98,86.89,144.61,141.51,71.87,74.74,21.52,1.55,37.69,-0.28,0.5,39.9,0.764,62.7,flight,average,Lower your hips.,8
SES_CRI_ELI_0016,athlete_73,1947,cricket_bat,112.38,117.58,135.93,137.8,96.03,97.44,145.62,142.45,84.61,81.72,26.31,1.45,35.74,1.94,0.43,0,0.802,95.7,flight,elite,Hold this form.,64
SES_SNA_ELI_0004,athlete_04,496,snatch,85.39,90.37,104.07,104.76,47.62,40.84,180,171.54,98.35,98.32,21.96,1.11,30.16,-2.51,0.54,0,0.931,95.2,takeoff,elite,Elite biomechanics detected.,16
SES_CRI_GOO_0017,athlete_15,2110,cricket_bat,136.66,124.45,153.65,136.01,100.37,85.36,139.59,151.76,97.34,93.83,17.34,0.97,12.01,-2.16,0.36,0,0.719,83.5,descent,good,Slight asymmetry detected.,70
SES_SPR_POO_0011,athlete_55,1359,sprint,91.99,92.99,135.53,137.21,92.61,108.88,126.6,134.4,103.9,92.87,40.52,1.53,22.2,7.52,0.52,0,0.713,29.8,setup,poor,LOWER HIPS!,45
SES_JAV_GOO_0013,athlete_50,1585,javelin,122.36,115.35,154.63,151.71,161.92,159.06,155.14,137.86,87.09,81.98,51.32,2.9,45.79,3.05,0.55,0,0.717,72.8,flight,good,"Good depth, push harder through the heels.",52
SES_CRI_ELI_0016,athlete_73,1925,cricket_bat,116.74,117.19,134.93,140.0,91.22,82.8,140.6,146.16,85.26,95.23,16.79,1.45,35.74,1.94,0.43,0,0.808,94.0,setup,elite,Hold this form.,64
SES_SPR_AVE_0010,athlete_67,1277,sprint,65.21,73.09,121.69,125.96,85.95,96.63,110.61,119.61,81.38,85.14,42.87,1.85,28.51,1.34,0.4,0,0.753,65.2,descent,average,Lower your hips.,42
SES_SPR_AVE_0010,athlete_04,1254,sprint,63.22,63.52,116.28,124.12,96.2,92.52,89.61,125.02,91.56,74.5,28.1,2.26,17.05,4.37,0.56,0,0.778,64.9,takeoff,average,Lower your hips.,41
SES_SNA_GOO_0005,athlete_28,674,snatch,100.18,96.46,103.9,114.77,60.97,48.85,168.12,165.0,85.36,93.25,28.3,1.08,29.28,4.84,0.57,0,0.857,84.6,takeoff,good,"Good depth, push harder through the heels.",22
SES_VER_ELI_0000,athlete_49,34,vertical_jump,87.52,92.13,88.03,94.74,68.03,65.23,123.11,119.59,88.08,77.03,10.41,4.68,33.72,-0.49,0.5,65.6,0.921,94.7,setup,elite,Elite biomechanics detected.,1
SES_JAV_AVE_0014,athlete_66,1778,javelin,127.06,116.18,164.88,162.96,143.81,150.37,155.03,159.52,78.53,76.24,45.28,1.12,29.98,1.94,0.39,0,0.651,57.0,descent,average,Control trunk lean.,59
SES_SNA_AVE_0006,athlete_23,760,snatch,107.7,111.64,127.79,128.33,70.85,69.54,156.65,156.75,81.85,81.19,23.05,1.02,17.89,-0.36,0.51,0,0.808,57.3,descent,average,Lower your hips.,25
SES_CRI_POO_0019,athlete_25,2296,cricket_bat,141.3,162.94,164.24,158.17,124.29,128.19,180,170.0,71.09,81.73,58.11,4.06,24.64,1.83,0.39,0,0.563,34.6,takeoff,poor,Critical form deviation.,76
SES_SPR_ELI_0008,athlete_61,1054,sprint,43.62,57.86,86.41,90.65,85.88,74.07,85.06,85.69,71.33,77.56,8.35,3.43,35.85,2.18,0.64,0,0.787,100,setup,elite,Hold this form.,35
SES_VER_AVE_0002,athlete_23,243,vertical_jump,105.61,112.7,122.92,127.28,88.22,55.7,145.84,145.03,81.82,100.21,25.08,1.55,37.69,-0.28,0.5,39.9,0.769,61.6,setup,average,Lower your hips.,8
SES_VER_POO_0003,athlete_61,385,vertical_jump,128.68,140.7,139.28,127.24,86.78,89.02,138.68,143.5,59.97,67.52,28.73,0.87,26.15,-1.22,0.45,17.9,0.646,38.8,landing,poor,Critical form deviation.,12
SES_CRI_ELI_0016,athlete_64,1987,cricket_bat,129.36,126.02,140.6,139.51,91.79,88.66,126.65,138.43,88.95,85.0,27.17,2.29,48.83,2.19,0.45,0,0.81,97.3,setup,elite,Hold this form.,66
SES_VER_POO_0003,athlete_41,407,vertical_jump,132.48,133.19,134.75,136.6,87.2,91.7,130.94,155.69,59.83,73.36,30.84,1.08,32.9,5.5,0.59,9.6,0.694,48.7,takeoff,poor,Critical form deviation.,13
SES_CRI_AVE_0018,athlete_15,2205,cricket_bat,154.03,144.36,154.73,161.96,123.62,118.22,159.14,162.61,90.59,76.67,40.47,0.11,23.44,0.01,0.47,0,0.687,66.9,takeoff,average,Activate core more.,73
SES_VER_POO_0003,athlete_50,466,vertical_jump,144.19,147.62,144.45,141.07,72.52,84.81,160.47,141.2,64.5,70.55,47.95,0.96,34.75,4.16,0.45,15.6,0.686,34.9,takeoff,poor,Work on symmetry.,15
SES_SNA_AVE_0006,athlete_37,737,snatch,104.96,102.28,131.85,115.07,59.53,64.75,172.2,168.38,73.75,83.73,39.96,2.23,18.49,3.17,0.51,0,0.774,67.6,takeoff,average,Activate core more.,24
SES_SPR_AVE_0010,athlete_67,1281,sprint,66.81,73.09,117.51,112.53,85.95,102.54,111.03,122.99,84.63,83.65,22.87,1.85,28.51,1.34,0.4,0,0.759,66.3,takeoff,average,Lower your hips.,42
SES_JAV_ELI_0012,athlete_49,1444,javelin,109.56,110.82,155.36,141.69,175.99,173.17,127.02,131.28,74.14,91.66,36.59,1.47,27.08,1.79,0.39,0,0.75,94.9,setup,elite,Great form! Maintain position.,48
SES_VER_AVE_0002,athlete_29,307,vertical_jump,120.91,115.77,118.88,119.36,67.28,82.91,150.0,146.41,73.74,77.93,24.85,0.52,14.14,-2.09,0.44,42.1,0.786,69.8,descent,average,Activate core more.,10
SES_SNA_GOO_0005,athlete_29,695,snatch,97.77,101.47,105.68,115.57,46.21,54.41,177.92,170.98,92.2,80.53,27.73,5.61,24.9,1.64,0.48,0,0.861,87.8,setup,good,Extend hips fully.,23
SES_VER_ELI_0000,athlete_79,115,vertical_jump,87.72,91.93,95.43,91.73,68.91,60.86,115.27,130.8,90.13,89.04,10.19,0.86,31.29,1.49,0.51,63.6,0.934,92.7,landing,elite,Hold this form.,3
SES_SNA_AVE_0006,athlete_37,741,snatch,113.39,101.74,126.59,115.82,69.53,63.36,169.0,155.72,79.49,72.82,39.96,2.23,18.49,3.17,0.51,0,0.764,67.3,flight,average,Activate core more.,24
SES_VER_GOO_0001,athlete_79,221,vertical_jump,93.33,106.72,101.61,98.84,76.49,69.36,135.21,121.72,89.28,82.15,24.77,1.96,23.98,1.93,0.46,37.9,0.829,79.2,descent,good,Slight asymmetry detected.,7
SES_VER_POO_0003,athlete_61,368,vertical_jump,123.84,129.99,158.1,146.18,85.53,82.12,165.31,142.95,60.19,75.68,46.49,0.87,26.15,-1.22,0.45,17.9,0.662,38.8,descent,poor,Critical form deviation.,12
SES_SNA_POO_0007,athlete_11,926,snatch,123.9,125.82,148.53,152.71,79.37,78.19,138.27,134.36,73.83,69.27,40.99,2.14,29.83,1.47,0.37,0,0.707,43.7,landing,poor,Work on symmetry.,30
SES_CRI_ELI_0016,athlete_44,1950,cricket_bat,105.96,115.04,133.28,128.53,86.13,93.7,127.0,118.0,83.62,83.1,0.79,0.49,26.81,2.6,0.45,0,0.786,97.9,setup,elite,Great form! Maintain position.,65
SES_SPR_POO_0011,athlete_06,1402,sprint,103.23,97.55,133.76,136.64,113.87,104.48,136.47,127.58,96.52,83.12,39.19,0,39.96,5.21,0.45,0,0.697,35.1,takeoff,poor,Adjust knee alignment.,46
SES_JAV_ELI_0012,athlete_39,1481,javelin,109.72,96.89,147.71,147.02,175.71,158.45,121.81,136.19,83.85,79.91,40.27,3.11,36.26,1.08,0.56,0,0.744,94.5,descent,elite,Great form! Maintain position.,49
SES_SNA_GOO_0005,athlete_22,632,snatch,101.4,94.9,104.64,102.56,51.2,50.3,168.81,163.66,78.36,86.49,34.99,1.84,29.67,4.16,0.43,0,0.875,80.8,setup,good,Slight asymmetry detected.,21
SES_SPR_AVE_0010,athlete_67,1268,sprint,68.3,74.46,123.17,120.59,90.95,98.62,110.51,112.23,84.13,82.36,25.31,1.85,28.51,1.34,0.4,0,0.767,65.6,setup,average,Lower your hips.,42
SES_SPR_ELI_0008,athlete_61,1070,sprint,47.37,49.07,96.03,95.03,85.22,75.14,90.01,88.48,66.13,70.77,21.9,3.43,35.85,2.18,0.64,0,0.886,98.8,takeoff,elite,Hold this form.,35
SES_SNA_GOO_0005,athlete_22,657,snatch,95.19,99.6,109.04,114.94,42.88,47.28,161.47,164.85,94.83,85.71,36.17,1.84,29.67,4.16,0.43,0,0.87,82.0,landing,good,Slight asymmetry detected.,21
SES_CRI_GOO_0017,athlete_69,2062,cricket_bat,132.35,134.33,152.04,141.81,96.26,98.26,157.53,152.04,84.03,90.88,34.99,2.76,28.84,4.74,0.53,0,0.755,83.4,takeoff,good,Slight asymmetry detected.,68
SES_CRI_POO_0019,athlete_38,2316,cricket_bat,169.18,150.77,155.39,163.45,106.98,117.59,155.0,151.11,82.82,71.69,44.49,1.56,20.79,1.4,0.53,0,0.572,30.0,setup,poor,Work on symmetry.,77
SES_VER_ELI_0000,athlete_70,69,vertical_jump,92.57,92.7,97.38,93.93,59.06,60.81,112.88,124.65,88.71,98.95,11.63,0.25,28.33,2.73,0.46,77.0,0.949,91.4,descent,elite,Hold this form.,2
SES_JAV_ELI_0012,athlete_49,1450,javelin,103.88,111.4,146.72,142.1,165.35,167.93,120.89,133.8,89.56,85.76,35.55,1.47,27.08,1.79,0.39,0,0.749,95.3,descent,elite,Great form! Maintain position.,48
SES_SNA_GOO_0005,athlete_29,699,snatch,100.07,95.2,105.68,113.01,46.21,49.09,175.0,167.46,92.2,89.69,31.9,5.61,24.9,1.64,0.48,0,0.865,88.3,descent,good,Extend hips fully.,23
SES_VER_AVE_0002,athlete_29,310,vertical_jump,105.91,114.04,127.09,123.36,72.28,97.91,148.25,138.69,76.96,65.84,30.58,0.52,14.14,-2.09,0.44,42.1,0.768,69.8,descent,average,Activate core more.,10
SES_CRI_GOO_0017,athlete_79,2087,cricket_bat,132.3,122.72,152.93,140.08,91.57,101.54,137.31,159.55,85.69,83.21,29.53,1.85,32.24,0.43,0.5,0,0.733,77.1,takeoff,good,"Good depth, push harder through the heels.",69
SES_VER_POO_0003,athlete_41,415,vertical_jump,127.23,134.13,152.34,147.26,97.63,98.13,138.63,160.66,69.59,72.88,40.84,1.08,32.9,5.5,0.59,9.6,0.674,48.2,landing,poor,Critical form deviation.,13
SES_CRI_POO_0019,athlete_62,2352,cricket_bat,173.93,162.21,157.02,156.58,117.04,118.44,169.92,160.59,82.45,80.34,59.03,1.68,42.82,-3.36,0.41,0,0.599,32.1,descent,poor,Work on symmetry.,78
SES_CRI_ELI_0016,athlete_44,1967,cricket_bat,119.38,120.91,139.4,139.62,79.11,89.19,147.05,129.26,87.05,86.92,18.86,0.49,26.81,2.6,0.45,0,0.816,96.2,takeoff,elite,Great form! Maintain position.,65
SES_VER_AVE_0002,athlete_29,303,vertical_jump,123.32,121.96,112.26,121.35,48.95,92.91,170.0,146.41,73.23,72.16,15.86,0.52,14.14,-2.09,0.44,42.1,0.772,70.5,setup,average,Activate core more.,10
SES_SNA_GOO_0005,athlete_28,660,snatch,97.88,100.18,94.49,108.43,64.87,62.34,167.26,180,92.37,77.57,12.45,1.08,29.28,4.84,0.57,0,0.855,85.4,setup,good,"Good depth, push harder through the heels.",22
SES_CRI_AVE_0018,athlete_33,2249,cricket_bat,142.12,151.01,153.92,157.76,110.56,110.84,156.31,149.39,85.29,84.01,40.65,0.2,16.78,4.95,0.41,0,0.694,62.8,flight,average,Activate core more.,74
SES_VER_GOO_0001,athlete_52,177,vertical_jump,90.34,102.21,107.1,99.58,56.97,66.15,132.53,130.72,94.83,86.03,23.65,4.13,17.4,-1.83,0.55,44.6,0.82,81.5,landing,good,Extend hips fully.,5
SES_CRI_GOO_0017,athlete_65,2133,cricket_bat,124.28,133.07,151.87,155.28,98.03,107.93,161.43,142.45,86.79,77.55,25.9,1.17,24.6,4.25,0.43,0,0.752,81.6,setup,good,"Good depth, push harder through the heels.",71
SES_VER_AVE_0002,athlete_48,270,vertical_jump,117.51,104.08,114.91,115.61,75.01,106.78,160.81,169.66,77.23,77.3,8.05,2.17,34.4,4.18,0.43,27.5,0.764,63.5,setup,average,Lower your hips.,9
SES_SPR_ELI_0008,athlete_41,1018,sprint,53.34,54.83,90.0,95.54,90.79,76.68,86.57,89.01,80.87,72.33,13.35,1.95,22.47,7.38,0.51,0,0.873,93.0,takeoff,elite,Great form! Maintain position.,33
SES_SNA_AVE_0006,athlete_37,745,snatch,113.39,100.58,123.42,121.22,56.5,55.24,169.11,161.33,89.49,82.82,39.96,2.23,18.49,3.17,0.51,0,0.781,68.6,landing,average,Activate core more.,24
SES_CRI_GOO_0017,athlete_15,2104,cricket_bat,136.59,135.92,155.68,143.9,82.69,108.8,159.59,151.76,81.84,83.83,18.11,0.97,12.01,-2.16,0.36,0,0.756,82.6,setup,good,Slight asymmetry detected.,70
SES_CRI_ELI_0016,athlete_44,1951,cricket_bat,110.96,118.06,135.3,123.53,90.17,88.7,124.8,123.0,88.62,88.1,5.79,0.49,26.81,2.6,0.45,0,0.775,97.7,setup,elite,Great form! Maintain position.,65
SES_JAV_ELI_0012,athlete_39,1478,javelin,107.47,100.52,152.71,149.15,174.98,170.31,122.1,133.86,91.09,79.4,39.46,3.11,36.26,1.08,0.56,0,0.754,93.9,descent,elite,Great form! Maintain position.,49
SES_JAV_AVE_0014,athlete_66,1773,javelin,126.02,115.3,150.13,159.99,155.76,147.31,153.95,155.78,93.53,77.13,40.28,1.12,29.98,1.94,0.39,0,0.635,58.6,setup,average,Control trunk lean.,59
SES_SPR_POO_0011,athlete_06,1400,sprint,93.23,97.55,133.76,132.45,106.05,104.48,146.47,127.58,96.6,91.1,49.19,0,39.96,5.21,0.45,0,0.703,35.9,takeoff,poor,Adjust knee alignment.,46
SES_CRI_ELI_0016,athlete_76,2031,cricket_bat,126.82,127.01,132.72,129.19,95.58,84.3,136.98,140.28,92.51,89.1,12.22,2.15,51.96,3.27,0.46,0,0.812,95.1,takeoff,elite,Hold this form.,67
SES_SPR_ELI_0008,athlete_41,1019,sprint,52.12,49.83,92.03,99.39,85.79,75.2,85.33,86.47,75.87,67.33,13.72,1.95,22.47,7.38,0.51,0,0.863,93.3,takeoff,elite,Great form! Maintain position.,33
SES_VER_AVE_0002,athlete_29,322,vertical_jump,109.96,119.12,113.8,116.45,79.42,86.94,159.43,133.22,77.68,71.95,24.77,0.52,14.14,-2.09,0.44,42.1,0.768,69.3,flight,average,Activate core more.,10
SES_SNA_AVE_0006,athlete_23,775,snatch,107.67,107.55,126.59,128.13,78.27,64.35,150.05,155.17,81.01,77.49,41.84,1.02,17.89,-0.36,0.51,0,0.816,59.0,landing,average,Lower your hips.,25
SES_SNA_AVE_0006,athlete_23,756,snatch,103.31,106.58,113.19,122.6,75.22,75.63,147.09,174.69,71.85,87.04,23.05,1.02,17.89,-0.36,0.51,0,0.786,57.2,descent,average,Lower your hips.,25
SES_CRI_GOO_0017,athlete_69,2051,cricket_bat,130.18,132.95,163.79,144.6,90.22,100.34,160.87,152.74,92.78,89.21,29.28,2.76,28.84,4.74,0.53,0,0.738,83.3,descent,good,Slight asymmetry detected.,68
SES_VER_AVE_0002,athlete_23,255,vertical_jump,114.76,111.51,122.25,121.53,74.72,80.33,135.84,151.51,78.21,77.06,30.01,1.55,37.69,-0.28,0.5,39.9,0.79,61.6,takeoff,average,Lower your hips.,8
SES_VER_ELI_0000,athlete_79,94,vertical_jump,91.92,91.66,97.25,101.18,57.47,58.52,125.01,119.61,86.38,85.51,13.78,0.86,31.29,1.49,0.51,63.6,0.947,91.1,setup,elite,Hold this form.,3
SES_JAV_ELI_0012,athlete_39,1496,javelin,107.83,104.33,143.79,146.0,158.51,164.92,125.27,125.52,86.65,78.94,37.13,3.11,36.26,1.08,0.56,0,0.766,94.0,flight,elite,Great form! Maintain position.,49
SES_JAV_AVE_0014,athlete_60,1737,javelin,127.35,125.32,154.0,167.11,142.72,139.91,152.24,155.28,80.15,80.7,45.8,3.8,21.97,3.08,0.59,0,0.65,65.7,flight,average,Activate core more.,57
SES_SNA_POO_0007,athlete_54,845,snatch,125.52,122.29,129.85,148.64,79.8,77.67,125.3,141.89,61.36,86.06,56.39,3.09,29.02,3.78,0.43,0,0.669,43.6,setup,poor,Work on symmetry.,28
SES_SPR_POO_0011,athlete_06,1382,sprint,98.33,110.02,126.86,127.45,119.76,96.46,147.9,137.58,82.74,69.81,39.24,0,39.96,5.21,0.45,0,0.683,34.2,setup,poor,Adjust knee alignment.,46
SES_SPR_AVE_0010,athlete_49,1292,sprint,64.21,70.79,122.42,110.8,91.91,96.17,122.2,111.07,82.18,90.73,24.89,0.95,27.31,6.44,0.43,0,0.741,70.4,setup,average,Control trunk lean.,43
SES_SPR_AVE_0010,athlete_32,1217,sprint,70.27,66.02,122.78,121.17,98.34,96.42,103.63,115.48,85.35,91.8,27.86,1.97,20.64,0.35,0.51,0,0.778,60.5,descent,average,Control trunk lean.,40
SES_SPR_GOO_0009,athlete_49,1123,sprint,61.58,61.04,107.03,106.37,105.2,85.2,102.68,98.41,77.36,82.33,21.38,1.23,33.46,-2.28,0.42,0,0.846,79.0,descent,good,Extend hips fully.,37
SES_CRI_POO_0019,athlete_25,2295,cricket_bat,146.3,163.99,159.24,163.17,127.74,123.19,180,175.0,76.09,86.73,53.11,4.06,24.64,1.83,0.39,0,0.576,35.0,takeoff,poor,Critical form deviation.,76
SES_SNA_ELI_0004,athlete_35,553,snatch,89.3,86.21,105.34,100.56,45.98,33.48,172.76,175.12,88.98,84.9,20.24,3.24,49.53,0.28,0.53,0,0.926,96.1,takeoff,elite,Elite biomechanics detected.,18
SES_VER_AVE_0002,athlete_23,261,vertical_jump,112.91,111.66,119.19,124.78,71.98,96.89,144.61,141.51,79.3,74.74,21.52,1.55,37.69,-0.28,0.5,39.9,0.783,62.3,flight,average,Lower your hips.,8
SES_JAV_AVE_0014,athlete_52,1683,javelin,128.52,139.45,164.31,160.32,145.18,152.24,127.59,157.59,80.86,73.92,45.23,0,29.45,0.4,0.41,0,0.647,67.1,setup,average,Lower your hips.,56
SES_SPR_AVE_0010,athlete_32,1222,sprint,64.45,71.43,143.39,115.36,84.35,89.91,111.24,120.48,80.35,77.59,24.61,1.97,20.64,0.35,0.51,0,0.709,60.2,takeoff,average,Control trunk lean.,40
SES_CRI_POO_0019,athlete_48,2378,cricket_bat,158.79,157.32,171.27,159.46,142.45,127.41,174.94,164.46,83.11,86.51,42.93,2.94,17.15,5.67,0.57,0,0.597,51.0,descent,poor,Critical form deviation.,79
SES_JAV_AVE_0014,athlete_73,1767,javelin,115.14,115.81,170.83,159.21,145.45,147.58,147.09,140.39,73.87,86.48,43.75,2.63,19.34,0.28,0.43,0,0.658,57.1,flight,average,Control trunk lean.,58
SES_VER_ELI_0000,athlete_21,16,vertical_jump,95.3,89.88,97.8,91.86,57.17,61.62,104.9,136.28,86.43,89.14,12.95,3.75,40.25,2.33,0.48,49.9,0.925,91.3,takeoff,elite,Great form! Maintain position.,0
SES_CRI_ELI_0016,athlete_76,2025,cricket_bat,118.11,127.01,142.12,134.56,85.58,82.65,140.8,149.52,90.56,81.17,19.17,2.15,51.96,3.27,0.46,0,0.781,95.1,takeoff,elite,Hold this form.,67
SES_SNA_AVE_0006,athlete_29,817,snatch,108.09,120.87,111.78,127.47,64.7,59.05,151.77,169.77,83.41,87.09,43.42,1.24,26.33,-0.49,0.41,0,0.742,64.7,descent,average,Control trunk lean.,27
SES_SPR_GOO_0009,athlete_27,1106,sprint,55.63,65.67,93.78,103.95,84.14,76.22,103.89,95.84,86.97,76.97,22.66,1.98,26.91,2.91,0.54,0,0.763,83.0,takeoff,good,Slight asymmetry detected.,36
SES_VER_AVE_0002,athlete_48,280,vertical_jump,118.1,112.89,118.77,116.99,62.49,90.36,145.83,143.9,74.75,81.94,22.87,2.17,34.4,4.18,0.43,27.5,0.782,63.9,descent,average,Lower your hips.,9
SES_CRI_POO_0019,athlete_38,2326,cricket_bat,158.38,147.2,166.89,163.62,107.3,129.37,164.41,160.58,70.62,90.22,54.8,1.56,20.79,1.4,0.53,0,0.593,31.3,takeoff,poor,Work on symmetry.,77
SES_JAV_ELI_0012,athlete_39,1484,javelin,104.72,100.98,152.71,149.82,172.65,163.03,126.81,134.61,88.85,79.54,38.1,3.11,36.26,1.08,0.56,0,0.764,94.4,descent,elite,Great form! Maintain position.,49
SES_JAV_AVE_0014,athlete_73,1758,javelin,126.05,126.75,165.32,166.87,149.28,148.57,149.53,147.93,77.2,77.71,53.98,2.63,19.34,0.28,0.43,0,0.676,57.0,takeoff,average,Control trunk lean.,58
SES_VER_GOO_0001,athlete_52,173,vertical_jump,98.73,96.59,101.25,109.72,52.18,65.78,124.89,120.72,85.95,78.34,20.58,4.13,17.4,-1.83,0.55,44.6,0.848,81.2,flight,good,Extend hips fully.,5
SES_SNA_AVE_0006,athlete_11,794,snatch,109.72,106.58,116.9,123.64,72.11,69.61,168.39,158.86,76.94,85.52,50.48,2.17,24.04,5.39,0.42,0,0.794,63.2,takeoff,average,Activate core more.,26
SES_SNA_POO_0007,athlete_11,913,snatch,128.53,125.48,146.77,148.52,79.49,75.43,133.27,147.05,69.27,81.94,41.74,2.14,29.83,1.47,0.37,0,0.709,44.8,takeoff,poor,Work on symmetry.,30
SES_JAV_AVE_0014,athlete_73,1741,javelin,141.8,131.28,173.0,170.08,146.24,147.87,145.58,132.2,69.25,73.02,61.69,2.63,19.34,0.28,0.43,0,0.653,56.8,setup,average,Control trunk lean.,58
SES_VER_AVE_0002,athlete_23,265,vertical_jump,99.67,111.66,113.68,124.78,81.98,86.89,144.33,135.65,69.3,77.41,21.76,1.55,37.69,-0.28,0.5,39.9,0.735,62.6,landing,average,Lower your hips.,8
SES_CRI_POO_0019,athlete_62,2340,cricket_bat,161.26,155.92,163.5,156.81,101.22,144.5,179.38,140.59,73.2,88.32,79.86,1.68,42.82,-3.36,0.41,0,0.598,31.3,setup,poor,Work on symmetry.,78
SES_SPR_POO_0011,athlete_06,1405,sprint,98.23,89.05,128.76,139.32,112.86,99.48,141.47,132.58,95.37,90.31,34.19,0,39.96,5.21,0.45,0,0.667,35.9,takeoff,poor,Adjust knee alignment.,46
SES_VER_AVE_0002,athlete_48,275,vertical_jump,116.78,115.0,112.85,124.7,77.49,81.78,145.81,158.9,72.23,77.48,23.22,2.17,34.4,4.18,0.43,27.5,0.764,62.8,setup,average,Lower your hips.,9
SES_CRI_ELI_0016,athlete_76,2035,cricket_bat,130.67,119.54,134.33,139.09,85.58,94.3,142.42,132.18,94.01,91.85,19.29,2.15,51.96,3.27,0.46,0,0.784,95.1,flight,elite,Hold this form.,67
SES_SPR_GOO_0009,athlete_16,1192,sprint,60.88,54.26,105.72,96.34,83.93,88.94,95.52,94.34,81.99,79.5,20.57,0.62,14.63,2.24,0.49,0,0.791,82.4,takeoff,good,"Good depth, push harder through the heels.",39
SES_SNA_GOO_0005,athlete_22,655,snatch,95.19,99.6,109.04,110.37,41.16,51.59,166.09,164.85,84.83,85.36,29.21,1.84,29.67,4.16,0.43,0,0.882,81.6,landing,good,Slight asymmetry detected.,21
SES_JAV_GOO_0013,athlete_50,1572,javelin,118.8,120.86,157.37,150.99,157.15,158.85,141.1,142.67,84.32,79.66,40.57,2.9,45.79,3.05,0.55,0,0.723,74.5,descent,good,"Good depth, push harder through the heels.",52
SES_SNA_AVE_0006,athlete_23,768,snatch,122.8,116.37,119.03,128.3,70.85,62.51,159.01,168.85,70.73,84.81,30.79,1.02,17.89,-0.36,0.51,0,0.781,58.0,flight,average,Lower your hips.,25
SES_JAV_ELI_0012,athlete_49,1458,javelin,98.3,104.69,150.95,148.86,168.92,171.35,130.04,126.11,81.72,83.21,39.19,1.47,27.08,1.79,0.39,0,0.756,95.7,takeoff,elite,Great form! Maintain position.,48
SES_SPR_POO_0011,athlete_55,1376,sprint,89.48,91.41,130.53,130.47,105.47,103.43,116.54,130.37,96.11,91.0,45.44,1.53,22.2,7.52,0.52,0,0.713,29.4,takeoff,poor,LOWER HIPS!,45
SES_SNA_GOO_0005,athlete_43,601,snatch,91.93,94.0,111.04,111.17,40.72,46.75,175.0,171.58,80.09,76.55,27.61,0,19.66,0.14,0.6,0,0.893,79.4,setup,good,Extend hips fully.,20
SES_SPR_ELI_0008,athlete_13,961,sprint,53.45,49.28,99.89,104.8,77.92,73.03,85.37,87.02,66.27,76.72,8.33,2.45,40.04,4.42,0.44,0,0.862,93.8,setup,elite,Great form! Maintain position.,32
SES_VER_AVE_0002,athlete_23,252,vertical_jump,119.76,110.35,109.8,126.53,72.09,75.33,150.84,156.51,73.21,77.13,28.2,1.55,37.69,-0.28,0.5,39.9,0.731,61.5,takeoff,average,Lower your hips.,8
SES_SNA_AVE_0006,athlete_29,820,snatch,107.47,115.87,123.66,123.74,68.09,68.72,149.03,154.77,78.41,82.09,38.42,1.24,26.33,-0.49,0.41,0,0.796,64.9,descent,average,Control trunk lean.,27
SES_SPR_AVE_0010,athlete_49,1290,sprint,54.21,68.66,122.42,120.8,91.91,103.67,124.44,111.18,82.18,82.19,15.74,0.95,27.31,6.44,0.43,0,0.733,70.5,setup,average,Control trunk lean.,43
SES_SPR_ELI_0008,athlete_61,1074,sprint,36.01,43.12,77.48,88.85,74.54,75.57,96.13,92.04,75.31,62.2,11.9,3.43,35.85,2.18,0.64,0,0.797,98.2,takeoff,elite,Hold this form.,35
SES_VER_AVE_0002,athlete_48,284,vertical_jump,116.78,112.56,118.77,110.99,72.49,88.53,145.83,134.5,74.4,85.51,15.49,2.17,34.4,4.18,0.43,27.5,0.77,63.4,takeoff,average,Lower your hips.,9
SES_JAV_AVE_0014,athlete_66,1799,javelin,143.81,126.88,160.17,165.36,137.05,138.74,126.58,153.53,78.73,82.72,55.59,1.12,29.98,1.94,0.39,0,0.635,55.8,flight,average,Control trunk lean.,59
SES_SNA_ELI_0004,athlete_14,585,snatch,92.14,93.81,98.39,91.83,37.37,49.15,178.04,179.58,88.04,95.96,21.54,1.28,40.29,3.03,0.44,0,0.925,95.7,takeoff,elite,Great form! Maintain position.,19
SES_SNA_AVE_0006,athlete_11,800,snatch,99.72,101.37,116.9,121.15,62.64,72.63,165.15,168.86,70.56,85.52,38.61,2.17,24.04,5.39,0.42,0,0.804,63.0,flight,average,Activate core more.,26
SES_VER_GOO_0001,athlete_56,196,vertical_jump,102.53,96.86,109.28,104.59,65.83,79.0,135.4,133.94,86.86,81.29,13.99,0.17,23.46,3.3,0.55,44.2,0.851,81.0,takeoff,good,"Good depth, push harder through the heels.",6
SES_VER_ELI_0000,athlete_79,91,vertical_jump,92.87,89.22,92.25,88.95,64.47,60.77,134.7,129.83,81.38,88.39,9.8,0.86,31.29,1.49,0.51,63.6,0.937,90.7,setup,elite,Hold this form.,3
SES_VER_POO_0003,athlete_41,399,vertical_jump,128.05,113.5,130.24,148.92,101.88,92.43,142.24,145.53,68.61,74.38,34.62,1.08,32.9,5.5,0.59,9.6,0.623,48.5,descent,poor,Critical form deviation.,13
SES_SNA_GOO_0005,athlete_29,707,snatch,103.2,95.85,105.59,105.88,49.86,44.09,167.68,180,81.14,85.38,35.99,5.61,24.9,1.64,0.48,0,0.878,87.6,takeoff,good,Extend hips fully.,23
SES_JAV_AVE_0014,athlete_60,1715,javelin,133.86,124.23,162.23,150.82,146.24,152.64,135.33,163.71,82.68,77.72,47.29,3.8,21.97,3.08,0.59,0,0.637,67.4,setup,average,Activate core more.,57
SES_VER_GOO_0001,athlete_52,175,vertical_jump,88.73,100.21,100.58,108.0,52.18,65.78,134.89,120.72,85.95,86.03,23.65,4.13,17.4,-1.83,0.55,44.6,0.819,81.7,landing,good,Extend hips fully.,5
SES_CRI_GOO_0017,athlete_79,2072,cricket_bat,119.03,121.48,158.98,147.95,99.58,117.91,150.71,142.9,87.43,89.88,17.27,1.85,32.24,0.43,0.5,0,0.753,74.6,setup,good,"Good depth, push harder through the heels.",69
SES_SNA_AVE_0006,athlete_11,799,snatch,104.72,106.37,121.9,120.72,62.77,77.05,170.15,163.86,75.56,90.52,43.61,2.17,24.04,5.39,0.42,0,0.812,63.3,flight,average,Activate core more.,26
SES_SNA_AVE_0006,athlete_29,831,snatch,105.67,96.27,119.37,114.25,69.31,66.0,166.13,170.74,73.68,74.74,34.38,1.24,26.33,-0.49,0.41,0,0.78,64.7,flight,average,Control trunk lean.,27
SES_JAV_ELI_0012,athlete_39,1497,javelin,104.55,105.33,143.2,143.27,163.51,166.83,130.27,128.22,91.65,83.94,34.7,3.11,36.26,1.08,0.56,0,0.778,94.3,flight,elite,Great form! Maintain position.,49
SES_SNA_ELI_0004,athlete_14,589,snatch,82.14,85.99,103.16,96.14,34.37,42.96,172.27,179.34,85.58,95.96,13.91,1.28,40.29,3.03,0.44,0,0.916,95.1,flight,elite,Great form! Maintain position.,19
SES_SPR_GOO_0009,athlete_27,1092,sprint,65.2,53.96,109.97,102.6,87.58,89.21,98.37,99.39,83.61,77.94,24.15,1.98,26.91,2.91,0.54,0,0.778,82.5,descent,good,Slight asymmetry detected.,36
SES_SPR_AVE_0010,athlete_67,1284,sprint,58.13,68.09,112.51,117.53,96.05,97.54,106.03,118.02,83.48,76.16,23.8,1.85,28.51,1.34,0.4,0,0.735,66.0,takeoff,average,Lower your hips.,42
SES_SPR_POO_0011,athlete_06,1381,sprint,93.33,115.02,131.86,122.45,115.81,91.46,152.9,142.58,87.74,64.81,44.24,0,39.96,5.21,0.45,0,0.629,34.1,setup,poor,Adjust knee alignment.,46
SES_VER_POO_0003,athlete_41,390,vertical_jump,128.95,123.51,125.81,134.4,77.38,93.34,127.24,124.1,60.19,83.12,35.94,1.08,32.9,5.5,0.59,9.6,0.668,49.3,setup,poor,Critical form deviation.,13
SES_SNA_GOO_0005,athlete_22,647,snatch,91.8,90.94,119.84,111.08,51.16,52.96,168.26,159.81,95.06,82.57,28.87,1.84,29.67,4.16,0.43,0,0.875,80.1,takeoff,good,Slight asymmetry detected.,21
SES_VER_POO_0003,athlete_61,366,vertical_jump,131.95,129.99,149.86,146.18,85.07,72.12,155.78,132.95,50.19,68.84,46.49,0.87,26.15,-1.22,0.45,17.9,0.688,39.1,descent,poor,Critical form deviation.,12
SES_SNA_POO_0007,athlete_79,882,snatch,127.99,140.85,139.25,143.09,72.85,74.15,164.9,150.37,71.67,76.98,45.5,1.83,32.0,4.97,0.38,0,0.682,43.1,takeoff,poor,Critical form deviation.,29
SES_CRI_GOO_0017,athlete_79,2094,cricket_bat,125.1,128.38,152.76,147.86,106.57,86.54,142.31,152.76,85.39,89.59,29.8,1.85,32.24,0.43,0.5,0,0.763,76.3,flight,good,"Good depth, push harder through the heels.",69
SES_CRI_GOO_0017,athlete_65,2132,cricket_bat,119.28,138.07,156.87,150.28,93.03,106.59,166.43,137.45,91.79,81.41,30.9,1.17,24.6,4.25,0.43,0,0.72,82.0,setup,good,"Good depth, push harder through the heels.",71
SES_CRI_POO_0019,athlete_38,2312,cricket_bat,170.0,170.0,135.39,164.87,106.98,117.59,175.0,152.61,72.04,80.7,38.33,1.56,20.79,1.4,0.53,0,0.555,29.3,setup,poor,Work on symmetry.,77
SES_JAV_GOO_0013,athlete_50,1584,javelin,117.36,116.75,159.63,156.71,156.92,154.06,150.14,132.86,82.72,78.94,56.32,2.9,45.79,3.05,0.55,0,0.733,72.5,flight,good,"Good depth, push harder through the heels.",52
SES_SPR_AVE_0010,athlete_67,1270,sprint,62.6,68.75,119.93,115.09,90.95,98.62,100.51,119.13,84.18,82.36,25.96,1.85,28.51,1.34,0.4,0,0.758,66.0,descent,average,Lower your hips.,42
SES_SNA_ELI_0004,athlete_14,594,snatch,78.92,86.39,100.31,101.14,36.02,41.0,174.32,176.38,91.17,89.5,29.94,1.28,40.29,3.03,0.44,0,0.919,95.4,landing,elite,Great form! Maintain position.,19
SES_VER_ELI_0000,athlete_49,32,vertical_jump,95.68,92.43,78.03,95.95,64.92,63.05,113.11,110.78,88.51,84.26,13.49,4.68,33.72,-0.49,0.5,65.6,0.881,94.8,setup,elite,Elite biomechanics detected.,1
SES_JAV_GOO_0013,athlete_07,1602,javelin,113.35,119.57,163.21,150.77,155.95,157.91,128.88,141.16,85.94,80.97,41.68,3.92,21.2,1.99,0.58,0,0.701,83.0,descent,good,"Good depth, push harder through the heels.",53
SES_CRI_ELI_0016,athlete_44,1956,cricket_bat,120.78,123.14,128.88,141.27,76.64,87.72,139.71,148.0,89.14,87.3,19.41,0.49,26.81,2.6,0.45,0,0.785,97.0,setup,elite,Great form! Maintain position.,65
SES_SPR_POO_0011,athlete_55,1362,sprint,96.99,87.99,120.53,134.71,97.0,103.88,121.6,129.4,92.66,91.08,35.52,1.53,22.2,7.52,0.52,0,0.657,29.7,descent,poor,LOWER HIPS!,45
SES_VER_AVE_0002,athlete_48,293,vertical_jump,114.18,103.95,104.97,115.08,78.27,82.71,120.83,145.97,76.22,72.35,25.05,2.17,34.4,4.18,0.43,27.5,0.744,62.9,flight,average,Lower your hips.,9
SES_SNA_GOO_0005,athlete_43,624,snatch,103.27,91.62,113.07,113.39,53.51,48.22,166.94,175.0,88.99,80.88,28.73,0,19.66,0.14,0.6,0,0.865,79.5,landing,good,Extend hips fully.,20
SES_CRI_POO_0019,athlete_38,2314,cricket_bat,160.0,160.0,145.39,173.45,106.98,117.59,165.0,150.76,72.82,70.7,47.59,1.56,20.79,1.4,0.53,0,0.562,29.2,setup,poor,Work on symmetry.,77
SES_CRI_AVE_0018,athlete_72,2273,cricket_bat,147.09,135.62,157.62,162.65,110.24,120.12,153.44,162.26,80.47,79.33,33.91,1.09,28.62,1.85,0.4,0,0.687,59.9,flight,average,Control trunk lean.,75
SES_CRI_ELI_0016,athlete_73,1933,cricket_bat,114.95,117.36,134.34,134.21,99.27,92.24,138.26,141.04,85.7,89.9,19.49,1.45,35.74,1.94,0.43,0,0.813,93.1,descent,elite,Hold this form.,64
SES_VER_AVE_0002,athlete_48,290,vertical_jump,110.38,116.04,116.57,120.08,93.27,87.71,135.83,147.06,74.4,67.35,14.42,2.17,34.4,4.18,0.43,27.5,0.776,63.5,flight,average,Lower your hips.,9
SES_SNA_ELI_0004,athlete_27,528,snatch,83.58,81.6,97.61,100.19,39.32,30.93,179.02,175.47,89.42,88.26,18.1,0,22.75,-0.15,0.55,0,0.935,97.7,flight,elite,Hold this form.,17
SES_SPR_ELI_0008,athlete_41,997,sprint,51.19,56.22,87.09,91.04,74.39,72.94,76.16,90.65,69.62,76.42,9.39,1.95,22.47,7.38,0.51,0,0.857,93.5,setup,elite,Great form! Maintain position.,33
SES_CRI_ELI_0016,athlete_44,1953,cricket_bat,115.78,124.09,143.88,133.53,81.64,84.25,124.8,133.0,95.98,89.14,15.79,0.49,26.81,2.6,0.45,0,0.777,97.5,setup,elite,Great form! Maintain position.,65
SES_JAV_POO_0015,athlete_04,1897,javelin,146.31,153.52,164.29,164.49,129.14,119.63,173.89,153.6,69.52,82.89,58.23,1.91,22.23,2.77,0.47,0,0.585,27.7,setup,poor,Work on symmetry.,63
SES_SPR_GOO_0009,athlete_16,1170,sprint,54.09,59.54,104.54,117.87,62.39,90.65,105.8,113.18,77.81,76.57,17.36,0.62,14.63,2.24,0.49,0,0.789,79.9,setup,good,"Good depth, push harder through the heels.",39
SES_SNA_GOO_0005,athlete_29,713,snatch,89.98,100.18,103.04,117.25,59.54,47.08,178.03,167.37,78.57,87.35,18.48,5.61,24.9,1.64,0.48,0,0.825,87.5,flight,good,Extend hips fully.,23
SES_JAV_POO_0015,athlete_04,1901,javelin,146.31,143.52,165.49,169.26,120.02,129.63,180,163.6,65.49,82.89,58.23,1.91,22.23,2.77,0.47,0,0.587,28.3,descent,poor,Work on symmetry.,63
SES_SPR_AVE_0010,athlete_49,1305,sprint,83.15,77.75,122.79,119.14,100.12,91.17,111.4,114.59,75.21,82.7,25.85,0.95,27.31,6.44,0.43,0,0.772,70.1,descent,average,Control trunk lean.,43
SES_SPR_AVE_0010,athlete_67,1266,sprint,68.3,64.46,115.26,120.59,90.95,108.62,120.51,108.23,79.03,80.88,24.92,1.85,28.51,1.34,0.4,0,0.769,65.4,setup,average,Lower your hips.,42
SES_SPR_POO_0011,athlete_06,1401,sprint,98.23,92.55,128.76,137.45,111.05,99.48,141.47,122.58,101.52,86.1,44.19,0,39.96,5.21,0.45,0,0.682,35.6,takeoff,poor,Adjust knee alignment.,46
SES_VER_POO_0003,athlete_50,451,vertical_jump,144.56,146.45,147.21,127.76,72.85,95.49,133.69,106.81,74.89,74.62,35.35,0.96,34.75,4.16,0.45,15.6,0.656,34.4,setup,poor,Work on symmetry.,15
SES_SPR_GOO_0009,athlete_08,1141,sprint,53.74,57.05,94.02,108.56,74.3,66.84,72.86,106.66,81.16,80.52,19.26,0,22.24,0.22,0.41,0,0.785,83.4,setup,good,"Good depth, push harder through the heels.",38
SES_SPR_AVE_0010,athlete_32,1216,sprint,75.27,61.02,127.78,116.17,93.34,95.52,108.63,114.02,80.35,86.8,29.71,1.97,20.64,0.35,0.51,0,0.716,60.8,descent,average,Control trunk lean.,40
SES_SNA_POO_0007,athlete_79,885,snatch,141.77,127.08,154.25,148.01,67.85,60.73,149.9,145.37,76.67,68.51,50.5,1.83,32.0,4.97,0.38,0,0.677,43.2,takeoff,poor,Critical form deviation.,29
SES_SNA_AVE_0006,athlete_29,815,snatch,108.09,120.87,114.8,127.47,74.7,69.05,161.77,169.77,83.41,77.09,37.64,1.24,26.33,-0.49,0.41,0,0.751,63.9,setup,average,Control trunk lean.,27
SES_SNA_GOO_0005,athlete_29,697,snatch,103.87,95.2,105.68,112.47,46.21,49.09,175.0,171.28,82.2,80.53,37.73,5.61,24.9,1.64,0.48,0,0.856,88.1,descent,good,Extend hips fully.,23
SES_SNA_ELI_0004,athlete_27,537,snatch,84.79,92.35,98.0,104.61,51.57,35.71,175.0,179.15,91.49,85.85,23.12,0,22.75,-0.15,0.55,0,0.903,96.2,landing,elite,Hold this form.,17
SES_SNA_POO_0007,athlete_43,935,snatch,118.08,126.23,146.31,146.56,90.59,77.06,134.93,168.53,65.07,71.62,53.35,3.11,12.22,5.96,0.37,0,0.699,32.8,setup,poor,LOWER HIPS!,31
SES_SPR_POO_0011,athlete_29,1417,sprint,92.06,93.8,131.3,137.09,91.93,100.3,126.63,137.06,94.1,93.78,36.77,1.78,12.02,4.96,0.53,0,0.701,35.2,setup,poor,Critical form deviation.,47
SES_CRI_ELI_0016,athlete_64,1982,cricket_bat,124.36,124.29,138.93,146.85,82.45,90.34,141.65,148.96,83.8,84.94,33.79,2.29,48.83,2.19,0.45,0,0.803,97.4,setup,elite,Hold this form.,66
SES_SNA_POO_0007,athlete_54,847,snatch,125.52,122.29,138.46,148.64,69.8,80.95,135.3,151.89,71.36,80.53,50.55,3.09,29.02,3.78,0.43,0,0.69,43.1,descent,poor,Work on symmetry.,28
SES_VER_ELI_0000,athlete_70,71,vertical_jump,92.23,87.77,97.07,96.02,59.06,67.21,112.88,121.74,88.71,88.95,13.21,0.25,28.33,2.73,0.46,77.0,0.942,91.2,descent,elite,Hold this form.,2
SES_JAV_AVE_0014,athlete_73,1743,javelin,141.8,137.64,163.0,170.08,136.24,137.87,139.15,141.67,79.25,79.23,61.69,2.63,19.34,0.28,0.43,0,0.658,57.7,setup,average,Control trunk lean.,58
SES_SNA_GOO_0005,athlete_28,680,snatch,92.49,97.24,108.56,114.13,58.45,47.71,167.6,170.9,79.65,90.42,20.46,1.08,29.28,4.84,0.57,0,0.869,84.5,flight,good,"Good depth, push harder through the heels.",22
SES_CRI_ELI_0016,athlete_44,1979,cricket_bat,126.35,117.11,141.07,136.39,93.11,89.69,153.32,153.51,93.68,82.55,26.38,0.49,26.81,2.6,0.45,0,0.788,95.8,flight,elite,Great form! Maintain position.,65
SES_SPR_POO_0011,athlete_06,1392,sprint,97.13,91.93,144.42,127.33,112.53,114.48,142.9,127.58,94.04,89.81,49.53,0,39.96,5.21,0.45,0,0.668,34.3,descent,poor,Adjust knee alignment.,46
SES_SPR_AVE_0010,athlete_32,1209,sprint,74.53,81.57,121.61,125.18,87.5,88.49,109.57,102.25,85.86,81.8,18.97,1.97,20.64,0.35,0.51,0,0.763,60.6,setup,average,Control trunk lean.,40
SES_JAV_AVE_0014,athlete_60,1734,javelin,124.15,130.32,155.78,165.65,132.64,144.91,147.24,151.24,85.15,86.33,59.86,3.8,21.97,3.08,0.59,0,0.646,65.2,flight,average,Activate core more.,57
SES_SNA_AVE_0006,athlete_29,827,snatch,102.47,94.67,108.66,126.88,65.03,71.36,164.03,167.34,81.69,84.74,26.75,1.24,26.33,-0.49,0.41,0,0.747,64.9,takeoff,average,Control trunk lean.,27
SES_CRI_AVE_0018,athlete_33,2231,cricket_bat,150.53,156.6,158.01,146.81,97.09,107.29,175.0,162.33,91.49,89.77,37.41,0.2,16.78,4.95,0.41,0,0.687,62.3,descent,average,Activate core more.,74
SES_SNA_AVE_0006,athlete_37,721,snatch,70.2,112.28,135.99,149.66,61.45,71.78,171.75,160.46,84.05,78.75,48.42,2.23,18.49,3.17,0.51,0,0.61,68.8,setup,average,Activate core more.,24
SES_SPR_GOO_0009,athlete_08,1159,sprint,62.69,55.55,91.63,108.24,88.44,96.78,97.29,93.53,79.52,74.98,23.21,0,22.24,0.22,0.41,0,0.761,84.5,descent,good,"Good depth, push harder through the heels.",38
SES_CRI_ELI_0016,athlete_73,1936,cricket_bat,115.78,122.34,133.14,136.16,85.34,89.16,151.16,136.08,90.37,84.9,18.3,1.45,35.74,1.94,0.43,0,0.796,94.2,takeoff,elite,Hold this form.,64
SES_SNA_ELI_0004,athlete_27,539,snatch,88.68,90.02,102.07,103.41,50.31,40.08,180,173.45,91.49,93.75,17.93,0,22.75,-0.15,0.55,0,0.942,97.1,landing,elite,Hold this form.,17
SES_CRI_ELI_0016,athlete_64,1999,cricket_bat,110.91,121.47,127.96,136.72,87.8,97.3,149.74,150.32,95.02,87.69,14.18,2.29,48.83,2.19,0.45,0,0.771,97.3,takeoff,elite,Hold this form.,66
SES_SPR_GOO_0009,athlete_08,1154,sprint,57.35,60.55,106.63,116.75,94.3,89.34,113.16,100.37,69.13,84.63,12.69,0,22.24,0.22,0.41,0,0.805,83.6,descent,good,"Good depth, push harder through the heels.",38
SES_SNA_POO_0007,athlete_79,870,snatch,152.55,115.67,129.37,163.71,81.34,119.09,180,137.26,95.52,70.58,15.58,1.83,32.0,4.97,0.38,0,0.585,43.5,setup,poor,Critical form deviation.,29
SES_SNA_ELI_0004,athlete_35,559,snatch,87.91,88.38,105.17,103.92,40.48,43.56,180,175.81,89.64,95.83,26.06,3.24,49.53,0.28,0.53,0,0.945,97.2,flight,elite,Elite biomechanics detected.,18
SES_SNA_ELI_0004,athlete_04,483,snatch,84.4,92.12,97.99,99.75,53.0,47.4,170.0,180,94.61,89.89,23.64,1.11,30.16,-2.51,0.54,0,0.917,94.8,setup,elite,Elite biomechanics detected.,16
SES_SPR_GOO_0009,athlete_49,1130,sprint,61.06,65.83,106.16,102.73,85.64,90.83,89.58,98.58,76.67,78.34,22.55,1.23,33.46,-2.28,0.42,0,0.817,79.4,takeoff,good,Extend hips fully.,37
SES_VER_ELI_0000,athlete_70,78,vertical_jump,91.97,88.26,94.32,98.8,58.19,61.98,132.53,116.26,84.59,94.93,9.56,0.25,28.33,2.73,0.46,77.0,0.934,92.1,flight,elite,Hold this form.,2
SES_SNA_ELI_0004,athlete_27,525,snatch,89.74,86.6,102.61,103.49,38.7,41.38,180,176.33,87.76,96.72,9.98,0,22.75,-0.15,0.55,0,0.937,96.7,takeoff,elite,Hold this form.,17
SES_JAV_POO_0015,athlete_04,1913,javelin,145.42,140.69,162.63,167.09,138.14,139.63,165.34,160.15,68.21,64.54,58.52,1.91,22.23,2.77,0.47,0,0.582,27.3,flight,poor,Work on symmetry.,63
SES_SPR_ELI_0008,athlete_23,1023,sprint,42.09,47.1,88.98,86.72,77.43,80.24,79.71,95.4,73.7,68.68,15.27,0.7,42.08,0.04,0.55,0,0.857,92.8,setup,elite,Hold this form.,34
SES_SPR_AVE_0010,athlete_04,1251,sprint,64.15,68.52,111.28,121.79,91.2,97.52,92.83,120.02,76.56,79.1,33.1,2.26,17.05,4.37,0.56,0,0.751,65.1,takeoff,average,Lower your hips.,41
SES_SPR_POO_0011,athlete_29,1416,sprint,87.06,91.18,136.3,132.09,96.93,95.3,121.63,132.06,89.1,89.65,36.22,1.78,12.02,4.96,0.53,0,0.697,35.5,setup,poor,Critical form deviation.,47
SES_VER_GOO_0001,athlete_52,154,vertical_jump,98.13,97.25,99.35,105.78,70.91,69.62,134.8,138.81,84.27,85.77,12.09,4.13,17.4,-1.83,0.55,44.6,0.858,81.5,setup,good,Extend hips fully.,5
SES_SPR_POO_0011,athlete_29,1436,sprint,94.23,83.51,133.93,143.85,99.26,89.34,135.09,142.06,95.96,88.32,46.74,1.78,12.02,4.96,0.53,0,0.664,36.0,takeoff,poor,Critical form deviation.,47
SES_SPR_GOO_0009,athlete_27,1108,sprint,52.0,61.36,100.52,103.95,84.14,86.22,108.11,100.41,76.97,76.86,27.45,1.98,26.91,2.91,0.54,0,0.786,82.8,takeoff,good,Slight asymmetry detected.,36
SES_VER_ELI_0000,athlete_70,87,vertical_jump,96.28,87.25,102.34,92.89,67.54,65.62,129.65,130.0,90.97,77.71,8.37,0.25,28.33,2.73,0.46,77.0,0.904,92.5,landing,elite,Hold this form.,2
SES_SNA_AVE_0006,athlete_29,833,snatch,110.12,99.1,119.37,121.92,69.31,66.0,166.13,170.74,78.31,79.31,44.38,1.24,26.33,-0.49,0.41,0,0.784,64.6,flight,average,Control trunk lean.,27
SES_JAV_ELI_0012,athlete_68,1530,javelin,92.34,93.14,142.59,144.93,178.79,173.9,148.21,140.12,91.39,89.0,47.2,2.6,37.36,-1.48,0.52,0,0.773,94.2,setup,elite,Great form! Maintain position.,51
SES_CRI_POO_0019,athlete_48,2370,cricket_bat,143.66,148.22,165.84,157.61,118.78,121.3,154.82,153.46,58.25,64.13,73.15,2.94,17.15,5.67,0.57,0,0.596,50.9,setup,poor,Critical form deviation.,79
SES_SNA_ELI_0004,athlete_27,518,snatch,85.3,84.66,111.76,87.44,44.13,39.93,173.68,175.0,88.4,89.56,26.98,0,22.75,-0.15,0.55,0,0.882,95.8,descent,elite,Hold this form.,17
SES_VER_ELI_0000,athlete_21,27,vertical_jump,96.25,97.29,102.63,96.2,60.48,64.96,122.95,118.69,93.87,90.89,13.08,3.75,40.25,2.33,0.48,49.9,0.938,92.8,landing,elite,Great form! Maintain position.,0
SES_SPR_GOO_0009,athlete_08,1140,sprint,54.85,62.05,89.02,103.8,69.3,66.9,67.86,111.66,86.16,75.96,24.26,0,22.24,0.22,0.41,0,0.772,83.3,setup,good,"Good depth, push harder through the heels.",38
SES_SPR_POO_0011,athlete_29,1411,sprint,93.27,106.18,123.7,129.93,91.93,87.72,116.63,125.95,89.46,114.65,23.62,1.78,12.02,4.96,0.53,0,0.663,35.0,setup,poor,Critical form deviation.,47
SES_VER_GOO_0001,athlete_79,211,vertical_jump,103.87,98.38,99.44,106.31,81.83,80.69,135.21,126.45,82.0,95.22,22.04,1.96,23.98,1.93,0.46,37.9,0.843,80.4,setup,good,Slight asymmetry detected.,7
SES_SNA_ELI_0004,athlete_35,561,snatch,89.05,86.32,105.17,106.94,45.67,46.44,174.52,177.64,91.18,85.83,21.7,3.24,49.53,0.28,0.53,0,0.936,97.7,flight,elite,Elite biomechanics detected.,18
SES_JAV_POO_0015,athlete_28,1854,javelin,149.21,148.17,160.0,173.0,136.35,145.22,173.78,174.65,73.56,78.61,75.88,1.63,30.33,3.74,0.48,0,0.574,32.3,flight,poor,LOWER HIPS!,61
SES_JAV_POO_0015,athlete_47,1873,javelin,147.24,143.64,169.21,165.89,136.06,122.39,147.25,166.73,85.43,65.02,48.42,4.82,22.78,-0.61,0.3,0,0.587,42.6,descent,poor,Critical form deviation.,62
SES_JAV_AVE_0014,athlete_66,1798,javelin,138.81,121.88,163.92,170.36,132.05,133.74,131.58,158.53,77.85,82.09,50.59,1.12,29.98,1.94,0.39,0,0.632,55.8,flight,average,Control trunk lean.,59
SES_VER_ELI_0000,athlete_21,12,vertical_jump,85.3,93.42,98.07,98.15,65.56,64.73,124.9,123.93,89.41,89.31,13.43,3.75,40.25,2.33,0.48,49.9,0.931,91.6,takeoff,elite,Great form! Maintain position.,0
SES_SNA_POO_0007,athlete_54,864,snatch,131.51,126.0,147.11,148.97,76.51,82.83,148.86,142.08,69.95,74.65,49.85,3.09,29.02,3.78,0.43,0,0.704,41.9,landing,poor,Work on symmetry.,28
SES_VER_POO_0003,athlete_19,444,vertical_jump,128.86,135.21,138.05,144.22,81.53,90.68,153.18,149.45,69.41,56.75,50.26,1.73,29.0,-2.4,0.51,24.0,0.672,37.7,landing,poor,Critical form deviation.,14
SES_VER_ELI_0000,athlete_79,100,vertical_jump,89.24,90.21,94.09,100.15,51.53,54.96,125.76,105.52,84.52,94.3,10.83,0.86,31.29,1.49,0.51,63.6,0.937,91.1,descent,elite,Hold this form.,3
SES_JAV_POO_0015,athlete_47,1860,javelin,141.44,162.36,178,161.21,159.51,127.32,168.19,161.41,57.88,63.29,80,4.82,22.78,-0.61,0.3,0,0.533,43.0,setup,poor,Critical form deviation.,62
SES_VER_AVE_0002,athlete_48,288,vertical_jump,100.38,106.04,111.4,120.08,89.96,81.81,135.83,144.5,84.4,76.08,15.75,2.17,34.4,4.18,0.43,27.5,0.76,63.7,flight,average,Lower your hips.,9
SES_VER_GOO_0001,athlete_46,133,vertical_jump,99.31,100.64,101.85,105.65,70.52,72.45,136.31,126.87,80.36,91.28,20.34,2.67,21.85,4.22,0.41,47.7,0.865,77.4,takeoff,good,Extend hips fully.,4
SES_VER_GOO_0001,athlete_56,182,vertical_jump,96.27,105.01,112.75,98.45,68.57,66.33,137.86,147.7,79.52,82.87,19.25,0.17,23.46,3.3,0.55,44.2,0.815,81.6,setup,good,"Good depth, push harder through the heels.",6
SES_JAV_AVE_0014,athlete_52,1700,javelin,133.86,122.64,169.48,167.65,128.69,147.49,140.87,147.8,80.59,82.39,52.31,0,29.45,0.4,0.41,0,0.652,66.7,takeoff,average,Lower your hips.,56
SES_SNA_GOO_0005,athlete_29,704,snatch,98.91,90.85,108.85,105.67,54.86,50.29,162.68,172.17,82.85,94.69,36.57,5.61,24.9,1.64,0.48,0,0.867,88.2,takeoff,good,Extend hips fully.,23
SES_JAV_AVE_0014,athlete_66,1794,javelin,136.63,129.0,173.92,155.24,150.64,133.74,147.68,158.53,75.77,75.44,50.36,1.12,29.98,1.94,0.39,0,0.631,56.8,flight,average,Control trunk lean.,59
SES_CRI_POO_0019,athlete_38,2332,cricket_bat,158.38,151.9,163.31,153.62,115.64,129.28,164.41,169.11,73.15,90.22,44.8,1.56,20.79,1.4,0.53,0,0.59,31.6,takeoff,poor,Work on symmetry.,77
SES_CRI_AVE_0018,athlete_15,2210,cricket_bat,154.48,144.23,159.73,161.65,118.62,105.55,163.09,167.61,84.0,72.1,33.78,0.11,23.44,0.01,0.47,0,0.696,65.9,takeoff,average,Activate core more.,73
SES_VER_ELI_0000,athlete_79,99,vertical_jump,94.24,95.21,99.09,95.15,56.53,49.96,124.34,110.52,84.84,92.2,8.4,0.86,31.29,1.49,0.51,63.6,0.945,91.1,descent,elite,Hold this form.,3
SES_SPR_GOO_0009,athlete_49,1121,sprint,71.58,61.04,103.06,116.37,95.2,77.51,102.68,108.41,77.36,82.33,21.38,1.23,33.46,-2.28,0.42,0,0.767,79.3,descent,good,Extend hips fully.,37
SES_SNA_AVE_0006,athlete_29,828,snatch,105.03,89.89,113.66,127.03,60.03,66.36,169.03,162.34,76.69,89.74,24.04,1.24,26.33,-0.49,0.41,0,0.741,64.9,flight,average,Control trunk lean.,27
SES_JAV_GOO_0013,athlete_50,1562,javelin,112.01,127.13,159.34,156.21,143.35,153.25,146.8,148.51,89.19,70.82,32.95,2.9,45.79,3.05,0.55,0,0.694,75.0,setup,good,"Good depth, push harder through the heels.",52
SES_CRI_ELI_0016,athlete_73,1942,cricket_bat,117.38,114.57,143.13,140.2,85.34,88.21,143.63,146.08,89.61,95.08,12.19,1.45,35.74,1.94,0.43,0,0.807,95.6,takeoff,elite,Hold this form.,64
SES_CRI_AVE_0018,athlete_72,2268,cricket_bat,152.09,130.62,149.65,157.59,115.24,105.82,158.44,171.15,85.51,87.59,28.58,1.09,28.62,1.85,0.4,0,0.662,60.3,takeoff,average,Control trunk lean.,75
SES_SPR_AVE_0010,athlete_49,1296,sprint,64.21,70.79,123.33,120.8,91.91,106.17,112.62,111.07,79.77,84.11,19.63,0.95,27.31,6.44,0.43,0,0.763,69.8,setup,average,Control trunk lean.,43
SES_SNA_AVE_0006,athlete_11,792,snatch,109.72,102.27,112.52,124.49,72.11,59.61,165.94,158.86,83.87,85.52,40.48,2.17,24.04,5.39,0.42,0,0.768,62.8,takeoff,average,Activate core more.,26
SES_JAV_ELI_0012,athlete_49,1441,javelin,106.64,104.44,149.8,153.67,171.75,164.38,112.11,135.62,76.97,91.27,21.59,1.47,27.08,1.79,0.39,0,0.766,95.3,setup,elite,Great form! Maintain position.,48
SES_CRI_GOO_0017,athlete_69,2046,cricket_bat,135.18,123.62,152.21,144.12,95.22,95.44,155.87,157.74,87.78,90.79,15.75,2.76,28.84,4.74,0.53,0,0.738,83.1,setup,good,Slight asymmetry detected.,68
SES_CRI_POO_0019,athlete_38,2318,cricket_bat,159.18,154.13,165.39,163.62,116.98,117.67,155.0,160.58,72.82,71.69,54.49,1.56,20.79,1.4,0.53,0,0.607,30.2,descent,poor,Work on symmetry.,77
SES_VER_GOO_0001,athlete_79,215,vertical_jump,103.87,106.72,93.47,98.48,81.82,70.69,135.21,126.45,76.48,82.15,13.7,1.96,23.98,1.93,0.46,37.9,0.856,80.0,setup,good,Slight asymmetry detected.,7
SES_SPR_AVE_0010,athlete_04,1239,sprint,70.65,71.75,121.97,112.82,90.79,96.0,111.97,105.4,89.28,81.72,31.67,2.26,17.05,4.37,0.56,0,0.773,66.0,setup,average,Lower your hips.,41
SES_SPR_POO_0011,athlete_29,1435,sprint,89.23,85.56,138.93,138.9,94.26,94.34,133.08,137.06,100.96,83.32,41.74,1.78,12.02,4.96,0.53,0,0.708,36.0,takeoff,poor,Critical form deviation.,47
SES_SPR_ELI_0008,athlete_23,1034,sprint,37.98,53.42,91.78,91.57,76.98,73.79,90.19,97.39,77.49,66.8,5.77,0.7,42.08,0.04,0.55,0,0.777,93.1,descent,elite,Hold this form.,34
SES_SPR_POO_0011,athlete_06,1408,sprint,89.85,79.24,123.76,143.27,107.86,109.29,136.47,127.69,80.37,85.31,40.11,0,39.96,5.21,0.45,0,0.637,35.6,takeoff,poor,Adjust knee alignment.,46
SES_SPR_POO_0011,athlete_75,1347,sprint,87.06,85.26,132.5,125.15,114.48,104.29,133.86,135.02,84.84,87.71,41.2,5.1,21.29,-1.57,0.41,0,0.697,45.8,takeoff,poor,Work on symmetry.,44
SES_SPR_GOO_0009,athlete_49,1136,sprint,60.78,55.83,106.62,102.11,88.48,80.92,104.27,86.53,84.22,78.34,21.5,1.23,33.46,-2.28,0.42,0,0.813,80.0,takeoff,good,Extend hips fully.,37
SES_JAV_POO_0015,athlete_47,1877,javelin,142.74,137.19,164.4,165.89,136.06,128.56,164.42,160.1,74.63,65.09,57.71,4.82,22.78,-0.61,0.3,0,0.586,42.1,takeoff,poor,Critical form deviation.,62
SES_SPR_AVE_0010,athlete_32,1228,sprint,63.08,67.09,129.86,101.64,78.76,91.75,113.78,115.99,77.32,77.59,21.45,1.97,20.64,0.35,0.51,0,0.716,59.9,takeoff,average,Control trunk lean.,40
SES_SNA_GOO_0005,athlete_29,698,snatch,102.45,100.2,110.68,111.25,41.21,54.09,180,172.46,87.2,85.53,32.73,5.61,24.9,1.64,0.48,0,0.892,88.0,descent,good,Extend hips fully.,23
SES_SPR_POO_0011,athlete_55,1357,sprint,91.99,82.99,140.49,137.21,102.61,99.66,136.6,144.4,103.44,89.72,41.01,1.53,22.2,7.52,0.52,0,0.684,29.8,setup,poor,LOWER HIPS!,45
SES_CRI_AVE_0018,athlete_59,2160,cricket_bat,146.45,160.23,140.42,168.51,125.2,118.51,134.16,169.95,88.79,85.2,36.59,3.51,36.71,4.25,0.4,0,0.644,63.4,setup,average,Activate core more.,72
SES_VER_GOO_0001,athlete_79,235,vertical_jump,99.12,96.18,111.82,102.69,68.33,71.19,139.71,135.31,81.88,82.6,17.4,1.96,23.98,1.93,0.46,37.9,0.847,78.3,landing,good,Slight asymmetry detected.,7
SES_VER_POO_0003,athlete_50,452,vertical_jump,149.56,149.72,142.21,128.46,77.85,100.49,138.69,111.81,69.89,69.62,40.35,0.96,34.75,4.16,0.45,15.6,0.671,34.4,setup,poor,Work on symmetry.,15
SES_VER_AVE_0002,athlete_29,308,vertical_jump,115.91,110.77,123.88,115.82,72.28,87.91,145.0,141.41,78.74,75.84,29.85,0.52,14.14,-2.09,0.44,42.1,0.767,69.9,descent,average,Activate core more.,10
SES_SNA_POO_0007,athlete_79,878,snatch,140.83,133.67,139.37,149.84,76.16,89.09,170.0,160.37,71.67,76.98,45.5,1.83,32.0,4.97,0.38,0,0.682,43.4,descent,poor,Critical form deviation.,29
SES_JAV_GOO_0013,athlete_67,1625,javelin,99.88,117.13,155.9,159.07,163.0,155.61,142.88,136.64,79.26,85.46,39.1,2.8,33.22,3.51,0.54,0,0.682,81.8,setup,good,Extend hips fully.,54
SES_VER_AVE_0002,athlete_48,277,vertical_jump,113.1,121.46,112.85,124.7,77.49,85.31,143.25,158.9,68.71,77.48,33.22,2.17,34.4,4.18,0.43,27.5,0.746,62.7,descent,average,Lower your hips.,9
SES_JAV_ELI_0012,athlete_39,1475,javelin,110.08,107.24,142.89,148.88,175.0,165.39,135.42,128.86,86.09,81.05,40.59,3.11,36.26,1.08,0.56,0,0.76,93.0,setup,elite,Great form! Maintain position.,49
SES_SPR_GOO_0009,athlete_16,1189,sprint,59.38,60.22,108.52,101.34,95.01,82.42,90.52,98.78,67.17,79.08,24.34,0.62,14.63,2.24,0.49,0,0.826,82.4,descent,good,"Good depth, push harder through the heels.",39
SES_SPR_ELI_0008,athlete_41,1014,sprint,47.02,53.61,83.41,92.29,73.6,69.72,85.53,87.75,73.01,74.6,13.01,1.95,22.47,7.38,0.51,0,0.826,93.1,takeoff,elite,Great form! Maintain position.,33
SES_JAV_GOO_0013,athlete_50,1574,javelin,122.91,120.86,157.37,150.99,157.15,158.85,141.34,136.74,81.64,85.93,41.59,2.9,45.79,3.05,0.55,0,0.723,73.9,descent,good,"Good depth, push harder through the heels.",52
SES_CRI_ELI_0016,athlete_44,1958,cricket_bat,120.78,124.69,135.8,149.94,86.64,87.86,139.71,141.18,92.24,83.29,20.55,0.49,26.81,2.6,0.45,0,0.779,97.1,descent,elite,Great form! Maintain position.,65
SES_JAV_ELI_0012,athlete_53,1526,javelin,109.06,105.71,148.89,148.96,165.25,168.92,132.82,120.94,86.72,84.11,40.58,0.72,20.53,-0.49,0.53,0,0.771,93.8,flight,elite,Great form! Maintain position.,50
SES_SPR_GOO_0009,athlete_16,1195,sprint,55.88,59.26,101.5,100.1,84.69,83.94,100.52,99.34,77.35,74.5,18.72,0.62,14.63,2.24,0.49,0,0.828,82.4,takeoff,good,"Good depth, push harder through the heels.",39
SES_SNA_AVE_0006,athlete_37,731,snatch,94.96,100.61,131.85,119.78,70.04,64.75,168.54,151.94,82.67,89.92,39.96,2.23,18.49,3.17,0.51,0,0.775,68.2,descent,average,Activate core more.,24
SES_SNA_GOO_0005,athlete_28,664,snatch,97.88,100.18,104.49,110.69,57.47,42.83,177.81,171.34,80.35,78.45,29.66,1.08,29.28,4.84,0.57,0,0.875,85.0,setup,good,"Good depth, push harder through the heels.",22
SES_CRI_GOO_0017,athlete_15,2101,cricket_bat,123.12,150.92,140.68,149.12,86.65,105.54,174.59,149.94,83.96,88.79,27.1,0.97,12.01,-2.16,0.36,0,0.694,83.2,setup,good,Slight asymmetry detected.,70
SES_JAV_GOO_0013,athlete_32,1659,javelin,121.84,119.75,148.24,150.76,152.72,160.69,139.53,134.06,85.64,80.02,47.37,2.86,21.56,-0.94,0.54,0,0.73,81.4,descent,good,"Good depth, push harder through the heels.",55
SES_VER_POO_0003,athlete_41,400,vertical_jump,129.22,118.5,135.24,149.61,96.88,87.43,141.46,147.76,63.61,69.38,39.62,1.08,32.9,5.5,0.59,9.6,0.643,48.9,descent,poor,Critical form deviation.,13
SES_CRI_ELI_0016,athlete_64,1981,cricket_bat,129.36,119.29,135.36,151.85,87.45,95.34,136.65,153.96,79.33,79.94,38.79,2.29,48.83,2.19,0.45,0,0.76,97.7,setup,elite,Hold this form.,66
SES_CRI_GOO_0017,athlete_69,2063,cricket_bat,127.35,139.33,157.04,145.51,97.24,99.61,152.53,154.24,89.03,88.68,29.99,2.76,28.84,4.74,0.53,0,0.73,83.5,flight,good,Slight asymmetry detected.,68
SES_CRI_AVE_0018,athlete_15,2212,cricket_bat,153.37,137.62,159.73,158.38,108.62,115.55,163.09,165.13,84.0,75.03,33.78,0.11,23.44,0.01,0.47,0,0.687,65.7,takeoff,average,Activate core more.,73
SES_SPR_POO_0011,athlete_06,1391,sprint,92.13,96.93,149.42,122.45,107.53,118.15,137.9,122.58,89.04,84.81,54.53,0,39.96,5.21,0.45,0,0.65,34.6,descent,poor,Adjust knee alignment.,46
SES_VER_POO_0003,athlete_50,471,vertical_jump,149.19,132.95,149.45,148.46,97.52,91.8,145.47,146.2,66.7,68.78,39.26,0.96,34.75,4.16,0.45,15.6,0.665,34.5,flight,poor,Work on symmetry.,15
SES_JAV_GOO_0013,athlete_07,1597,javelin,111.76,120.58,159.77,156.29,160.95,159.67,143.27,136.16,92.81,83.37,38.28,3.92,21.2,1.99,0.58,0,0.71,83.5,setup,good,"Good depth, push harder through the heels.",53
SES_SPR_POO_0011,athlete_75,1321,sprint,92.35,75.96,138.0,115.37,141.25,109.37,115.23,115.27,82.55,93.52,28.24,5.1,21.29,-1.57,0.41,0,0.618,44.4,setup,poor,Work on symmetry.,44
SES_JAV_ELI_0012,athlete_49,1455,javelin,103.08,106.45,145.95,140.91,166.8,170.97,125.89,123.4,82.04,89.02,34.28,1.47,27.08,1.79,0.39,0,0.76,95.5,takeoff,elite,Great form! Maintain position.,48
SES_SPR_POO_0011,athlete_55,1368,sprint,93.06,87.08,130.53,133.8,109.48,106.76,131.6,110.48,90.63,91.0,40.24,1.53,22.2,7.52,0.52,0,0.693,29.7,descent,poor,LOWER HIPS!,45
SES_VER_AVE_0002,athlete_23,269,vertical_jump,114.93,114.04,118.6,123.18,71.98,76.89,152.46,135.65,70.39,81.03,21.76,1.55,37.69,-0.28,0.5,39.9,0.786,62.6,landing,average,Lower your hips.,8
SES_JAV_ELI_0012,athlete_39,1494,javelin,107.83,104.33,137.62,146.0,165.92,164.72,135.27,131.72,84.93,87.67,35.91,3.11,36.26,1.08,0.56,0,0.752,94.5,flight,elite,Great form! Maintain position.,49
SES_SPR_POO_0011,athlete_55,1366,sprint,93.06,87.99,120.53,128.14,109.48,106.76,131.6,109.99,82.37,91.08,30.24,1.53,22.2,7.52,0.52,0,0.685,29.6,descent,poor,LOWER HIPS!,45
SES_CRI_POO_0019,athlete_48,2393,cricket_bat,156.1,164.6,157.02,161.14,141.53,129.77,174.02,171.64,73.37,76.13,56.68,2.94,17.15,5.67,0.57,0,0.596,50.5,flight,poor,Critical form deviation.,79
SES_JAV_POO_0015,athlete_47,1869,javelin,147.24,149.8,169.96,165.89,136.06,115.12,161.68,156.73,73.5,78.29,47.09,4.82,22.78,-0.61,0.3,0,0.588,42.8,descent,poor,Critical form deviation.,62
SES_CRI_ELI_0016,athlete_76,2013,cricket_bat,117.14,119.39,137.55,144.44,93.35,80.99,149.95,139.95,92.21,96.64,17.58,2.15,51.96,3.27,0.46,0,0.799,95.3,setup,elite,Hold this form.,67
SES_VER_GOO_0001,athlete_46,129,vertical_jump,105.6,102.98,113.04,98.51,66.16,77.39,136.83,126.87,84.03,85.82,11.41,2.67,21.85,4.22,0.41,47.7,0.834,77.0,descent,good,Extend hips fully.,4
SES_SPR_AVE_0010,athlete_49,1317,sprint,74.95,68.12,118.81,126.34,90.28,100.42,114.78,114.28,86.14,79.74,23.28,0.95,27.31,6.44,0.43,0,0.754,71.2,takeoff,average,Control trunk lean.,43
SES_VER_ELI_0000,athlete_79,98,vertical_jump,93.85,100.21,97.13,97.77,61.53,52.66,125.01,115.52,84.12,87.2,13.4,0.86,31.29,1.49,0.51,63.6,0.938,90.7,descent,elite,Hold this form.,3
SES_SNA_POO_0007,athlete_79,883,snatch,132.99,135.85,144.25,138.09,77.85,69.15,159.9,145.37,76.67,71.98,50.5,1.83,32.0,4.97,0.38,0,0.701,43.5,takeoff,poor,Critical form deviation.,29
SES_SPR_GOO_0009,athlete_49,1135,sprint,64.24,60.83,101.62,97.11,83.48,85.92,104.58,91.53,81.07,73.34,25.68,1.23,33.46,-2.28,0.42,0,0.821,80.0,takeoff,good,Extend hips fully.,37
SES_VER_AVE_0002,athlete_23,241,vertical_jump,115.61,112.7,112.92,129.08,88.22,45.7,135.84,135.03,89.06,102.56,35.08,1.55,37.69,-0.28,0.5,39.9,0.75,61.7,setup,average,Lower your hips.,8
SES_VER_GOO_0001,athlete_79,225,vertical_jump,100.33,98.12,105.18,107.69,81.08,78.67,135.21,125.31,89.28,82.15,18.35,1.96,23.98,1.93,0.46,37.9,0.866,79.0,takeoff,good,Slight asymmetry detected.,7
SES_VER_AVE_0002,athlete_13,344,vertical_jump,107.27,123.42,124.58,128.09,78.26,83.77,137.12,141.66,66.01,79.63,27.82,1.86,26.22,-0.99,0.57,41.1,0.746,65.0,takeoff,average,Lower your hips.,11
SES_CRI_POO_0019,athlete_48,2397,cricket_bat,156.1,173.3,149.84,171.14,131.53,129.77,176.81,170.64,74.9,77.64,46.68,2.94,17.15,5.67,0.57,0,0.544,50.4,flight,poor,Critical form deviation.,79
SES_CRI_GOO_0017,athlete_15,2122,cricket_bat,118.41,131.36,157.8,147.19,106.53,108.83,153.88,163.92,93.01,90.26,32.96,0.97,12.01,-2.16,0.36,0,0.727,83.6,takeoff,good,Slight asymmetry detected.,70
SES_JAV_AVE_0014,athlete_60,1718,javelin,128.86,124.71,167.23,165.82,135.47,149.69,130.33,161.54,77.68,92.72,52.29,3.8,21.97,3.08,0.59,0,0.668,66.8,descent,average,Activate core more.,57
SES_SNA_GOO_0005,athlete_22,651,snatch,94.57,100.4,119.04,111.47,61.16,52.16,167.71,163.58,85.06,93.3,32.37,1.84,29.67,4.16,0.43,0,0.862,81.2,flight,good,Slight asymmetry detected.,21
SES_SNA_POO_0007,athlete_79,879,snatch,135.83,138.67,134.37,144.84,71.16,89.15,165.0,155.37,76.67,71.98,50.5,1.83,32.0,4.97,0.38,0,0.69,43.9,descent,poor,Critical form deviation.,29
SES_CRI_GOO_0017,athlete_65,2158,cricket_bat,130.03,137.92,151.8,146.52,94.28,85.6,157.15,160.81,93.01,90.76,36.06,1.17,24.6,4.25,0.43,0,0.751,83.0,flight,good,"Good depth, push harder through the heels.",71
SES_CRI_GOO_0017,athlete_65,2140,cricket_bat,119.28,122.24,143.34,152.63,95.48,102.21,151.57,155.86,91.79,83.82,28.56,1.17,24.6,4.25,0.43,0,0.753,82.2,descent,good,"Good depth, push harder through the heels.",71
SES_SPR_AVE_0010,athlete_32,1212,sprint,71.38,76.81,117.07,116.17,93.34,95.07,110.34,114.02,83.95,86.8,22.82,1.97,20.64,0.35,0.51,0,0.775,60.5,descent,average,Control trunk lean.,40
SES_JAV_GOO_0013,athlete_32,1673,javelin,121.2,114.86,160.17,164.15,159.83,160.12,136.14,143.18,74.52,78.72,37.7,2.86,21.56,-0.94,0.54,0,0.717,79.7,flight,good,"Good depth, push harder through the heels.",55
SES_VER_GOO_0001,athlete_46,121,vertical_jump,103.76,106.32,97.94,110.58,60.84,70.82,143.34,129.99,79.56,93.3,13.28,2.67,21.85,4.22,0.41,47.7,0.834,77.9,setup,good,Extend hips fully.,4
SES_VER_POO_0003,athlete_50,470,vertical_jump,144.19,137.62,154.45,143.46,92.52,86.8,150.47,141.2,64.5,63.78,44.26,0.96,34.75,4.16,0.45,15.6,0.665,34.3,flight,poor,Work on symmetry.,15
SES_SPR_POO_0011,athlete_75,1330,sprint,89.98,86.88,142.2,132.71,123.37,100.35,134.23,115.29,102.39,88.32,43.24,5.1,21.29,-1.57,0.41,0,0.69,44.8,descent,poor,Work on symmetry.,44
SES_CRI_AVE_0018,athlete_15,2217,cricket_bat,147.68,143.38,164.73,150.87,111.73,119.45,156.15,170.88,79.32,84.18,39.31,0.11,23.44,0.01,0.47,0,0.686,66.6,flight,average,Activate core more.,73
SES_CRI_POO_0019,athlete_62,2354,cricket_bat,165.95,168.51,157.02,162.14,127.04,118.44,177.02,170.59,82.45,82.65,52.18,1.68,42.82,-3.36,0.41,0,0.606,32.4,descent,poor,Work on symmetry.,78
SES_CRI_ELI_0016,athlete_64,2002,cricket_bat,115.91,122.31,132.96,132.31,84.47,92.3,155.62,135.32,94.84,93.47,24.27,2.29,48.83,2.19,0.45,0,0.802,97.1,takeoff,elite,Hold this form.,66
SES_JAV_ELI_0012,athlete_53,1516,javelin,106.73,100.02,146.32,148.95,166.8,173.33,122.82,126.03,86.8,81.06,34.04,0.72,20.53,-0.49,0.53,0,0.756,93.3,takeoff,elite,Great form! Maintain position.,50
SES_JAV_POO_0015,athlete_28,1849,javelin,144.91,153.17,170.62,159.62,129.57,123.31,158.78,169.65,72.42,79.8,64.19,1.63,30.33,3.74,0.48,0,0.564,31.8,takeoff,poor,LOWER HIPS!,61
SES_SNA_POO_0007,athlete_54,848,snatch,130.52,127.29,143.46,153.64,74.8,76.29,140.3,156.89,76.36,75.53,45.55,3.09,29.02,3.78,0.43,0,0.691,42.8,descent,poor,Work on symmetry.,28
SES_VER_POO_0003,athlete_61,371,vertical_jump,118.84,134.99,153.1,147.0,97.38,78.33,150.31,137.95,74.46,62.09,33.79,0.87,26.15,-1.22,0.45,17.9,0.647,38.8,descent,poor,Critical form deviation.,12
SES_CRI_AVE_0018,athlete_59,2170,cricket_bat,140.49,146.71,150.55,160.3,121.73,108.98,150.73,159.95,88.87,75.12,36.78,3.51,36.71,4.25,0.4,0,0.687,64.6,descent,average,Activate core more.,72
SES_CRI_AVE_0018,athlete_72,2251,cricket_bat,140.74,153.62,158.02,177.55,144.64,118.11,162.27,162.19,104.67,85.16,33.9,1.09,28.62,1.85,0.4,0,0.655,61.7,setup,average,Control trunk lean.,75
SES_CRI_AVE_0018,athlete_72,2258,cricket_bat,143.15,142.86,158.22,162.8,120.29,123.11,172.06,163.01,87.29,87.94,35.29,1.09,28.62,1.85,0.4,0,0.711,59.8,descent,average,Control trunk lean.,75
SES_SNA_AVE_0006,athlete_29,818,snatch,107.47,115.87,116.78,128.17,59.7,64.05,156.77,164.77,78.41,82.09,48.42,1.24,26.33,-0.49,0.41,0,0.767,65.0,descent,average,Control trunk lean.,27
SES_CRI_POO_0019,athlete_25,2286,cricket_bat,154.11,160.0,169.1,159.66,146.31,127.65,175.58,170.23,73.49,74.16,49.31,4.06,24.64,1.83,0.39,0,0.592,36.2,setup,poor,Critical form deviation.,76
SES_CRI_POO_0019,athlete_62,2342,cricket_bat,171.26,158.5,166.76,166.15,101.22,134.5,169.38,150.59,73.2,78.32,69.86,1.68,42.82,-3.36,0.41,0,0.597,31.9,setup,poor,Work on symmetry.,78
SES_SPR_GOO_0009,athlete_27,1107,sprint,50.63,60.67,98.78,108.95,79.14,81.22,103.11,100.84,81.97,74.14,22.45,1.98,26.91,2.91,0.54,0,0.76,83.1,takeoff,good,Slight asymmetry detected.,36
SES_CRI_ELI_0016,athlete_76,2020,cricket_bat,117.33,117.99,129.0,139.56,84.78,87.92,145.09,138.03,82.25,93.87,21.01,2.15,51.96,3.27,0.46,0,0.794,94.6,descent,elite,Hold this form.,67
SES_SNA_POO_0007,athlete_11,919,snatch,125.13,130.82,140.96,152.61,87.59,73.19,133.27,129.56,71.77,75.41,41.74,2.14,29.83,1.47,0.37,0,0.682,44.0,flight,poor,Work on symmetry.,30
SES_CRI_AVE_0018,athlete_33,2224,cricket_bat,149.42,152.34,148.77,156.51,121.98,117.01,170.0,165.51,93.1,80.11,32.41,0.2,16.78,4.95,0.41,0,0.699,62.3,setup,average,Activate core more.,74
SES_VER_AVE_0002,athlete_29,316,vertical_jump,113.31,118.61,117.69,116.55,82.28,83.07,148.25,138.0,73.84,81.82,20.64,0.52,14.14,-2.09,0.44,42.1,0.783,68.8,takeoff,average,Activate core more.,10
SES_SNA_AVE_0006,athlete_11,789,snatch,109.02,102.92,127.52,129.49,67.11,60.09,161.89,163.86,68.87,70.52,45.48,2.17,24.04,5.39,0.42,0,0.799,63.1,descent,average,Activate core more.,26
SES_SNA_GOO_0005,athlete_29,714,snatch,84.98,100.3,103.78,112.25,54.54,52.08,177.81,172.37,73.57,86.23,23.48,5.61,24.9,1.64,0.48,0,0.821,87.3,landing,good,Extend hips fully.,23
SES_SPR_GOO_0009,athlete_49,1138,sprint,62.14,57.92,102.24,102.11,88.48,77.42,94.27,96.53,84.22,78.34,20.93,1.23,33.46,-2.28,0.42,0,0.829,79.2,takeoff,good,Extend hips fully.,37
SES_SPR_ELI_0008,athlete_61,1069,sprint,43.95,44.07,97.47,91.17,80.22,80.14,85.01,83.48,71.13,65.77,16.9,3.43,35.85,2.18,0.64,0,0.88,98.4,descent,elite,Hold this form.,35
SES_SNA_AVE_0006,athlete_37,743,snatch,113.39,100.58,126.59,125.82,59.53,54.05,159.11,161.33,89.49,72.82,39.96,2.23,18.49,3.17,0.51,0,0.784,67.8,flight,average,Activate core more.,24
SES_SPR_ELI_0008,athlete_41,1015,sprint,48.52,48.61,88.41,90.96,78.6,74.24,80.53,89.41,69.2,69.6,8.01,1.95,22.47,7.38,0.51,0,0.891,93.1,takeoff,elite,Great form! Maintain position.,33
SES_SPR_ELI_0008,athlete_13,964,sprint,53.81,54.28,93.68,90.1,72.92,81.8,90.37,86.52,70.69,78.41,8.42,2.45,40.04,4.42,0.44,0,0.886,93.7,setup,elite,Great form! Maintain position.,32
SES_CRI_POO_0019,athlete_48,2385,cricket_bat,163.79,156.83,166.27,168.91,134.17,127.8,175.0,169.46,80.41,71.0,43.93,2.94,17.15,5.67,0.57,0,0.602,50.0,takeoff,poor,Critical form deviation.,79
SES_SPR_POO_0011,athlete_06,1384,sprint,89.61,103.73,136.86,127.45,117.05,106.46,137.9,127.58,85.45,79.81,49.24,0,39.96,5.21,0.45,0,0.652,34.5,setup,poor,Adjust knee alignment.,46
SES_SPR_ELI_0008,athlete_13,978,sprint,46.65,52.23,91.98,88.19,93.91,73.82,95.51,81.19,67.59,70.06,14.04,2.45,40.04,4.42,0.44,0,0.852,94.0,descent,elite,Great form! Maintain position.,32
SES_VER_POO_0003,athlete_19,436,vertical_jump,128.86,133.25,152.48,144.93,91.53,88.21,153.18,146.84,71.01,60.22,47.1,1.73,29.0,-2.4,0.51,24.0,0.675,38.9,takeoff,poor,Critical form deviation.,14
SES_VER_ELI_0000,athlete_79,106,vertical_jump,98.89,86.64,98.02,93.52,61.53,57.7,117.21,116.69,83.43,82.31,12.33,0.86,31.29,1.49,0.51,63.6,0.909,92.1,takeoff,elite,Hold this form.,3
SES_SPR_POO_0011,athlete_55,1363,sprint,93.1,82.99,115.53,133.14,102.0,108.88,126.6,124.4,96.08,96.08,40.52,1.53,22.2,7.52,0.52,0,0.642,29.7,descent,poor,LOWER HIPS!,45
SES_VER_ELI_0000,athlete_70,84,vertical_jump,101.28,89.47,99.63,99.44,65.77,60.62,130.96,128.52,89.79,84.93,13.37,0.25,28.33,2.73,0.46,77.0,0.924,92.4,landing,elite,Hold this form.,2
SES_CRI_ELI_0016,athlete_73,1930,cricket_bat,121.74,118.53,133.78,139.21,87.98,93.18,142.33,146.04,90.7,85.64,19.33,1.45,35.74,1.94,0.43,0,0.8,93.4,descent,elite,Hold this form.,64
SES_JAV_AVE_0014,athlete_66,1776,javelin,137.06,116.18,165.13,171.36,150.76,144.17,155.03,150.78,78.53,75.83,45.28,1.12,29.98,1.94,0.39,0,0.623,57.2,setup,average,Control trunk lean.,59
SES_JAV_GOO_0013,athlete_50,1580,javelin,114.99,125.66,150.85,158.63,153.14,159.91,141.34,132.86,87.53,85.55,56.32,2.9,45.79,3.05,0.55,0,0.697,73.1,takeoff,good,"Good depth, push harder through the heels.",52
SES_SPR_GOO_0009,athlete_08,1152,sprint,61.38,68.13,106.63,106.75,94.3,89.34,103.16,92.13,77.33,86.86,12.69,0,22.24,0.22,0.41,0,0.817,84.3,descent,good,"Good depth, push harder through the heels.",38
SES_JAV_POO_0015,athlete_28,1838,javelin,149.91,150.46,164.28,168.0,122.27,135.52,157.33,157.62,58.71,76.47,51.87,1.63,30.33,3.74,0.48,0,0.592,31.7,descent,poor,LOWER HIPS!,61
SES_VER_AVE_0002,athlete_48,276,vertical_jump,111.78,120.0,107.85,119.7,72.49,80.31,148.25,153.9,73.71,82.48,28.22,2.17,34.4,4.18,0.43,27.5,0.745,62.7,descent,average,Lower your hips.,9
SES_VER_AVE_0002,athlete_13,334,vertical_jump,109.83,117.28,120.02,119.5,58.26,76.45,117.12,131.66,86.01,79.66,18.1,1.86,26.22,-0.99,0.57,41.1,0.778,64.8,setup,average,Lower your hips.,11
SES_SNA_AVE_0006,athlete_37,722,snatch,75.2,107.28,140.22,144.66,66.45,76.26,166.75,165.46,79.05,83.75,53.42,2.23,18.49,3.17,0.51,0,0.683,68.5,setup,average,Activate core more.,24
SES_JAV_AVE_0014,athlete_73,1748,javelin,126.8,122.01,170.98,163.04,139.28,151.79,149.53,156.67,93.46,88.6,46.8,2.63,19.34,0.28,0.43,0,0.655,57.5,descent,average,Control trunk lean.,58
SES_CRI_AVE_0018,athlete_72,2270,cricket_bat,142.09,130.62,156.76,158.98,105.24,105.82,158.44,177.26,78.22,84.33,28.58,1.09,28.62,1.85,0.4,0,0.692,60.1,takeoff,average,Control trunk lean.,75
SES_VER_POO_0003,athlete_41,398,vertical_jump,123.05,118.5,125.24,143.92,103.14,97.43,147.24,140.53,73.61,69.38,29.62,1.08,32.9,5.5,0.59,9.6,0.644,48.9,descent,poor,Critical form deviation.,13
SES_CRI_GOO_0017,athlete_65,2136,cricket_bat,129.28,124.25,146.87,152.63,93.09,98.57,146.43,147.45,91.79,82.55,25.09,1.17,24.6,4.25,0.43,0,0.757,81.2,setup,good,"Good depth, push harder through the heels.",71
SES_VER_GOO_0001,athlete_52,152,vertical_jump,108.13,98.07,99.35,108.24,76.96,72.29,124.8,148.81,74.27,81.75,11.7,4.13,17.4,-1.83,0.55,44.6,0.825,81.5,setup,good,Extend hips fully.,5
SES_VER_AVE_0002,athlete_48,287,vertical_jump,105.38,108.17,113.77,115.08,84.96,86.81,140.83,149.5,79.4,71.08,20.49,2.17,34.4,4.18,0.43,27.5,0.789,64.1,takeoff,average,Lower your hips.,9
SES_JAV_AVE_0014,athlete_73,1754,javelin,124.81,116.75,156.71,156.87,159.28,141.79,149.53,157.93,81.99,83.51,56.8,2.63,19.34,0.28,0.43,0,0.66,58.1,descent,average,Control trunk lean.,58
SES_VER_POO_0003,athlete_19,425,vertical_jump,125.54,127.87,138.44,157.07,78.68,77.47,165.0,135.97,71.09,76.04,28.97,1.73,29.0,-2.4,0.51,24.0,0.654,38.0,setup,poor,Critical form deviation.,14
SES_VER_POO_0003,athlete_50,450,vertical_jump,149.56,141.45,142.24,122.76,77.85,98.66,128.69,101.81,69.89,71.04,30.35,0.96,34.75,4.16,0.45,15.6,0.643,34.9,setup,poor,Work on symmetry.,15
SES_SPR_AVE_0010,athlete_32,1210,sprint,71.38,76.57,126.61,120.18,83.34,93.49,110.34,107.25,83.95,76.8,23.97,1.97,20.64,0.35,0.51,0,0.763,61.1,descent,average,Control trunk lean.,40
SES_VER_AVE_0002,athlete_29,314,vertical_jump,115.91,117.15,127.69,121.31,82.28,90.61,148.25,148.0,73.84,71.82,26.62,0.52,14.14,-2.09,0.44,42.1,0.782,69.4,takeoff,average,Activate core more.,10
SES_VER_GOO_0001,athlete_52,171,vertical_jump,88.73,90.81,101.25,106.96,57.42,65.43,132.78,110.72,85.95,87.61,21.28,4.13,17.4,-1.83,0.55,44.6,0.856,81.5,flight,good,Extend hips fully.,5
SES_CRI_AVE_0018,athlete_59,2180,cricket_bat,145.62,147.51,155.97,158.61,107.26,122.76,165.04,162.56,104.27,85.96,31.27,3.51,36.71,4.25,0.4,0,0.711,64.0,takeoff,average,Activate core more.,72
SES_SPR_AVE_0010,athlete_32,1229,sprint,68.08,62.09,130.45,106.64,80.16,89.14,108.78,110.99,82.32,82.59,26.45,1.97,20.64,0.35,0.51,0,0.719,60.2,takeoff,average,Control trunk lean.,40
SES_VER_GOO_0001,athlete_56,207,vertical_jump,98.76,97.36,106.29,110.4,69.84,69.42,121.07,145.67,76.59,93.94,26.5,0.17,23.46,3.3,0.55,44.2,0.864,81.8,landing,good,"Good depth, push harder through the heels.",6
SES_CRI_AVE_0018,athlete_15,2197,cricket_bat,147.51,151.09,143.99,160.53,108.13,117.63,171.31,167.97,79.31,88.72,40.99,0.11,23.44,0.01,0.47,0,0.678,67.6,setup,average,Activate core more.,73
SES_SPR_ELI_0008,athlete_41,1004,sprint,49.1,46.21,101.12,94.49,64.19,71.88,83.02,85.09,71.45,75.93,20.13,1.95,22.47,7.38,0.51,0,0.863,93.6,descent,elite,Great form! Maintain position.,33
SES_VER_ELI_0000,athlete_49,35,vertical_jump,91.78,95.07,87.8,98.02,63.03,70.23,118.11,114.59,83.08,82.03,6.82,4.68,33.72,-0.49,0.5,65.6,0.914,94.7,setup,elite,Elite biomechanics detected.,1
SES_SNA_AVE_0006,athlete_37,748,snatch,105.17,107.19,118.42,126.22,71.5,60.71,169.95,146.8,90.78,84.55,44.96,2.23,18.49,3.17,0.51,0,0.794,68.5,landing,average,Activate core more.,24
SES_JAV_GOO_0013,athlete_07,1600,javelin,106.76,123.22,163.21,160.77,155.95,162.05,128.88,131.16,86.51,80.97,39.87,3.92,21.2,1.99,0.58,0,0.689,83.8,descent,good,"Good depth, push harder through the heels.",53
SES_CRI_ELI_0016,athlete_76,2028,cricket_bat,121.82,112.01,132.75,129.64,80.58,84.94,135.8,145.28,87.51,90.65,27.08,2.15,51.96,3.27,0.46,0,0.789,94.9,takeoff,elite,Hold this form.,67
SES_SPR_GOO_0009,athlete_08,1143,sprint,62.6,57.05,101.63,108.56,81.63,74.74,82.86,105.92,72.52,75.27,27.76,0,22.24,0.22,0.41,0,0.803,82.7,setup,good,"Good depth, push harder through the heels.",38
SES_JAV_AVE_0014,athlete_60,1711,javelin,132.96,134.23,173.0,147.04,126.24,145.32,145.33,173.71,102.68,92.6,47.29,3.8,21.97,3.08,0.59,0,0.632,68.0,setup,average,Activate core more.,57
SES_CRI_ELI_0016,athlete_76,2032,cricket_bat,131.82,122.01,130.07,134.19,90.58,89.3,141.98,143.13,97.51,84.1,7.22,2.15,51.96,3.27,0.46,0,0.788,95.2,takeoff,elite,Hold this form.,67
SES_VER_AVE_0002,athlete_13,333,vertical_jump,104.83,115.39,122.82,114.5,53.26,81.45,122.12,126.66,81.01,74.66,23.1,1.86,26.22,-0.99,0.57,41.1,0.749,65.2,setup,average,Lower your hips.,11
SES_CRI_GOO_0017,athlete_69,2043,cricket_bat,130.18,125.52,138.57,144.16,100.22,90.44,145.53,164.4,92.78,87.9,20.75,2.76,28.84,4.74,0.53,0,0.757,83.2,setup,good,Slight asymmetry detected.,68
SES_CRI_AVE_0018,athlete_72,2263,cricket_bat,142.88,139.69,164.65,161.39,134.23,115.53,167.49,167.98,83.38,85.55,30.29,1.09,28.62,1.85,0.4,0,0.707,59.7,descent,average,Control trunk lean.,75
SES_SPR_AVE_0010,athlete_32,1223,sprint,69.45,66.43,138.39,110.36,89.35,90.05,106.24,115.48,75.35,72.59,29.61,1.97,20.64,0.35,0.51,0,0.726,60.3,takeoff,average,Control trunk lean.,40
SES_VER_AVE_0002,athlete_29,302,vertical_jump,128.32,116.96,111.12,121.94,43.95,87.91,175.0,151.41,78.23,67.16,20.86,0.52,14.14,-2.09,0.44,42.1,0.744,70.5,setup,average,Activate core more.,10
SES_SPR_AVE_0010,athlete_04,1249,sprint,74.15,68.52,111.28,112.4,91.2,88.83,102.83,110.02,82.55,88.29,33.1,2.26,17.05,4.37,0.56,0,0.774,65.4,descent,average,Lower your hips.,41
SES_SNA_GOO_0005,athlete_22,637,snatch,95.15,93.51,116.04,107.56,68.89,53.65,171.71,165.48,84.0,79.23,21.31,1.84,29.67,4.16,0.43,0,0.873,80.4,descent,good,Slight asymmetry detected.,21
SES_SPR_AVE_0010,athlete_49,1314,sprint,79.95,63.06,123.15,116.19,85.28,106.17,119.78,102.53,81.14,84.74,22.66,0.95,27.31,6.44,0.43,0,0.72,70.4,takeoff,average,Control trunk lean.,43
SES_JAV_AVE_0014,athlete_66,1797,javelin,133.81,126.88,168.92,169.53,137.05,128.74,136.58,163.53,82.85,83.36,45.59,1.12,29.98,1.94,0.39,0,0.663,55.9,flight,average,Control trunk lean.,59
SES_SPR_GOO_0009,athlete_27,1098,sprint,58.97,55.39,96.92,97.99,83.15,88.24,93.91,98.24,76.04,71.04,11.15,1.98,26.91,2.91,0.54,0,0.828,82.8,descent,good,Slight asymmetry detected.,36
SES_VER_ELI_0000,athlete_21,15,vertical_jump,90.3,89.92,97.54,94.13,60.56,64.64,109.9,131.28,91.43,94.14,17.95,3.75,40.25,2.33,0.48,49.9,0.948,91.3,takeoff,elite,Great form! Maintain position.,0
SES_CRI_POO_0019,athlete_38,2319,cricket_bat,164.18,151.75,161.89,158.62,111.98,121.14,160.0,155.58,67.82,76.69,49.49,1.56,20.79,1.4,0.53,0,0.591,30.6,descent,poor,Work on symmetry.,77
SES_VER_GOO_0001,athlete_52,157,vertical_jump,86.14,104.05,104.35,110.78,67.73,72.79,127.95,125.85,86.68,87.77,25.42,4.13,17.4,-1.83,0.55,44.6,0.799,81.5,descent,good,Extend hips fully.,5
SES_SPR_ELI_0008,athlete_41,1008,sprint,48.12,46.21,91.12,86.86,62.34,74.2,93.71,90.01,56.59,71.35,12.87,1.95,22.47,7.38,0.51,0,0.874,92.8,descent,elite,Great form! Maintain position.,33
SES_SPR_POO_0011,athlete_55,1352,sprint,96.99,78.33,135.49,139.17,107.61,93.52,141.6,147.27,118.44,89.31,38.89,1.53,22.2,7.52,0.52,0,0.654,29.6,setup,poor,LOWER HIPS!,45
SES_JAV_GOO_0013,athlete_67,1628,javelin,111.63,112.89,156.01,160.17,160.56,160.61,137.88,121.64,84.26,78.18,42.63,2.8,33.22,3.51,0.54,0,0.729,82.3,descent,good,Extend hips fully.,54
SES_SNA_POO_0007,athlete_79,886,snatch,142.9,132.08,149.25,143.01,72.85,65.73,154.9,150.37,77.84,69.81,49.46,1.83,32.0,4.97,0.38,0,0.685,42.9,takeoff,poor,Critical form deviation.,29
SES_SPR_ELI_0008,athlete_23,1027,sprint,41.63,47.36,91.57,92.67,68.27,76.78,94.15,84.87,82.49,66.21,13.49,0.7,42.08,0.04,0.55,0,0.855,93.2,setup,elite,Hold this form.,34
SES_JAV_POO_0015,athlete_47,1867,javelin,147.24,139.8,170.84,172.36,136.06,121.36,163.19,156.73,73.5,68.29,57.09,4.82,22.78,-0.61,0.3,0,0.582,43.5,setup,poor,Critical form deviation.,62
SES_CRI_AVE_0018,athlete_33,2227,cricket_bat,147.09,153.65,156.08,151.51,106.98,122.01,175.0,162.33,86.28,79.77,37.41,0.2,16.78,4.95,0.41,0,0.698,62.5,setup,average,Activate core more.,74
SES_SPR_GOO_0009,athlete_27,1090,sprint,56.93,63.96,105.07,102.4,87.58,84.35,102.04,90.68,85.03,75.41,24.15,1.98,26.91,2.91,0.54,0,0.805,82.6,descent,good,Slight asymmetry detected.,36
SES_CRI_GOO_0017,athlete_15,2126,cricket_bat,136.93,128.01,154.57,143.4,89.13,98.83,156.71,159.0,89.22,81.96,31.13,0.97,12.01,-2.16,0.36,0,0.739,83.8,flight,good,Slight asymmetry detected.,70
SES_SPR_GOO_0009,athlete_16,1180,sprint,57.87,65.92,106.66,96.04,77.44,87.34,96.5,98.49,70.64,64.08,25.05,0.62,14.63,2.24,0.49,0,0.778,81.4,descent,good,"Good depth, push harder through the heels.",39
SES_JAV_AVE_0014,athlete_52,1706,javelin,124.7,132.64,158.71,157.65,133.97,140.73,140.87,154.95,74.37,81.56,52.15,0,29.45,0.4,0.41,0,0.659,66.4,flight,average,Lower your hips.,56
SES_CRI_POO_0019,athlete_62,2356,cricket_bat,165.95,168.51,157.02,162.14,137.04,128.44,173.03,170.59,82.45,82.65,42.18,1.68,42.82,-3.36,0.41,0,0.606,33.2,takeoff,poor,Work on symmetry.,78
SES_SPR_AVE_0010,athlete_32,1214,sprint,65.27,70.41,122.71,116.17,83.34,97.49,110.34,114.02,80.35,76.8,32.82,1.97,20.64,0.35,0.51,0,0.76,60.4,descent,average,Control trunk lean.,40
SES_JAV_AVE_0014,athlete_66,1789,javelin,137.7,135.8,166.96,163.44,145.64,142.6,150.76,153.53,88.19,83.8,50.91,1.12,29.98,1.94,0.39,0,0.67,57.0,takeoff,average,Control trunk lean.,59
SES_JAV_ELI_0012,athlete_53,1514,javelin,106.73,110.02,143.56,148.95,169.01,168.81,121.39,127.57,78.76,81.06,38.23,0.72,20.53,-0.49,0.53,0,0.759,93.2,descent,elite,Great form! Maintain position.,50
SES_JAV_GOO_0013,athlete_32,1664,javelin,118.19,111.09,148.73,152.01,157.72,163.69,144.15,135.68,85.45,84.97,44.86,2.86,21.56,-0.94,0.54,0,0.715,80.8,descent,good,"Good depth, push harder through the heels.",55
SES_SPR_POO_0011,athlete_55,1375,sprint,84.48,86.41,135.53,135.47,110.47,108.43,121.54,135.37,91.11,96.0,47.87,1.53,22.2,7.52,0.52,0,0.713,29.1,takeoff,poor,LOWER HIPS!,45
SES_VER_GOO_0001,athlete_56,194,vertical_jump,98.55,90.77,109.28,104.59,65.83,79.09,135.4,133.94,86.86,81.29,6.75,0.17,23.46,3.3,0.55,44.2,0.843,80.9,takeoff,good,"Good depth, push harder through the heels.",6
SES_SPR_GOO_0009,athlete_16,1178,sprint,57.87,67.82,97.64,95.03,73.55,87.43,92.18,98.49,78.9,74.08,25.47,0.62,14.63,2.24,0.49,0,0.79,80.6,setup,good,"Good depth, push harder through the heels.",39
SES_VER_AVE_0002,athlete_23,247,vertical_jump,119.09,120.24,124.8,121.53,88.22,73.49,155.84,135.03,81.73,80.21,21.07,1.55,37.69,-0.28,0.5,39.9,0.789,60.8,descent,average,Lower your hips.,8
SES_SNA_GOO_0005,athlete_28,688,snatch,90.03,93.75,106.15,106.75,44.17,53.1,175.43,178.12,81.33,91.4,29.43,1.08,29.28,4.84,0.57,0,0.886,84.0,landing,good,"Good depth, push harder through the heels.",22
SES_SNA_AVE_0006,athlete_37,729,snatch,102.19,110.61,125.13,119.78,71.45,71.26,161.75,151.94,92.67,81.24,34.93,2.23,18.49,3.17,0.51,0,0.782,68.4,descent,average,Activate core more.,24
SES_VER_ELI_0000,athlete_70,74,vertical_jump,100.5,87.25,96.79,103.1,59.93,72.21,117.88,116.74,85.96,92.08,12.6,0.25,28.33,2.73,0.46,77.0,0.901,91.4,takeoff,elite,Hold this form.,2
SES_SNA_AVE_0006,athlete_23,765,snatch,108.78,101.37,134.03,132.16,75.85,57.51,160.5,169.31,75.73,85.97,35.22,1.02,17.89,-0.36,0.51,0,0.795,58.0,takeoff,average,Lower your hips.,25
SES_JAV_ELI_0012,athlete_39,1482,javelin,104.72,101.89,152.71,149.82,170.71,163.03,116.81,138.68,78.85,78.29,35.27,3.11,36.26,1.08,0.56,0,0.766,94.5,descent,elite,Great form! Maintain position.,49
SES_JAV_GOO_0013,athlete_07,1606,javelin,107.09,110.44,157.28,149.28,155.95,156.75,126.42,142.43,94.11,84.18,36.06,3.92,21.2,1.99,0.58,0,0.715,82.3,takeoff,good,"Good depth, push harder through the heels.",53
SES_SPR_AVE_0010,athlete_67,1280,sprint,61.81,68.09,122.51,117.53,90.95,107.54,106.03,124.31,89.63,80.14,27.87,1.85,28.51,1.34,0.4,0,0.757,66.0,takeoff,average,Lower your hips.,42
SES_JAV_POO_0015,athlete_10,1819,javelin,140.58,149.17,172.12,178,118.6,145.98,169.02,153.14,72.61,64.08,70.88,3.18,27.74,-0.11,0.37,0,0.571,55.0,takeoff,poor,LOWER HIPS!,60
SES_VER_POO_0003,athlete_61,388,vertical_jump,127.74,136.25,135.19,135.03,101.78,88.6,143.68,148.5,60.18,72.52,39.28,0.87,26.15,-1.22,0.45,17.9,0.68,39.3,landing,poor,Critical form deviation.,12
SES_JAV_POO_0015,athlete_47,1864,javelin,141.44,146.51,164.84,169.84,141.06,119.48,168.19,161.41,65.5,73.29,62.09,4.82,22.78,-0.61,0.3,0,0.58,42.8,setup,poor,Critical form deviation.,62
SES_SPR_GOO_0009,athlete_16,1184,sprint,62.13,56.74,105.36,96.55,90.01,87.34,96.5,90.96,80.64,74.08,19.21,0.62,14.63,2.24,0.49,0,0.799,82.0,descent,good,"Good depth, push harder through the heels.",39
SES_CRI_AVE_0018,athlete_15,2207,cricket_bat,151.27,151.75,164.73,151.96,113.62,108.22,159.14,162.61,90.59,86.48,40.47,0.11,23.44,0.01,0.47,0,0.696,66.1,takeoff,average,Activate core more.,73
SES_SPR_GOO_0009,athlete_08,1163,sprint,57.2,62.47,107.82,100.83,86.4,94.59,97.29,99.78,81.95,84.98,8.9,0,22.24,0.22,0.41,0,0.803,84.6,takeoff,good,"Good depth, push harder through the heels.",38
SES_SPR_AVE_0010,athlete_04,1244,sprint,74.64,74.11,121.04,117.4,91.34,94.9,97.83,101.74,87.55,76.72,15.04,2.26,17.05,4.37,0.56,0,0.789,65.8,descent,average,Lower your hips.,41
SES_SNA_GOO_0005,athlete_43,604,snatch,96.93,96.91,114.31,114.06,45.72,43.36,170.0,166.02,86.94,81.79,25.08,0,19.66,0.14,0.6,0,0.899,79.3,setup,good,Extend hips fully.,20
SES_SPR_AVE_0010,athlete_32,1224,sprint,64.45,67.09,133.39,109.42,84.35,85.05,101.24,120.48,80.0,77.59,24.61,1.97,20.64,0.35,0.51,0,0.734,60.7,takeoff,average,Control trunk lean.,40
SES_CRI_ELI_0016,athlete_44,1976,cricket_bat,115.44,117.97,140.25,135.62,95.57,91.32,158.32,157.74,92.9,88.64,16.0,0.49,26.81,2.6,0.45,0,0.804,95.7,flight,elite,Great form! Maintain position.,65
SES_JAV_GOO_0013,athlete_32,1655,javelin,116.24,114.42,156.01,139.81,150.41,154.3,149.53,126.64,89.37,80.02,41.78,2.86,21.56,-0.94,0.54,0,0.704,81.2,setup,good,"Good depth, push harder through the heels.",55
SES_SPR_POO_0011,athlete_75,1339,sprint,94.62,90.33,137.2,127.83,118.87,114.12,127.14,120.31,96.34,89.87,32.33,5.1,21.29,-1.57,0.41,0,0.686,45.5,descent,poor,Work on symmetry.,44
SES_JAV_ELI_0012,athlete_68,1531,javelin,97.34,98.14,145.5,146.73,173.79,168.9,143.21,135.12,88.29,84.0,42.2,2.6,37.36,-1.48,0.52,0,0.775,93.8,setup,elite,Great form! Maintain position.,51
SES_SNA_AVE_0006,athlete_11,788,snatch,104.02,97.92,122.52,134.49,66.31,55.09,156.89,168.86,63.87,75.52,47.77,2.17,24.04,5.39,0.42,0,0.773,63.0,descent,average,Activate core more.,26
SES_VER_ELI_0000,athlete_79,112,vertical_jump,87.38,94.81,92.51,96.73,61.53,67.39,110.27,125.8,89.12,92.13,10.55,0.86,31.29,1.49,0.51,63.6,0.921,92.3,flight,elite,Hold this form.,3
SES_CRI_GOO_0017,athlete_69,2057,cricket_bat,130.64,132.9,152.4,148.82,100.31,91.86,156.47,151.61,88.72,90.59,18.59,2.76,28.84,4.74,0.53,0,0.768,83.2,takeoff,good,Slight asymmetry detected.,68
SES_SNA_AVE_0006,athlete_23,767,snatch,117.8,111.37,124.03,132.16,75.85,57.51,160.5,173.85,65.73,79.81,35.22,1.02,17.89,-0.36,0.51,0,0.784,58.3,takeoff,average,Lower your hips.,25
SES_VER_GOO_0001,athlete_56,189,vertical_jump,92.17,99.11,104.74,101.44,50.83,68.42,138.96,138.94,84.52,85.35,19.05,0.17,23.46,3.3,0.55,44.2,0.848,82.0,descent,good,"Good depth, push harder through the heels.",6
SES_SPR_GOO_0009,athlete_27,1109,sprint,57.0,63.01,105.52,106.43,79.14,81.22,103.11,103.37,73.27,81.86,30.99,1.98,26.91,2.91,0.54,0,0.816,82.7,takeoff,good,Slight asymmetry detected.,36
SES_VER_GOO_0001,athlete_56,193,vertical_jump,93.55,95.77,108.59,99.59,70.83,74.09,140.4,128.94,81.86,85.7,11.38,0.17,23.46,3.3,0.55,44.2,0.848,80.8,takeoff,good,"Good depth, push harder through the heels.",6
SES_SNA_POO_0007,athlete_43,953,snatch,135.42,126.55,144.84,140.83,79.46,91.63,143.97,144.25,64.45,74.14,42.1,3.11,12.22,5.96,0.37,0,0.692,32.9,flight,poor,LOWER HIPS!,31
SES_JAV_AVE_0014,athlete_73,1753,javelin,129.81,121.75,151.71,158.04,154.28,136.79,144.53,152.93,86.99,80.66,51.8,2.63,19.34,0.28,0.43,0,0.649,57.7,descent,average,Control trunk lean.,58
SES_SNA_AVE_0006,athlete_37,724,snatch,85.2,107.28,130.22,134.66,66.45,76.26,156.75,156.94,79.05,83.75,43.42,2.23,18.49,3.17,0.51,0,0.732,68.0,setup,average,Activate core more.,24
SES_JAV_GOO_0013,athlete_32,1660,javelin,116.84,114.75,153.24,153.43,147.72,163.69,142.78,131.0,80.64,79.53,44.86,2.86,21.56,-0.94,0.54,0,0.734,81.1,descent,good,"Good depth, push harder through the heels.",55
SES_SNA_GOO_0005,athlete_43,602,snatch,96.93,97.56,112.74,116.17,45.72,42.04,180,167.66,85.09,73.42,26.85,0,19.66,0.14,0.6,0,0.889,79.4,setup,good,Extend hips fully.,20
SES_JAV_AVE_0014,athlete_73,1752,javelin,125.07,122.01,156.71,163.04,149.28,141.79,149.53,147.93,91.99,78.6,46.8,2.63,19.34,0.28,0.43,0,0.661,57.3,descent,average,Control trunk lean.,58
SES_VER_POO_0003,athlete_61,377,vertical_jump,131.53,133.31,142.04,133.52,91.64,98.33,140.31,137.93,63.01,82.09,44.83,0.87,26.15,-1.22,0.45,17.9,0.678,38.4,takeoff,poor,Critical form deviation.,12
SES_VER_GOO_0001,athlete_46,140,vertical_jump,112.73,90.36,95.73,97.17,76.44,67.24,130.91,135.14,83.58,84.45,14.0,2.67,21.85,4.22,0.41,47.7,0.816,77.4,flight,good,Extend hips fully.,4
SES_VER_ELI_0000,athlete_70,63,vertical_jump,95.55,97.11,95.63,92.4,65.81,55.98,122.88,137.74,91.27,81.67,15.02,0.25,28.33,2.73,0.46,77.0,0.945,90.6,setup,elite,Hold this form.,2
SES_JAV_AVE_0014,athlete_66,1793,javelin,141.04,133.36,168.92,150.24,155.64,128.74,142.68,153.53,70.77,70.44,47.27,1.12,29.98,1.94,0.39,0,0.63,56.5,flight,average,Control trunk lean.,59
SES_VER_GOO_0001,athlete_79,216,vertical_jump,98.87,101.72,98.47,95.73,81.49,65.69,140.21,131.45,74.03,87.15,16.05,1.96,23.98,1.93,0.46,37.9,0.863,79.6,descent,good,Slight asymmetry detected.,7
SES_VER_ELI_0000,athlete_21,23,vertical_jump,88.49,93.43,92.63,100.62,60.83,64.96,112.95,118.69,92.6,87.91,14.4,3.75,40.25,2.33,0.48,49.9,0.917,92.1,flight,elite,Great form! Maintain position.,0
SES_SPR_ELI_0008,athlete_61,1062,sprint,44.98,57.22,83.17,91.97,78.6,76.97,79.62,88.58,72.45,65.04,11.94,3.43,35.85,2.18,0.64,0,0.787,98.8,descent,elite,Hold this form.,35
SES_CRI_POO_0019,athlete_62,2361,cricket_bat,155.94,163.51,158.11,167.14,132.04,134.07,173.29,168.68,89.32,78.28,44.76,1.68,42.82,-3.36,0.41,0,0.588,33.2,takeoff,poor,Work on symmetry.,78
SES_VER_POO_0003,athlete_41,395,vertical_jump,133.95,128.51,124.64,148.54,98.14,88.39,142.24,145.53,68.61,69.32,33.52,1.08,32.9,5.5,0.59,9.6,0.63,49.5,setup,poor,Critical form deviation.,13
SES_SPR_ELI_0008,athlete_13,986,sprint,55.96,49.06,89.19,92.61,76.46,80.39,80.82,84.84,68.44,68.0,8.28,2.45,40.04,4.42,0.44,0,0.852,95.2,takeoff,elite,Great form! Maintain position.,32
SES_JAV_AVE_0014,athlete_73,1750,javelin,120.19,122.01,166.71,153.04,139.28,141.79,149.53,147.93,93.46,78.6,56.8,2.63,19.34,0.28,0.43,0,0.651,57.8,descent,average,Control trunk lean.,58
SES_JAV_GOO_0013,athlete_07,1608,javelin,111.87,118.58,157.28,156.7,152.53,161.18,136.42,133.03,94.11,84.18,41.88,3.92,21.2,1.99,0.58,0,0.721,82.1,takeoff,good,"Good depth, push harder through the heels.",53
SES_SNA_GOO_0005,athlete_29,693,snatch,92.94,99.48,105.68,115.57,50.49,47.67,176.54,164.49,82.2,90.53,27.73,5.61,24.9,1.64,0.48,0,0.851,87.7,setup,good,Extend hips fully.,23
SES_SPR_AVE_0010,athlete_32,1200,sprint,78.83,69.2,128.16,121.49,68.45,112.2,128.29,124.91,89.87,85.43,27.02,1.97,20.64,0.35,0.51,0,0.748,62.2,setup,average,Control trunk lean.,40
SES_VER_AVE_0002,athlete_13,342,vertical_jump,114.14,124.79,128.61,125.74,78.26,81.38,127.12,131.66,66.01,79.63,27.82,1.86,26.22,-0.99,0.57,41.1,0.765,65.1,takeoff,average,Lower your hips.,11
SES_VER_ELI_0000,athlete_49,53,vertical_jump,94.52,86.02,97.07,92.96,63.88,60.71,129.34,117.47,89.83,86.54,17.65,4.68,33.72,-0.49,0.5,65.6,0.92,93.6,flight,elite,Elite biomechanics detected.,1
SES_JAV_AVE_0014,athlete_73,1766,javelin,118.68,120.81,165.83,164.21,149.28,143.06,152.09,145.39,78.87,81.48,48.75,2.63,19.34,0.28,0.43,0,0.672,56.6,flight,average,Control trunk lean.,58
SES_JAV_GOO_0013,athlete_50,1569,javelin,113.8,115.86,152.5,155.99,159.86,160.09,135.49,133.51,89.32,88.23,44.8,2.9,45.79,3.05,0.55,0,0.728,74.4,descent,good,"Good depth, push harder through the heels.",52
SES_VER_ELI_0000,athlete_21,0,vertical_jump,91.14,91.17,94.11,99.49,63.32,57.86,116.75,121.39,86.98,78.42,13.16,3.75,40.25,2.33,0.48,49.9,0.944,91.2,setup,elite,Great form! Maintain position.,0
SES_JAV_ELI_0012,athlete_68,1534,javelin,103.64,113.14,149.08,138.37,161.79,169.27,138.94,146.93,88.02,85.78,47.03,2.6,37.36,-1.48,0.52,0,0.731,93.8,setup,elite,Great form! Maintain position.,51
SES_SNA_GOO_0005,athlete_22,646,snatch,86.8,95.94,114.84,106.08,46.16,57.96,173.26,163.74,92.79,77.57,26.11,1.84,29.67,4.16,0.43,0,0.846,79.9,takeoff,good,Slight asymmetry detected.,21
SES_JAV_POO_0015,athlete_28,1833,javelin,148.65,147.75,173.0,173.29,109.04,140.52,159.85,147.79,63.71,64.02,53.02,1.63,30.33,3.74,0.48,0,0.598,30.5,setup,poor,LOWER HIPS!,61
SES_SPR_ELI_0008,athlete_61,1055,sprint,38.62,55.57,91.41,91.52,80.88,77.55,80.06,88.5,66.75,73.58,13.33,3.43,35.85,2.18,0.64,0,0.768,99.8,setup,elite,Hold this form.,35
SES_VER_POO_0003,athlete_50,457,vertical_jump,141.97,144.44,137.74,146.39,77.52,88.01,143.69,118.09,64.89,65.11,47.78,0.96,34.75,4.16,0.45,15.6,0.676,35.0,descent,poor,Work on symmetry.,15
SES_CRI_GOO_0017,athlete_69,2050,cricket_bat,125.18,127.95,161.11,139.6,85.22,95.34,165.87,157.74,87.78,86.63,24.28,2.76,28.84,4.74,0.53,0,0.733,83.1,descent,good,Slight asymmetry detected.,68
SES_VER_GOO_0001,athlete_56,205,vertical_jump,95.96,99.74,105.62,108.97,69.84,64.19,121.07,136.98,74.05,83.94,21.83,0.17,23.46,3.3,0.55,44.2,0.859,81.8,landing,good,"Good depth, push harder through the heels.",6
SES_VER_ELI_0000,athlete_21,2,vertical_jump,81.19,89.09,87.67,100.61,68.47,57.86,118.71,116.47,93.31,80.2,12.57,3.75,40.25,2.33,0.48,49.9,0.887,91.0,setup,elite,Great form! Maintain position.,0
SES_SNA_AVE_0006,athlete_29,821,snatch,102.47,110.87,118.66,128.74,63.09,71.36,154.03,159.77,81.79,81.47,41.02,1.24,26.33,-0.49,0.41,0,0.77,65.1,descent,average,Control trunk lean.,27
SES_SPR_POO_0011,athlete_55,1354,sprint,106.99,77.99,145.49,139.17,107.61,94.66,131.6,147.27,108.44,93.01,38.89,1.53,22.2,7.52,0.52,0,0.626,28.8,setup,poor,LOWER HIPS!,45
SES_JAV_ELI_0012,athlete_49,1464,javelin,107.27,97.9,144.16,149.9,162.46,160.11,124.3,118.45,84.35,84.26,35.93,1.47,27.08,1.79,0.39,0,0.742,95.1,flight,elite,Great form! Maintain position.,48
SES_CRI_GOO_0017,athlete_69,2059,cricket_bat,131.67,126.16,152.4,147.22,100.31,101.86,159.61,151.61,79.03,91.29,28.28,2.76,28.84,4.74,0.53,0,0.757,83.5,takeoff,good,Slight asymmetry detected.,68
SES_CRI_GOO_0017,athlete_69,2067,cricket_bat,137.35,135.81,158.03,136.84,96.42,92.48,152.53,137.37,82.74,87.29,27.88,2.76,28.84,4.74,0.53,0,0.736,83.1,flight,good,Slight asymmetry detected.,68
SES_CRI_POO_0019,athlete_25,2304,cricket_bat,157.13,158.94,149.83,168.17,125.88,128.19,170.0,158.41,90.36,90.19,63.32,4.06,24.64,1.83,0.39,0,0.58,34.2,flight,poor,Critical form deviation.,76
SES_JAV_AVE_0014,athlete_60,1730,javelin,123.51,133.77,157.69,156.52,146.33,136.35,152.63,161.24,75.37,76.28,53.86,3.8,21.97,3.08,0.59,0,0.653,65.2,takeoff,average,Activate core more.,57
SES_VER_AVE_0002,athlete_23,268,vertical_jump,110.44,118.27,113.6,125.49,66.98,81.89,157.46,140.65,65.39,79.29,16.76,1.55,37.69,-0.28,0.5,39.9,0.747,62.4,landing,average,Lower your hips.,8
SES_SNA_AVE_0006,athlete_23,763,snatch,118.78,107.09,124.12,122.16,75.85,54.54,160.5,159.31,77.17,89.46,29.64,1.02,17.89,-0.36,0.51,0,0.786,57.6,takeoff,average,Lower your hips.,25
SES_VER_POO_0003,athlete_19,443,vertical_jump,133.86,140.21,143.05,149.22,76.53,85.68,148.18,154.45,64.41,61.24,45.26,1.73,29.0,-2.4,0.51,24.0,0.673,37.8,flight,poor,Critical form deviation.,14
SES_VER_POO_0003,athlete_19,440,vertical_jump,138.86,133.65,151.05,134.22,81.53,88.21,153.18,139.45,69.41,59.23,40.26,1.73,29.0,-2.4,0.51,24.0,0.655,38.8,flight,poor,Critical form deviation.,14
SES_VER_POO_0003,athlete_50,453,vertical_jump,151.97,144.72,137.74,133.46,82.85,95.49,143.69,116.81,64.89,69.8,42.49,0.96,34.75,4.16,0.45,15.6,0.676,34.5,setup,poor,Work on symmetry.,15
SES_SPR_AVE_0010,athlete_04,1233,sprint,78.78,81.75,127.52,127.4,86.21,76.0,141.91,118.35,85.21,91.93,40.46,2.26,17.05,4.37,0.56,0,0.788,66.3,setup,average,Lower your hips.,41
SES_JAV_POO_0015,athlete_04,1902,javelin,151.31,138.52,164.12,164.26,115.02,124.63,175.0,168.6,62.19,83.57,53.23,1.91,22.23,2.77,0.47,0,0.574,27.9,descent,poor,Work on symmetry.,63
SES_SNA_GOO_0005,athlete_22,642,snatch,96.8,96.11,121.04,108.05,56.16,53.86,170.65,170.48,84.48,76.7,26.94,1.84,29.67,4.16,0.43,0,0.866,79.9,takeoff,good,Slight asymmetry detected.,21
SES_VER_AVE_0002,athlete_23,251,vertical_jump,124.76,112.48,114.8,121.53,77.09,80.33,155.84,151.51,78.21,72.13,29.71,1.55,37.69,-0.28,0.5,39.9,0.753,61.6,descent,average,Lower your hips.,8
SES_SNA_GOO_0005,athlete_43,619,snatch,89.34,102.8,108.16,115.1,58.51,40.85,170.58,175.17,86.49,83.42,24.77,0,19.66,0.14,0.6,0,0.836,78.7,flight,good,Extend hips fully.,20
SES_JAV_AVE_0014,athlete_52,1696,javelin,123.52,122.64,154.58,164.0,138.69,147.49,142.71,149.47,71.88,79.74,52.31,0,29.45,0.4,0.41,0,0.66,66.9,takeoff,average,Lower your hips.,56
SES_JAV_GOO_0013,athlete_07,1613,javelin,116.87,114.51,155.84,161.7,157.53,162.31,128.16,134.09,81.02,73.9,46.88,3.92,21.2,1.99,0.58,0,0.723,81.9,flight,good,"Good depth, push harder through the heels.",53
SES_CRI_POO_0019,athlete_48,2399,cricket_bat,146.1,171.38,159.84,166.07,131.53,129.77,175.0,180,74.9,83.84,56.68,2.94,17.15,5.67,0.57,0,0.556,50.3,flight,poor,Critical form deviation.,79
SES_JAV_POO_0015,athlete_47,1861,javelin,136.44,157.87,178,156.21,154.51,132.32,163.19,166.41,62.88,68.29,75.0,4.82,22.78,-0.61,0.3,0,0.516,42.8,setup,poor,Critical form deviation.,62
SES_SPR_AVE_0010,athlete_49,1308,sprint,68.15,72.75,127.79,110.11,95.28,96.17,106.4,119.59,83.65,84.74,26.51,0.95,27.31,6.44,0.43,0,0.738,70.0,descent,average,Control trunk lean.,43
SES_SPR_GOO_0009,athlete_08,1153,sprint,59.7,63.13,111.63,111.75,89.3,84.34,108.16,95.37,73.43,87.31,17.69,0,22.24,0.22,0.41,0,0.832,84.0,descent,good,"Good depth, push harder through the heels.",38
SES_CRI_ELI_0016,athlete_76,2039,cricket_bat,120.67,114.83,134.27,139.5,85.58,90.93,145.55,142.18,88.2,89.66,18.78,2.15,51.96,3.27,0.46,0,0.794,95.1,flight,elite,Hold this form.,67
SES_CRI_POO_0019,athlete_48,2383,cricket_bat,163.79,166.83,166.27,174.19,137.45,127.8,179.94,179.46,78.11,71.0,40.05,2.94,17.15,5.67,0.57,0,0.6,49.8,descent,poor,Critical form deviation.,79
SES_CRI_GOO_0017,athlete_79,2092,cricket_bat,130.22,128.38,152.76,156.25,106.57,96.54,142.31,155.17,75.39,87.92,29.8,1.85,32.24,0.43,0.5,0,0.769,76.2,takeoff,good,"Good depth, push harder through the heels.",69
SES_JAV_ELI_0012,athlete_49,1456,javelin,106.36,104.09,150.95,138.86,168.92,171.35,130.04,128.4,77.04,84.84,33.22,1.47,27.08,1.79,0.39,0,0.75,95.3,takeoff,elite,Great form! Maintain position.,48
SES_CRI_ELI_0016,athlete_44,1970,cricket_bat,124.38,127.97,142.92,139.11,84.11,82.64,150.76,141.72,98.63,91.92,22.68,0.49,26.81,2.6,0.45,0,0.803,95.5,takeoff,elite,Great form! Maintain position.,65
SES_JAV_ELI_0012,athlete_49,1454,javelin,98.08,101.45,142.81,145.91,161.8,170.53,130.89,123.45,80.82,91.97,29.28,1.47,27.08,1.79,0.39,0,0.763,95.2,descent,elite,Great form! Maintain position.,48
SES_CRI_GOO_0017,athlete_79,2086,cricket_bat,127.3,127.72,147.93,143.19,94.28,106.54,142.31,154.55,90.69,85.3,24.53,1.85,32.24,0.43,0.5,0,0.769,77.2,takeoff,good,"Good depth, push harder through the heels.",69
SES_JAV_GOO_0013,athlete_07,1615,javelin,106.87,115.68,160.78,157.4,157.53,159.97,128.16,134.09,87.34,73.9,40.48,3.92,21.2,1.99,0.58,0,0.709,81.9,flight,good,"Good depth, push harder through the heels.",53
SES_SPR_GOO_0009,athlete_49,1128,sprint,61.06,66.04,100.64,108.68,90.2,85.67,99.58,98.58,79.5,78.34,21.65,1.23,33.46,-2.28,0.42,0,0.802,79.1,descent,good,Extend hips fully.,37
SES_SNA_GOO_0005,athlete_29,719,snatch,99.98,95.3,108.78,111.38,56.18,54.46,171.88,169.77,82.4,81.02,31.58,5.61,24.9,1.64,0.48,0,0.879,88.6,landing,good,Extend hips fully.,23
SES_SNA_GOO_0005,athlete_22,641,snatch,91.8,91.11,116.04,103.05,61.16,53.65,172.77,175.48,79.48,81.7,30.95,1.84,29.67,4.16,0.43,0,0.864,80.2,descent,good,Slight asymmetry detected.,21
SES_SPR_POO_0011,athlete_29,1431,sprint,85.91,93.8,148.93,143.2,104.26,110.71,127.55,127.06,100.99,83.32,29.39,1.78,12.02,4.96,0.53,0,0.681,35.5,takeoff,poor,Critical form deviation.,47
SES_SNA_AVE_0006,athlete_29,829,snatch,100.03,94.89,118.66,124.25,65.03,71.36,164.03,167.34,71.69,84.74,29.04,1.24,26.33,-0.49,0.41,0,0.79,64.9,flight,average,Control trunk lean.,27
SES_CRI_POO_0019,athlete_62,2362,cricket_bat,150.94,168.51,160.35,163.18,130.37,129.07,168.29,173.68,84.32,78.2,43.42,1.68,42.82,-3.36,0.41,0,0.58,32.8,takeoff,poor,Work on symmetry.,78
SES_CRI_POO_0019,athlete_25,2288,cricket_bat,154.11,156.28,169.1,149.87,142.74,117.65,175.0,175.42,80.54,74.16,39.31,4.06,24.64,1.83,0.39,0,0.582,36.3,descent,poor,Critical form deviation.,76
SES_CRI_ELI_0016,athlete_76,2023,cricket_bat,118.51,119.58,140.33,144.56,85.85,92.12,140.8,143.03,90.56,83.25,19.33,2.15,51.96,3.27,0.46,0,0.808,94.6,descent,elite,Hold this form.,67
SES_JAV_ELI_0012,athlete_39,1488,javelin,104.97,104.56,141.85,146.7,162.65,169.35,137.91,124.61,91.61,84.2,30.26,3.11,36.26,1.08,0.56,0,0.769,94.3,takeoff,elite,Great form! Maintain position.,49
SES_SNA_ELI_0004,athlete_04,486,snatch,91.77,94.6,104.91,103.45,38.75,42.44,178.06,177.2,89.61,83.35,28.64,1.11,30.16,-2.51,0.54,0,0.937,94.8,descent,elite,Elite biomechanics detected.,16
SES_JAV_ELI_0012,athlete_68,1545,javelin,115.04,104.78,140.76,153.23,167.3,163.02,134.74,124.67,85.67,89.08,29.74,2.6,37.36,-1.48,0.52,0,0.727,95.5,takeoff,elite,Great form! Maintain position.,51
SES_VER_ELI_0000,athlete_79,90,vertical_jump,97.87,90.18,97.25,93.95,69.47,65.77,129.7,131.37,86.38,93.39,14.66,0.86,31.29,1.49,0.51,63.6,0.926,91.0,setup,elite,Hold this form.,3
SES_SNA_GOO_0005,athlete_29,692,snatch,94.95,94.48,110.68,120.57,49.41,42.67,180,163.44,84.94,85.53,22.73,5.61,24.9,1.64,0.48,0,0.872,87.8,setup,good,Extend hips fully.,23
SES_JAV_GOO_0013,athlete_32,1663,javelin,123.19,114.22,148.24,149.49,162.72,158.69,149.15,136.0,81.5,79.97,39.86,2.86,21.56,-0.94,0.54,0,0.716,80.9,descent,good,"Good depth, push harder through the heels.",55
SES_VER_GOO_0001,athlete_79,237,vertical_jump,94.86,104.28,102.94,106.64,68.33,61.19,129.71,145.31,83.77,79.87,25.8,1.96,23.98,1.93,0.46,37.9,0.839,78.8,landing,good,Slight asymmetry detected.,7
SES_VER_POO_0003,athlete_61,363,vertical_jump,134.86,132.37,145.85,141.18,100.07,62.11,152.22,144.21,60.61,63.84,41.49,0.87,26.15,-1.22,0.45,17.9,0.685,38.4,setup,poor,Critical form deviation.,12
SES_VER_POO_0003,athlete_61,381,vertical_jump,121.31,138.86,152.04,133.52,89.44,90.76,148.68,140.25,63.01,78.26,36.82,0.87,26.15,-1.22,0.45,17.9,0.62,38.1,flight,poor,Critical form deviation.,12
SES_VER_GOO_0001,athlete_52,166,vertical_jump,93.73,97.54,109.53,101.32,62.42,65.04,127.78,125.72,86.18,72.77,19.06,4.13,17.4,-1.83,0.55,44.6,0.845,81.4,takeoff,good,Extend hips fully.,5
SES_SNA_POO_0007,athlete_79,872,snatch,142.55,125.67,139.37,159.66,81.34,109.09,170.0,147.26,85.52,71.95,25.58,1.83,32.0,4.97,0.38,0,0.641,43.8,setup,poor,Critical form deviation.,29
SES_VER_GOO_0001,athlete_52,167,vertical_jump,98.73,102.54,104.53,106.32,67.42,70.04,132.78,120.72,84.97,77.77,14.06,4.13,17.4,-1.83,0.55,44.6,0.863,81.3,takeoff,good,Extend hips fully.,5
SES_JAV_POO_0015,athlete_10,1804,javelin,165.0,160.28,167.53,168.0,130.88,141.49,141.25,157.2,84.05,67.38,62.46,3.18,27.74,-0.11,0.37,0,0.591,54.5,setup,poor,LOWER HIPS!,60
SES_JAV_ELI_0012,athlete_53,1518,javelin,116.73,100.02,146.74,148.95,166.8,171.02,122.82,131.43,84.12,80.56,34.04,0.72,20.53,-0.49,0.53,0,0.733,92.9,takeoff,elite,Great form! Maintain position.,50
SES_CRI_POO_0019,athlete_48,2384,cricket_bat,158.79,161.83,161.27,169.19,139.17,122.8,180,174.46,75.41,66.0,38.93,2.94,17.15,5.67,0.57,0,0.6,50.0,descent,poor,Critical form deviation.,79
SES_VER_AVE_0002,athlete_23,250,vertical_jump,129.76,112.65,119.8,116.53,82.09,75.33,150.84,146.51,83.21,75.21,24.71,1.55,37.69,-0.28,0.5,39.9,0.752,61.1,descent,average,Lower your hips.,8
SES_SPR_GOO_0009,athlete_16,1193,sprint,55.88,59.26,101.5,101.34,88.79,93.94,100.52,99.34,78.31,84.5,21.34,0.62,14.63,2.24,0.49,0,0.831,82.4,takeoff,good,"Good depth, push harder through the heels.",39
SES_CRI_AVE_0018,athlete_33,2238,cricket_bat,141.06,144.27,152.73,151.15,93.69,111.88,170.0,154.39,88.72,86.63,45.65,0.2,16.78,4.95,0.41,0,0.71,63.3,takeoff,average,Activate core more.,74
SES_JAV_ELI_0012,athlete_53,1504,javelin,100.66,102.22,137.11,145.85,172.53,171.64,137.23,128.15,83.19,77.06,41.5,0.72,20.53,-0.49,0.53,0,0.756,93.5,setup,elite,Great form! Maintain position.,50
SES_SNA_POO_0007,athlete_79,881,snatch,128.69,145.85,144.25,144.84,77.82,79.15,159.9,145.37,76.67,71.98,40.5,1.83,32.0,4.97,0.38,0,0.679,43.5,descent,poor,Critical form deviation.,29
SES_SNA_POO_0007,athlete_43,941,snatch,131.77,123.19,137.16,146.41,77.34,73.54,140.21,147.17,69.23,70.21,53.35,3.11,12.22,5.96,0.37,0,0.68,32.3,descent,poor,LOWER HIPS!,31
SES_SNA_ELI_0004,athlete_35,565,snatch,89.36,92.07,92.34,99.41,37.91,39.53,174.77,173.9,92.26,88.73,21.7,3.24,49.53,0.28,0.53,0,0.918,97.6,landing,elite,Elite biomechanics detected.,18
SES_SNA_POO_0007,athlete_11,903,snatch,125.65,137.27,146.36,149.64,89.88,83.27,139.91,157.81,76.2,73.51,27.25,2.14,29.83,1.47,0.37,0,0.686,43.9,setup,poor,Work on symmetry.,30
SES_SNA_ELI_0004,athlete_27,531,snatch,86.96,95.44,98.0,105.81,36.64,38.62,178.1,180,101.49,91.06,21.35,0,22.75,-0.15,0.55,0,0.897,97.9,flight,elite,Hold this form.,17
SES_SNA_AVE_0006,athlete_29,824,snatch,107.47,105.87,113.66,131.88,64.97,76.36,159.03,160.75,83.45,82.67,40.69,1.24,26.33,-0.49,0.41,0,0.767,65.7,takeoff,average,Control trunk lean.,27
SES_SPR_ELI_0008,athlete_13,976,sprint,46.65,52.23,101.98,98.19,86.54,67.36,98.08,91.19,68.1,69.76,17.65,2.45,40.04,4.42,0.44,0,0.853,93.4,descent,elite,Great form! Maintain position.,32
SES_VER_POO_0003,athlete_19,434,vertical_jump,138.86,133.25,147.75,140.27,82.23,88.21,146.82,144.67,71.01,65.88,42.08,1.73,29.0,-2.4,0.51,24.0,0.673,38.5,takeoff,poor,Critical form deviation.,14
SES_VER_GOO_0001,athlete_46,120,vertical_jump,105.93,111.32,92.99,115.58,55.84,75.82,142.61,129.69,84.56,88.3,16.99,2.67,21.85,4.22,0.41,47.7,0.807,78.4,setup,good,Extend hips fully.,4
SES_JAV_GOO_0013,athlete_67,1643,javelin,100.45,118.99,156.61,154.5,159.57,153.77,140.25,141.79,83.42,89.16,42.67,2.8,33.22,3.51,0.54,0,0.681,82.1,flight,good,Extend hips fully.,54
SES_SPR_AVE_0010,athlete_32,1203,sprint,73.83,71.08,123.16,117.5,83.45,97.2,113.29,119.91,88.36,79.46,26.29,1.97,20.64,0.35,0.51,0,0.775,61.5,setup,average,Control trunk lean.,40
SES_SNA_GOO_0005,athlete_43,613,snatch,91.32,93.74,110.83,111.07,51.27,47.34,171.88,175.37,78.17,88.53,28.06,0,19.66,0.14,0.6,0,0.891,78.4,takeoff,good,Extend hips fully.,20
SES_JAV_POO_0015,athlete_28,1852,javelin,139.91,138.17,168.64,174.29,126.35,135.22,173.78,174.65,74.94,78.61,68.06,1.63,30.33,3.74,0.48,0,0.586,32.3,takeoff,poor,LOWER HIPS!,61
SES_VER_ELI_0000,athlete_21,1,vertical_jump,86.19,90.6,89.11,103.99,63.77,62.86,121.75,116.39,91.98,83.42,8.16,3.75,40.25,2.33,0.48,49.9,0.895,91.4,setup,elite,Great form! Maintain position.,0
SES_CRI_AVE_0018,athlete_59,2187,cricket_bat,140.62,140.47,155.79,156.31,117.12,128.48,153.45,167.56,86.28,80.25,25.29,3.51,36.71,4.25,0.4,0,0.719,63.7,flight,average,Activate core more.,72
SES_SNA_AVE_0006,athlete_11,781,snatch,102.1,114.13,109.78,132.69,76.04,69.58,161.8,169.34,90.02,81.22,46.27,2.17,24.04,5.39,0.42,0,0.722,63.3,setup,average,Activate core more.,26
SES_CRI_AVE_0018,athlete_15,2198,cricket_bat,143.48,146.09,138.99,155.53,113.13,122.63,166.31,162.97,74.31,92.03,35.99,0.11,23.44,0.01,0.47,0,0.679,67.2,descent,average,Activate core more.,73
SES_SPR_AVE_0010,athlete_67,1273,sprint,65.21,61.46,124.93,110.09,85.95,93.62,99.04,124.13,82.09,81.65,30.96,1.85,28.51,1.34,0.4,0,0.747,66.1,descent,average,Lower your hips.,42
SES_CRI_POO_0019,athlete_25,2290,cricket_bat,154.11,156.28,169.1,159.87,132.74,118.24,175.0,170.34,72.48,77.48,38.58,4.06,24.64,1.83,0.39,0,0.599,36.3,descent,poor,Critical form deviation.,76
SES_SNA_GOO_0005,athlete_22,635,snatch,105.15,98.19,116.04,107.56,58.89,53.65,171.71,175.48,84.0,89.23,30.31,1.84,29.67,4.16,0.43,0,0.858,80.0,setup,good,Slight asymmetry detected.,21
SES_JAV_AVE_0014,athlete_66,1777,javelin,132.06,121.18,169.88,167.96,145.76,149.17,160.03,154.52,73.53,80.83,50.28,1.12,29.98,1.94,0.39,0,0.652,57.4,setup,average,Control trunk lean.,59
SES_SNA_GOO_0005,athlete_28,676,snatch,90.18,93.56,98.56,114.77,50.97,56.22,161.37,175.0,85.36,83.25,28.3,1.08,29.28,4.84,0.57,0,0.839,84.8,takeoff,good,"Good depth, push harder through the heels.",22
SES_VER_POO_0003,athlete_19,429,vertical_jump,135.54,125.34,152.75,141.13,88.68,87.47,150.19,149.67,71.09,72.48,37.08,1.73,29.0,-2.4,0.51,24.0,0.655,38.3,descent,poor,Critical form deviation.,14
SES_CRI_ELI_0016,athlete_73,1945,cricket_bat,112.38,119.03,133.85,135.2,96.03,87.44,143.63,151.08,74.61,90.08,17.19,1.45,35.74,1.94,0.43,0,0.799,95.4,flight,elite,Hold this form.,64
SES_CRI_POO_0019,athlete_48,2379,cricket_bat,153.79,162.32,166.27,155.99,137.45,132.41,169.94,169.46,88.11,81.51,47.93,2.94,17.15,5.67,0.57,0,0.585,51.1,descent,poor,Critical form deviation.,79
SES_SPR_ELI_0008,athlete_61,1067,sprint,43.95,46.36,98.5,91.17,75.05,73.01,78.49,79.14,74.2,61.79,18.84,3.43,35.85,2.18,0.64,0,0.861,98.7,descent,elite,Hold this form.,35
SES_VER_ELI_0000,athlete_21,10,vertical_jump,91.09,85.74,94.02,97.07,65.56,64.73,124.9,123.93,99.41,79.31,12.26,3.75,40.25,2.33,0.48,49.9,0.933,91.1,descent,elite,Great form! Maintain position.,0
SES_VER_GOO_0001,athlete_46,130,vertical_jump,100.6,97.98,108.04,102.62,61.16,82.39,141.83,131.87,79.03,80.82,16.41,2.67,21.85,4.22,0.41,47.7,0.857,77.3,descent,good,Extend hips fully.,4
SES_SNA_POO_0007,athlete_11,925,snatch,128.9,120.82,143.53,152.61,78.67,73.19,143.27,129.36,74.47,67.79,45.99,2.14,29.83,1.47,0.37,0,0.682,43.5,landing,poor,Work on symmetry.,30
SES_SPR_ELI_0008,athlete_23,1033,sprint,36.48,48.42,86.94,96.57,81.98,73.82,85.48,92.39,72.49,70.47,9.41,0.7,42.08,0.04,0.55,0,0.769,93.6,descent,elite,Hold this form.,34
SES_SNA_ELI_0004,athlete_04,481,snatch,90.09,92.12,95.85,96.29,47.37,39.73,180,176.73,90.24,99.89,29.39,1.11,30.16,-2.51,0.54,0,0.942,94.1,setup,elite,Elite biomechanics detected.,16
SES_JAV_AVE_0014,athlete_52,1684,javelin,133.52,134.45,159.8,155.32,140.18,153.36,132.59,156.68,85.86,78.92,50.23,0,29.45,0.4,0.41,0,0.669,67.5,setup,average,Lower your hips.,56
SES_VER_ELI_0000,athlete_70,65,vertical_jump,86.92,95.46,95.63,92.4,56.85,58.87,122.88,128.8,88.71,88.38,11.55,0.25,28.33,2.73,0.46,77.0,0.92,90.7,setup,elite,Hold this form.,2
SES_CRI_ELI_0016,athlete_64,1991,cricket_bat,119.36,129.37,120.6,132.83,81.79,89.62,143.59,148.43,83.51,95.01,23.17,2.29,48.83,2.19,0.45,0,0.764,97.4,descent,elite,Hold this form.,66
SES_SNA_AVE_0006,athlete_37,728,snatch,97.19,115.61,126.94,124.78,76.45,76.26,166.75,156.94,87.67,76.97,29.93,2.23,18.49,3.17,0.51,0,0.758,68.2,descent,average,Activate core more.,24
SES_CRI_POO_0019,athlete_25,2307,cricket_bat,167.79,158.99,164.83,156.64,140.88,132.98,155.0,163.41,85.36,80.06,58.32,4.06,24.64,1.83,0.39,0,0.589,34.2,flight,poor,Critical form deviation.,76
SES_VER_GOO_0001,athlete_56,209,vertical_jump,108.76,102.37,105.08,108.85,69.84,69.42,114.4,146.72,76.59,92.48,17.38,0.17,23.46,3.3,0.55,44.2,0.852,81.6,landing,good,"Good depth, push harder through the heels.",6
SES_JAV_GOO_0013,athlete_32,1679,javelin,120.95,119.9,157.15,154.15,156.04,155.64,143.64,147.05,78.54,86.95,36.43,2.86,21.56,-0.94,0.54,0,0.732,80.1,flight,good,"Good depth, push harder through the heels.",55
SES_VER_POO_0003,athlete_61,382,vertical_jump,126.31,143.05,147.04,138.52,91.88,85.76,143.68,145.25,58.01,82.52,41.82,0.87,26.15,-1.22,0.45,17.9,0.643,38.0,flight,poor,Critical form deviation.,12
SES_VER_GOO_0001,athlete_79,229,vertical_jump,104.77,100.37,109.1,106.63,77.52,77.3,129.71,125.31,89.52,84.03,22.96,1.96,23.98,1.93,0.46,37.9,0.861,79.1,flight,good,Slight asymmetry detected.,7
SES_VER_POO_0003,athlete_61,362,vertical_jump,139.86,133.78,150.85,138.53,105.07,64.51,147.22,139.21,65.61,68.84,46.49,0.87,26.15,-1.22,0.45,17.9,0.662,38.5,setup,poor,Critical form deviation.,12
SES_CRI_AVE_0018,athlete_59,2175,cricket_bat,148.25,151.02,160.08,155.85,106.73,113.98,160.04,154.91,85.86,79.15,42.57,3.51,36.71,4.25,0.4,0,0.706,64.3,takeoff,average,Activate core more.,72
SES_SPR_AVE_0010,athlete_32,1218,sprint,66.5,71.02,127.78,116.17,94.35,91.42,102.93,120.48,90.35,86.8,22.86,1.97,20.64,0.35,0.51,0,0.752,60.6,descent,average,Control trunk lean.,40
SES_SNA_AVE_0006,athlete_29,830,snatch,100.67,99.89,114.37,119.25,70.03,66.36,169.03,172.34,68.68,79.74,33.94,1.24,26.33,-0.49,0.41,0,0.805,64.6,flight,average,Control trunk lean.,27
SES_CRI_ELI_0016,athlete_44,1974,cricket_bat,109.73,127.97,130.25,135.62,90.27,82.64,151.01,147.74,92.83,87.23,12.68,0.49,26.81,2.6,0.45,0,0.758,95.4,flight,elite,Great form! Maintain position.,65
SES_SNA_ELI_0004,athlete_27,514,snatch,81.58,88.66,105.14,101.41,41.84,39.72,180,176.45,85.33,81.3,21.21,0,22.75,-0.15,0.55,0,0.913,96.1,setup,elite,Hold this form.,17
SES_SNA_AVE_0006,athlete_37,733,snatch,104.96,100.61,131.85,122.74,70.04,64.75,162.2,158.38,76.71,79.92,39.96,2.23,18.49,3.17,0.51,0,0.787,68.2,takeoff,average,Activate core more.,24
SES_VER_POO_0003,athlete_50,475,vertical_jump,131.44,132.95,153.34,141.12,97.52,95.38,145.47,134.81,58.18,77.28,39.36,0.96,34.75,4.16,0.45,15.6,0.673,34.3,landing,poor,Work on symmetry.,15
SES_CRI_POO_0019,athlete_38,2333,cricket_bat,163.38,156.9,163.6,158.62,120.64,131.4,169.41,174.11,78.15,86.77,39.8,1.56,20.79,1.4,0.53,0,0.599,31.6,flight,poor,Work on symmetry.,77
SES_JAV_GOO_0013,athlete_50,1586,javelin,117.36,110.35,149.63,156.71,156.92,154.06,150.14,140.82,90.95,86.98,46.32,2.9,45.79,3.05,0.55,0,0.708,73.0,flight,good,"Good depth, push harder through the heels.",52
SES_CRI_POO_0019,athlete_38,2336,cricket_bat,158.38,151.9,177.61,163.62,132.91,133.1,174.41,160.6,86.82,73.17,44.8,1.56,20.79,1.4,0.53,0,0.584,31.4,flight,poor,Work on symmetry.,77
SES_VER_POO_0003,athlete_50,455,vertical_jump,151.97,144.72,137.74,143.46,77.52,98.01,153.69,118.09,64.89,69.8,42.49,0.96,34.75,4.16,0.45,15.6,0.673,34.7,setup,poor,Work on symmetry.,15
SES_JAV_POO_0015,athlete_04,1905,javelin,146.31,143.52,169.12,163.07,128.14,139.63,170.0,173.6,63.23,68.57,39.94,1.91,22.23,2.77,0.47,0,0.584,27.0,takeoff,poor,Work on symmetry.,63
SES_CRI_AVE_0018,athlete_59,2189,cricket_bat,136.76,140.47,155.79,156.31,117.15,122.37,163.45,167.56,81.21,80.25,35.29,3.51,36.71,4.25,0.4,0,0.711,64.2,flight,average,Activate core more.,72
SES_VER_AVE_0002,athlete_13,338,vertical_jump,114.14,114.79,121.31,126.15,78.26,81.38,137.12,141.66,76.01,74.8,18.1,1.86,26.22,-0.99,0.57,41.1,0.786,65.1,descent,average,Lower your hips.,11
SES_SPR_AVE_0010,athlete_49,1310,sprint,68.15,69.87,123.35,110.11,85.28,96.17,106.4,117.89,74.64,84.74,26.51,0.95,27.31,6.44,0.43,0,0.76,69.7,takeoff,average,Control trunk lean.,43
SES_SPR_AVE_0010,athlete_04,1245,sprint,77.36,78.52,116.04,112.4,96.34,94.36,102.83,106.15,92.55,81.72,20.04,2.26,17.05,4.37,0.56,0,0.786,66.1,descent,average,Lower your hips.,41
SES_JAV_GOO_0013,athlete_67,1642,javelin,105.45,113.99,161.61,158.12,164.57,158.77,145.25,140.54,78.42,84.16,37.67,2.8,33.22,3.51,0.54,0,0.709,82.0,takeoff,good,Extend hips fully.,54
SES_CRI_AVE_0018,athlete_33,2243,cricket_bat,136.06,151.01,147.73,149.77,95.81,106.64,164.71,149.39,85.29,84.01,50.65,0.2,16.78,4.95,0.41,0,0.683,62.7,flight,average,Activate core more.,74
SES_SNA_ELI_0004,athlete_14,574,snatch,89.1,85.88,99.05,103.8,41.29,41.2,180,180,86.59,91.87,27.09,1.28,40.29,3.03,0.44,0,0.925,95.0,setup,elite,Great form! Maintain position.,19
SES_SNA_AVE_0006,athlete_11,798,snatch,99.72,111.37,116.9,116.95,57.77,77.66,168.39,168.86,78.93,85.52,48.61,2.17,24.04,5.39,0.42,0,0.785,63.7,flight,average,Activate core more.,26
SES_SPR_POO_0011,athlete_55,1378,sprint,90.26,91.41,130.53,140.31,103.75,113.43,116.54,130.37,106.11,92.78,41.39,1.53,22.2,7.52,0.52,0,0.694,29.2,takeoff,poor,LOWER HIPS!,45
SES_JAV_AVE_0014,athlete_52,1697,javelin,128.52,127.64,156.32,159.0,143.69,142.49,137.71,148.35,75.59,75.93,47.31,0,29.45,0.4,0.41,0,0.673,67.4,takeoff,average,Lower your hips.,56
SES_CRI_POO_0019,athlete_48,2372,cricket_bat,147.2,151.54,165.84,167.61,122.45,121.3,144.94,163.46,63.11,74.13,63.15,2.94,17.15,5.67,0.57,0,0.608,51.0,setup,poor,Critical form deviation.,79
SES_SPR_POO_0011,athlete_75,1320,sprint,87.35,80.96,143.0,110.37,146.25,114.37,120.23,120.27,77.55,95.19,33.24,5.1,21.29,-1.57,0.41,0,0.63,44.2,setup,poor,Work on symmetry.,44
SES_SPR_GOO_0009,athlete_08,1168,sprint,65.96,57.7,111.29,106.16,81.4,86.34,82.29,95.87,84.03,73.45,25.89,0,22.24,0.22,0.41,0,0.799,84.8,takeoff,good,"Good depth, push harder through the heels.",38
SES_JAV_AVE_0014,athlete_73,1762,javelin,126.05,114.71,165.83,167.55,149.28,143.06,149.63,155.39,80.2,78.44,43.98,2.63,19.34,0.28,0.43,0,0.65,56.6,takeoff,average,Control trunk lean.,58
SES_CRI_POO_0019,athlete_38,2325,cricket_bat,163.38,152.2,161.89,168.62,112.3,124.37,160.0,165.58,75.62,85.22,49.8,1.56,20.79,1.4,0.53,0,0.587,31.0,takeoff,poor,Work on symmetry.,77
SES_VER_ELI_0000,athlete_79,92,vertical_jump,97.46,94.22,97.25,93.95,59.47,58.52,129.7,124.83,86.38,87.51,10.33,0.86,31.29,1.49,0.51,63.6,0.94,91.1,setup,elite,Hold this form.,3
SES_SNA_ELI_0004,athlete_04,490,snatch,84.26,89.16,104.07,100.17,38.21,39.85,174.12,175.59,83.45,98.34,23.64,1.11,30.16,-2.51,0.54,0,0.921,94.4,descent,elite,Elite biomechanics detected.,16
SES_VER_AVE_0002,athlete_29,306,vertical_jump,118.32,112.39,113.88,122.67,62.28,77.91,155.0,151.41,78.23,81.67,20.86,0.52,14.14,-2.09,0.44,42.1,0.762,69.6,descent,average,Activate core more.,10
SES_VER_ELI_0000,athlete_79,118,vertical_jump,88.95,87.11,96.67,95.99,56.55,56.02,110.27,125.8,92.26,82.04,10.65,0.86,31.29,1.49,0.51,63.6,0.952,92.5,landing,elite,Hold this form.,3
SES_SNA_GOO_0005,athlete_28,662,snatch,97.88,100.18,94.49,110.69,54.87,52.34,170.97,171.34,82.43,77.57,19.66,1.08,29.28,4.84,0.57,0,0.842,85.5,setup,good,"Good depth, push harder through the heels.",22
SES_JAV_ELI_0012,athlete_53,1529,javelin,110.28,100.71,149.34,152.08,170.25,166.59,123.19,131.44,85.8,85.57,33.68,0.72,20.53,-0.49,0.53,0,0.748,93.1,flight,elite,Great form! Maintain position.,50
SES_VER_AVE_0002,athlete_29,323,vertical_jump,114.96,118.5,118.8,121.45,84.42,81.94,154.43,134.88,72.68,66.95,19.77,0.52,14.14,-2.09,0.44,42.1,0.784,69.7,flight,average,Activate core more.,10
SES_CRI_GOO_0017,athlete_69,2061,cricket_bat,137.35,129.33,152.81,145.72,91.26,103.26,162.53,148.17,79.03,91.29,34.77,2.76,28.84,4.74,0.53,0,0.749,83.3,takeoff,good,Slight asymmetry detected.,68
SES_VER_ELI_0000,athlete_70,83,vertical_jump,96.97,84.47,94.63,96.18,60.77,57.25,135.41,123.52,84.79,89.93,11.51,0.25,28.33,2.73,0.46,77.0,0.916,92.5,flight,elite,Hold this form.,2
SES_SPR_ELI_0008,athlete_23,1030,sprint,46.63,49.49,95.68,92.61,76.98,68.69,87.37,82.4,77.49,63.6,18.1,0.7,42.08,0.04,0.55,0,0.872,94.1,descent,elite,Hold this form.,34
SES_VER_POO_0003,athlete_19,438,vertical_jump,138.86,133.25,148.27,140.97,81.53,98.21,153.18,149.45,69.41,59.23,40.26,1.73,29.0,-2.4,0.51,24.0,0.673,38.8,flight,poor,Critical form deviation.,14
SES_CRI_GOO_0017,athlete_69,2064,cricket_bat,122.35,137.49,152.04,141.84,92.24,94.61,157.53,149.24,84.03,88.79,32.88,2.76,28.84,4.74,0.53,0,0.723,83.3,flight,good,Slight asymmetry detected.,68
SES_SNA_GOO_0005,athlete_22,653,snatch,104.57,98.02,109.04,111.47,51.16,58.04,166.09,164.18,85.06,85.36,31.08,1.84,29.67,4.16,0.43,0,0.875,81.6,flight,good,Slight asymmetry detected.,21
SES_SPR_ELI_0008,athlete_23,1040,sprint,55.31,52.14,98.71,91.56,78.52,73.79,83.35,86.41,72.37,70.99,13.69,0.7,42.08,0.04,0.55,0,0.861,92.8,takeoff,elite,Hold this form.,34
SES_SNA_AVE_0006,athlete_29,825,snatch,102.47,102.83,108.66,126.88,65.03,71.36,164.03,162.82,81.69,77.67,35.69,1.24,26.33,-0.49,0.41,0,0.769,65.5,takeoff,average,Control trunk lean.,27
SES_CRI_POO_0019,athlete_62,2368,cricket_bat,140.94,148.75,156.01,164.96,144.83,137.3,172.19,171.0,80.5,79.94,48.42,1.68,42.82,-3.36,0.41,0,0.586,32.1,flight,poor,Work on symmetry.,78
SES_SPR_AVE_0010,athlete_04,1241,sprint,63.7,65.57,120.68,115.96,90.79,99.9,111.97,115.4,89.28,81.72,21.67,2.26,17.05,4.37,0.56,0,0.779,66.3,descent,average,Lower your hips.,41
SES_VER_ELI_0000,athlete_70,88,vertical_jump,91.28,92.25,97.34,97.89,62.54,66.4,124.65,135.0,85.97,82.71,9.81,0.25,28.33,2.73,0.46,77.0,0.955,92.1,landing,elite,Hold this form.,2
SES_SNA_AVE_0006,athlete_37,726,snatch,95.2,112.92,120.22,126.06,66.45,86.26,156.75,156.94,88.7,83.75,39.93,2.23,18.49,3.17,0.51,0,0.75,68.9,descent,average,Activate core more.,24
SES_SNA_ELI_0004,athlete_35,540,snatch,77.73,86.65,96.54,101.6,43.39,41.05,174.84,172.51,91.38,80.44,15.69,3.24,49.53,0.28,0.53,0,0.904,95.8,setup,elite,Elite biomechanics detected.,18
SES_JAV_GOO_0013,athlete_32,1669,javelin,116.16,114.24,155.87,155.98,155.37,159.23,139.15,140.55,88.83,86.05,43.85,2.86,21.56,-0.94,0.54,0,0.735,81.0,takeoff,good,"Good depth, push harder through the heels.",55
SES_SNA_ELI_0004,athlete_04,502,snatch,92.31,92.94,98.59,94.76,47.92,42.08,174.01,176.8,83.17,92.74,23.38,1.11,30.16,-2.51,0.54,0,0.936,93.7,flight,elite,Elite biomechanics detected.,16
SES_SNA_ELI_0004,athlete_35,560,snatch,92.91,83.38,100.17,107.69,45.48,44.32,179.52,172.64,86.18,90.83,21.06,3.24,49.53,0.28,0.53,0,0.897,97.6,flight,elite,Elite biomechanics detected.,18
SES_CRI_AVE_0018,athlete_15,2206,cricket_bat,156.27,147.53,159.73,156.96,118.62,113.22,164.14,167.61,95.59,81.67,45.47,0.11,23.44,0.01,0.47,0,0.698,66.5,takeoff,average,Activate core more.,73
SES_SNA_ELI_0004,athlete_04,484,snatch,81.77,94.6,98.06,103.49,48.0,43.9,175.0,180,89.61,87.68,18.64,1.11,30.16,-2.51,0.54,0,0.886,94.4,setup,elite,Elite biomechanics detected.,16
SES_SPR_ELI_0008,athlete_23,1029,sprint,41.63,50.75,100.68,87.61,71.98,73.69,92.37,84.52,82.49,68.6,16.21,0.7,42.08,0.04,0.55,0,0.795,94.0,setup,elite,Hold this form.,34
SES_CRI_ELI_0016,athlete_76,2011,cricket_bat,123.64,109.39,137.55,137.47,83.95,85.33,159.95,137.8,98.15,86.64,17.58,2.15,51.96,3.27,0.46,0,0.785,95.6,setup,elite,Hold this form.,67
SES_JAV_ELI_0012,athlete_68,1543,javelin,115.04,104.58,140.76,149.19,177.3,162.94,144.74,124.67,85.67,81.02,28.41,2.6,37.36,-1.48,0.52,0,0.735,94.8,descent,elite,Great form! Maintain position.,51
SES_JAV_POO_0015,athlete_47,1888,javelin,137.58,139.43,165.77,166.05,136.81,123.43,177.06,174.33,73.39,68.31,60.52,4.82,22.78,-0.61,0.3,0,0.595,42.4,flight,poor,Critical form deviation.,62
SES_SPR_GOO_0009,athlete_27,1082,sprint,54.02,55.3,112.63,100.51,100.2,80.26,114.65,96.98,69.84,80.18,18.45,1.98,26.91,2.91,0.54,0,0.811,81.1,setup,good,Slight asymmetry detected.,36
SES_SPR_AVE_0010,athlete_32,1215,sprint,70.27,66.02,125.29,111.17,88.34,92.49,105.34,109.02,75.35,81.8,27.82,1.97,20.64,0.35,0.51,0,0.748,60.3,descent,average,Control trunk lean.,40
SES_VER_GOO_0001,athlete_56,185,vertical_jump,101.27,100.01,103.38,103.45,64.87,63.95,138.96,142.7,84.52,77.87,20.45,0.17,23.46,3.3,0.55,44.2,0.876,82.0,setup,good,"Good depth, push harder through the heels.",6
SES_CRI_ELI_0016,athlete_64,1984,cricket_bat,124.36,119.36,138.93,143.85,81.9,89.69,141.65,144.59,90.11,86.71,23.79,2.29,48.83,2.19,0.45,0,0.797,97.2,setup,elite,Hold this form.,66
SES_CRI_POO_0019,athlete_48,2387,cricket_bat,166.1,164.6,166.27,161.14,141.53,118.35,179.33,171.64,88.69,74.32,53.93,2.94,17.15,5.67,0.57,0,0.608,49.9,takeoff,poor,Critical form deviation.,79
SES_JAV_ELI_0012,athlete_53,1515,javelin,101.73,105.02,148.56,143.95,171.8,173.81,117.82,127.79,81.8,86.06,33.23,0.72,20.53,-0.49,0.53,0,0.761,93.5,takeoff,elite,Great form! Maintain position.,50
SES_SNA_GOO_0005,athlete_43,620,snatch,94.34,97.8,113.16,110.27,53.51,39.38,165.58,176.29,81.49,82.53,28.88,0,19.66,0.14,0.6,0,0.881,79.2,flight,good,Extend hips fully.,20
SES_CRI_POO_0019,athlete_48,2398,cricket_bat,151.1,168.3,154.84,166.14,126.53,134.77,180,175.64,79.9,81.83,51.68,2.94,17.15,5.67,0.57,0,0.564,50.3,flight,poor,Critical form deviation.,79
SES_CRI_POO_0019,athlete_25,2289,cricket_bat,159.11,161.28,164.1,154.87,137.74,122.65,180,175.34,75.54,72.48,36.48,4.06,24.64,1.83,0.39,0,0.599,36.2,descent,poor,Critical form deviation.,76
SES_SPR_GOO_0009,athlete_49,1110,sprint,65.78,57.46,90.21,94.96,81.94,95.28,86.2,101.6,71.53,71.84,10.55,1.23,33.46,-2.28,0.42,0,0.797,78.2,setup,good,Extend hips fully.,37
SES_SNA_POO_0007,athlete_11,906,snatch,134.78,133.65,151.36,154.41,94.49,76.73,134.91,152.81,73.3,68.51,32.25,2.14,29.83,1.47,0.37,0,0.711,44.5,descent,poor,Work on symmetry.,30
SES_VER_POO_0003,athlete_41,391,vertical_jump,123.95,128.51,130.81,138.54,78.14,98.34,132.24,129.1,58.61,78.12,33.52,1.08,32.9,5.5,0.59,9.6,0.671,49.1,setup,poor,Critical form deviation.,13
SES_SPR_GOO_0009,athlete_49,1132,sprint,52.38,65.83,103.19,102.11,78.48,90.83,89.58,102.21,66.67,78.34,22.31,1.23,33.46,-2.28,0.42,0,0.77,79.8,takeoff,good,Extend hips fully.,37
SES_VER_GOO_0001,athlete_52,179,vertical_jump,100.34,92.62,117.1,105.65,66.36,64.51,132.53,124.78,84.83,85.29,21.09,4.13,17.4,-1.83,0.55,44.6,0.828,82.2,landing,good,Extend hips fully.,5
SES_JAV_POO_0015,athlete_47,1880,javelin,147.74,142.19,162.59,168.69,141.79,123.43,159.42,158.59,63.39,80.09,57.25,4.82,22.78,-0.61,0.3,0,0.577,41.8,takeoff,poor,Critical form deviation.,62
SES_SNA_GOO_0005,athlete_29,706,snatch,103.23,100.85,103.96,100.88,44.86,46.72,162.68,177.68,86.14,90.38,34.34,5.61,24.9,1.64,0.48,0,0.884,87.9,takeoff,good,Extend hips fully.,23
SES_SNA_POO_0007,athlete_79,894,snatch,139.87,123.46,151.68,132.03,78.48,81.39,144.9,140.37,64.74,73.67,41.66,1.83,32.0,4.97,0.38,0,0.646,41.8,landing,poor,Critical form deviation.,29
SES_SNA_AVE_0006,athlete_11,796,snatch,99.72,110.98,126.9,116.95,67.77,70.52,158.39,158.86,78.93,75.52,46.33,2.17,24.04,5.39,0.42,0,0.763,63.3,takeoff,average,Activate core more.,26
SES_SNA_GOO_0005,athlete_28,679,snatch,97.49,92.24,103.56,110.73,53.45,52.71,164.9,167.03,84.65,85.42,25.46,1.08,29.28,4.84,0.57,0,0.863,84.5,flight,good,"Good depth, push harder through the heels.",22
SES_SPR_POO_0011,athlete_55,1350,sprint,88.52,68.33,125.49,131.79,117.61,103.52,136.34,157.27,121.59,85.78,28.89,1.53,22.2,7.52,0.52,0,0.637,30.1,setup,poor,LOWER HIPS!,45
SES_VER_ELI_0000,athlete_70,61,vertical_jump,90.36,90.44,95.63,94.71,57.61,65.98,116.4,143.09,85.4,81.09,15.02,0.25,28.33,2.73,0.46,77.0,0.957,90.4,setup,elite,Hold this form.,2
SES_SPR_GOO_0009,athlete_16,1172,sprint,64.09,57.82,94.54,107.87,72.39,87.87,105.8,103.18,77.81,79.33,19.9,0.62,14.63,2.24,0.49,0,0.778,80.0,setup,good,"Good depth, push harder through the heels.",39
SES_CRI_ELI_0016,athlete_73,1932,cricket_bat,118.01,118.7,129.34,139.21,94.27,88.95,133.83,146.04,80.7,84.9,24.49,1.45,35.74,1.94,0.43,0,0.795,93.5,descent,elite,Hold this form.,64
SES_SPR_ELI_0008,athlete_23,1026,sprint,36.63,42.36,86.57,89.56,63.27,71.78,89.15,88.83,77.49,71.21,9.86,0.7,42.08,0.04,0.55,0,0.843,93.4,setup,elite,Hold this form.,34
SES_CRI_GOO_0017,athlete_79,2080,cricket_bat,136.02,124.38,149.55,143.31,85.68,97.01,152.31,147.57,87.56,94.84,24.53,1.85,32.24,0.43,0.5,0,0.742,76.1,descent,good,"Good depth, push harder through the heels.",69
SES_SNA_GOO_0005,athlete_28,666,snatch,89.03,96.43,114.49,107.69,57.47,44.01,168.07,177.67,80.35,82.24,29.5,1.08,29.28,4.84,0.57,0,0.857,85.3,descent,good,"Good depth, push harder through the heels.",22
SES_JAV_ELI_0012,athlete_49,1457,javelin,101.36,101.24,145.95,143.86,163.92,176.35,125.04,131.11,76.72,87.25,38.22,1.47,27.08,1.79,0.39,0,0.775,95.8,takeoff,elite,Great form! Maintain position.,48
SES_CRI_ELI_0016,athlete_73,1934,cricket_bat,115.78,116.1,129.58,139.21,94.27,87.24,143.26,136.08,90.37,94.9,20.11,1.45,35.74,1.94,0.43,0,0.797,93.6,descent,elite,Hold this form.,64
SES_JAV_POO_0015,athlete_10,1826,javelin,136.03,156.64,173.0,168.03,123.6,140.34,164.02,161.86,65.01,73.67,57.18,3.18,27.74,-0.11,0.37,0,0.546,52.8,flight,poor,LOWER HIPS!,60
SES_JAV_GOO_0013,athlete_07,1610,javelin,111.87,116.09,157.28,156.7,152.53,153.97,136.42,129.09,86.02,84.18,41.88,3.92,21.2,1.99,0.58,0,0.728,81.9,takeoff,good,"Good depth, push harder through the heels.",53
SES_JAV_GOO_0013,athlete_50,1578,javelin,119.51,120.86,150.85,158.7,151.05,158.85,141.34,136.74,84.43,82.19,56.32,2.9,45.79,3.05,0.55,0,0.721,73.5,takeoff,good,"Good depth, push harder through the heels.",52
SES_CRI_AVE_0018,athlete_59,2178,cricket_bat,140.09,148.32,148.39,160.74,107.26,125.2,175.04,158.26,94.27,84.26,31.23,3.51,36.71,4.25,0.4,0,0.677,64.0,takeoff,average,Activate core more.,72
SES_VER_ELI_0000,athlete_79,116,vertical_jump,90.79,91.95,96.67,93.64,63.91,55.86,120.27,125.8,85.13,92.04,10.71,0.86,31.29,1.49,0.51,63.6,0.947,92.8,landing,elite,Hold this form.,3
SES_JAV_POO_0015,athlete_10,1806,javelin,155.0,160.28,167.53,168.0,126.24,131.49,141.48,147.2,80.47,67.25,52.46,3.18,27.74,-0.11,0.37,0,0.589,55.0,setup,poor,LOWER HIPS!,60
SES_SPR_GOO_0009,athlete_49,1124,sprint,56.58,66.04,112.03,101.37,100.2,80.2,107.68,103.41,82.36,81.15,21.72,1.23,33.46,-2.28,0.42,0,0.771,78.8,descent,good,Extend hips fully.,37
SES_JAV_GOO_0013,athlete_50,1573,javelin,117.91,115.86,162.37,145.99,162.15,153.85,136.34,138.22,86.64,84.66,42.68,2.9,45.79,3.05,0.55,0,0.705,74.1,descent,good,"Good depth, push harder through the heels.",52
SES_SNA_POO_0007,athlete_11,902,snatch,120.65,142.27,151.36,144.64,84.88,88.27,140.96,162.81,74.32,78.51,31.77,2.14,29.83,1.47,0.37,0,0.653,43.5,setup,poor,Work on symmetry.,30
SES_SPR_GOO_0009,athlete_27,1105,sprint,52.92,60.67,97.41,98.95,83.94,81.19,98.89,96.19,81.97,77.42,17.66,1.98,26.91,2.91,0.54,0,0.801,83.3,takeoff,good,Slight asymmetry detected.,36
SES_VER_POO_0003,athlete_50,478,vertical_jump,130.66,129.01,140.33,137.01,92.52,100.03,142.63,145.71,64.83,73.7,34.38,0.96,34.75,4.16,0.45,15.6,0.689,34.9,landing,poor,Work on symmetry.,15
SES_CRI_GOO_0017,athlete_69,2055,cricket_bat,130.64,124.43,153.09,148.82,100.22,91.86,152.55,151.61,85.42,90.59,18.59,2.76,28.84,4.74,0.53,0,0.757,82.4,takeoff,good,Slight asymmetry detected.,68
SES_CRI_ELI_0016,athlete_44,1966,cricket_bat,114.38,123.48,144.4,134.62,84.11,94.19,142.05,134.26,92.05,91.92,23.86,0.49,26.81,2.6,0.45,0,0.776,96.4,takeoff,elite,Great form! Maintain position.,65
SES_SPR_POO_0011,athlete_29,1410,sprint,88.27,111.18,118.7,134.93,96.83,82.72,111.63,120.95,84.46,119.65,18.62,1.78,12.02,4.96,0.53,0,0.622,34.7,setup,poor,Critical form deviation.,47
SES_VER_POO_0003,athlete_19,437,vertical_jump,133.86,138.25,153.27,143.32,86.53,93.21,148.18,144.45,66.01,63.79,45.26,1.73,29.0,-2.4,0.51,24.0,0.671,38.5,takeoff,poor,Critical form deviation.,14
SES_CRI_GOO_0017,athlete_79,2070,cricket_bat,109.03,113.8,148.98,137.95,89.58,127.91,160.71,135.12,84.51,86.65,7.27,1.85,32.24,0.43,0.5,0,0.745,75,setup,good,"Good depth, push harder through the heels.",69
SES_SPR_ELI_0008,athlete_41,1011,sprint,43.72,43.67,86.12,91.86,68.6,75.18,90.53,101.98,68.02,79.94,14.6,1.95,22.47,7.38,0.51,0,0.88,93.5,takeoff,elite,Great form! Maintain position.,33
SES_JAV_POO_0015,athlete_47,1872,javelin,152.24,146.85,164.21,170.89,131.06,127.39,146.68,161.73,80.43,68.2,53.42,4.82,22.78,-0.61,0.3,0,0.577,42.5,descent,poor,Critical form deviation.,62
SES_SNA_ELI_0004,athlete_27,522,snatch,98.22,85.97,108.76,97.07,42.05,44.21,171.6,173.26,87.27,86.98,22.56,0,22.75,-0.15,0.55,0,0.88,96.2,takeoff,elite,Hold this form.,17
SES_SNA_GOO_0005,athlete_43,614,snatch,87.64,96.29,113.45,106.07,53.86,42.42,176.88,171.74,83.17,83.53,29.77,0,19.66,0.14,0.6,0,0.851,78.3,takeoff,good,Extend hips fully.,20
SES_CRI_GOO_0017,athlete_65,2152,cricket_bat,126.82,133.93,156.51,145.05,95.48,99.66,158.95,157.33,94.21,88.86,33.38,1.17,24.6,4.25,0.43,0,0.741,82.9,takeoff,good,"Good depth, push harder through the heels.",71
SES_SPR_GOO_0009,athlete_16,1176,sprint,64.06,57.82,104.54,97.65,83.14,87.43,92.18,88.49,78.9,84.08,26.92,0.62,14.63,2.24,0.49,0,0.801,79.9,setup,good,"Good depth, push harder through the heels.",39
SES_CRI_ELI_0016,athlete_44,1968,cricket_bat,114.38,125.91,140.07,144.62,84.11,92.64,150.76,131.72,92.05,91.92,22.68,0.49,26.81,2.6,0.45,0,0.78,96.1,takeoff,elite,Great form! Maintain position.,65
SES_CRI_AVE_0018,athlete_59,2181,cricket_bat,140.62,152.51,160.97,163.61,102.26,117.76,160.04,157.56,99.27,84.18,36.27,3.51,36.71,4.25,0.4,0,0.69,63.5,takeoff,average,Activate core more.,72
SES_SNA_POO_0007,athlete_54,857,snatch,126.32,124.78,143.59,145.16,74.22,77.38,141.11,152.46,69.91,62.09,34.85,3.09,29.02,3.78,0.43,0,0.713,41.9,takeoff,poor,Work on symmetry.,28
SES_SNA_ELI_0004,athlete_35,556,snatch,93.6,83.38,100.34,105.56,46.89,38.1,174.63,180,80.22,89.9,17.47,3.24,49.53,0.28,0.53,0,0.902,97.1,takeoff,elite,Elite biomechanics detected.,18
SES_JAV_ELI_0012,athlete_49,1465,javelin,109.19,102.9,149.16,154.9,165.32,165.11,129.3,123.45,89.35,84.84,35.67,1.47,27.08,1.79,0.39,0,0.751,94.9,flight,elite,Great form! Maintain position.,48
SES_SNA_ELI_0004,athlete_04,505,snatch,99.84,92.94,101.95,97.84,35.78,42.31,175.0,180,93.51,87.74,21.97,1.11,30.16,-2.51,0.54,0,0.917,92.9,landing,elite,Elite biomechanics detected.,16
SES_JAV_GOO_0013,athlete_32,1668,javelin,115.55,118.76,154.6,150.98,160.37,164.23,144.15,145.55,83.83,89.56,38.85,2.86,21.56,-0.94,0.54,0,0.725,80.6,takeoff,good,"Good depth, push harder through the heels.",55
SES_SPR_ELI_0008,athlete_41,1005,sprint,54.1,41.21,96.12,89.49,67.34,76.88,88.02,85.01,70.17,70.93,20.76,1.95,22.47,7.38,0.51,0,0.808,93.5,descent,elite,Great form! Maintain position.,33
SES_JAV_ELI_0012,athlete_68,1538,javelin,113.64,99.2,140.7,141.85,159.92,166.8,132.6,126.93,91.31,83.96,42.51,2.6,37.36,-1.48,0.52,0,0.739,94.2,descent,elite,Great form! Maintain position.,51
SES_SNA_GOO_0005,athlete_29,716,snatch,94.98,100.3,113.78,111.02,61.18,51.54,176.88,170.3,76.1,87.57,26.58,5.61,24.9,1.64,0.48,0,0.876,87.9,landing,good,Extend hips fully.,23
SES_SNA_ELI_0004,athlete_14,584,snatch,87.14,88.81,99.24,94.64,40.33,47.55,180,180,87.62,91.64,26.54,1.28,40.29,3.03,0.44,0,0.93,95.2,takeoff,elite,Great form! Maintain position.,19
SES_CRI_GOO_0017,athlete_15,2120,cricket_bat,118.41,129.44,149.96,145.39,103.53,108.83,153.88,165.07,93.01,94.05,30.52,0.97,12.01,-2.16,0.36,0,0.743,83.4,takeoff,good,Slight asymmetry detected.,70
SES_VER_GOO_0001,athlete_79,220,vertical_jump,98.33,101.72,106.61,102.49,71.49,64.64,130.21,126.72,88.14,87.15,26.05,1.96,23.98,1.93,0.46,37.9,0.858,78.8,descent,good,Slight asymmetry detected.,7
SES_SPR_GOO_0009,athlete_08,1145,sprint,58.85,67.05,101.63,98.56,81.63,68.19,91.53,99.78,76.1,75.27,19.59,0,22.24,0.22,0.41,0,0.799,83.1,setup,good,"Good depth, push harder through the heels.",38
SES_CRI_POO_0019,athlete_62,2365,cricket_bat,145.94,163.51,161.01,167.61,129.83,124.07,180,166.0,85.5,65.66,53.42,1.68,42.82,-3.36,0.41,0,0.572,32.4,flight,poor,Work on symmetry.,78
SES_SPR_AVE_0010,athlete_49,1307,sprint,73.15,77.75,122.79,115.11,98.59,91.17,101.4,114.59,78.65,83.97,21.51,0.95,27.31,6.44,0.43,0,0.762,70.0,descent,average,Control trunk lean.,43
SES_SNA_AVE_0006,athlete_37,749,snatch,100.17,112.19,123.42,131.22,74.8,65.71,164.95,151.8,85.78,79.55,43.88,2.23,18.49,3.17,0.51,0,0.765,68.3,landing,average,Activate core more.,24
SES_SPR_POO_0011,athlete_55,1355,sprint,101.99,82.99,150.49,134.17,112.61,99.66,136.6,144.2,103.44,88.01,33.89,1.53,22.2,7.52,0.52,0,0.632,28.9,setup,poor,LOWER HIPS!,45
SES_SPR_POO_0011,athlete_75,1345,sprint,97.06,90.33,130.54,125.15,114.48,104.29,123.86,135.02,84.84,91.0,41.2,5.1,21.29,-1.57,0.41,0,0.687,45.9,takeoff,poor,Work on symmetry.,44
SES_JAV_ELI_0012,athlete_49,1448,javelin,108.28,103.84,145.36,142.76,173.77,164.86,127.02,124.63,89.56,83.78,37.18,1.47,27.08,1.79,0.39,0,0.762,94.9,descent,elite,Great form! Maintain position.,48
SES_CRI_AVE_0018,athlete_15,2219,cricket_bat,148.32,142.77,160.75,150.87,118.85,115.63,163.16,170.88,87.03,85.79,32.42,0.11,23.44,0.01,0.47,0,0.69,66.0,flight,average,Activate core more.,73
SES_CRI_ELI_0016,athlete_73,1920,cricket_bat,104.74,111.98,139.53,144.87,86.22,82.42,154.75,152.3,80.55,81.09,27.91,1.45,35.74,1.94,0.43,0,0.79,93.7,setup,elite,Hold this form.,64
SES_CRI_GOO_0017,athlete_65,2156,cricket_bat,121.61,143.34,156.51,151.25,104.28,95.6,167.15,157.33,85.86,90.76,26.06,1.17,24.6,4.25,0.43,0,0.716,83.2,flight,good,"Good depth, push harder through the heels.",71
SES_SPR_GOO_0009,athlete_16,1198,sprint,58.51,62.51,100.95,106.49,79.93,88.94,105.52,91.09,80.49,79.5,23.72,0.62,14.63,2.24,0.49,0,0.813,82.1,takeoff,good,"Good depth, push harder through the heels.",39
SES_JAV_AVE_0014,athlete_52,1699,javelin,129.46,127.64,166.32,162.65,133.69,142.49,135.87,148.35,75.59,77.39,47.31,0,29.45,0.4,0.41,0,0.669,67.2,takeoff,average,Lower your hips.,56
SES_VER_POO_0003,athlete_41,396,vertical_jump,128.95,128.5,125.24,143.54,93.14,93.39,147.24,140.53,73.61,69.38,28.52,1.08,32.9,5.5,0.59,9.6,0.655,49.0,descent,poor,Critical form deviation.,13
SES_CRI_ELI_0016,athlete_76,2030,cricket_bat,121.82,122.01,132.86,129.64,90.58,79.3,141.98,145.28,87.51,93.84,17.22,2.15,51.96,3.27,0.46,0,0.812,95.2,takeoff,elite,Hold this form.,67
SES_SNA_AVE_0006,athlete_29,810,snatch,133.09,115.87,129.32,144.43,71.26,62.61,156.77,163.16,84.65,71.32,43.09,1.24,26.33,-0.49,0.41,0,0.75,64.4,setup,average,Control trunk lean.,27
SES_VER_ELI_0000,athlete_79,95,vertical_jump,96.92,92.35,92.25,100.47,62.22,54.34,120.01,114.61,91.38,84.95,9.32,0.86,31.29,1.49,0.51,63.6,0.919,91.0,setup,elite,Hold this form.,3
SES_CRI_POO_0019,athlete_48,2381,cricket_bat,153.79,166.83,166.27,165.99,137.45,137.8,179.94,179.46,78.11,71.95,47.93,2.94,17.15,5.67,0.57,0,0.594,50.5,descent,poor,Critical form deviation.,79
SES_CRI_GOO_0017,athlete_79,2071,cricket_bat,114.03,118.8,153.98,142.95,94.58,122.91,155.71,137.9,89.51,91.65,12.27,1.85,32.24,0.43,0.5,0,0.746,74.6,setup,good,"Good depth, push harder through the heels.",69
SES_CRI_ELI_0016,athlete_64,1983,cricket_bat,119.36,124.36,143.93,142.64,83.63,89.22,146.65,143.96,88.8,81.71,28.79,2.29,48.83,2.19,0.45,0,0.805,97.0,setup,elite,Hold this form.,66
SES_VER_POO_0003,athlete_61,374,vertical_jump,121.59,139.99,139.52,132.0,96.64,83.33,145.31,147.07,59.46,67.09,39.83,0.87,26.15,-1.22,0.45,17.9,0.638,38.4,takeoff,poor,Critical form deviation.,12
SES_SPR_GOO_0009,athlete_08,1144,sprint,57.6,62.05,96.63,103.56,76.63,73.03,87.86,104.78,76.84,80.27,22.76,0,22.24,0.22,0.41,0,0.805,83.1,setup,good,"Good depth, push harder through the heels.",38
SES_JAV_ELI_0012,athlete_39,1487,javelin,102.76,105.98,146.85,150.69,167.65,164.35,132.91,119.61,88.25,82.38,35.26,3.11,36.26,1.08,0.56,0,0.763,94.2,takeoff,elite,Great form! Maintain position.,49
SES_JAV_ELI_0012,athlete_49,1463,javelin,112.27,102.9,149.16,144.9,166.74,165.11,129.3,123.45,79.35,82.7,40.93,1.47,27.08,1.79,0.39,0,0.746,95.0,flight,elite,Great form! Maintain position.,48
SES_CRI_ELI_0016,athlete_73,1921,cricket_bat,109.74,116.98,137.78,139.87,81.22,82.8,150.6,153.96,75.55,86.09,22.91,1.45,35.74,1.94,0.43,0,0.796,93.9,setup,elite,Hold this form.,64
SES_CRI_AVE_0018,athlete_33,2246,cricket_bat,141.06,146.01,155.69,154.46,105.56,111.64,166.34,154.39,80.29,89.01,45.65,0.2,16.78,4.95,0.41,0,0.707,62.8,flight,average,Activate core more.,74
SES_JAV_POO_0015,athlete_28,1832,javelin,143.65,152.75,178,168.29,114.04,145.52,164.85,152.79,66.44,68.67,48.02,1.63,30.33,3.74,0.48,0,0.565,30.6,setup,poor,LOWER HIPS!,61
SES_SPR_AVE_0010,athlete_04,1246,sprint,79.15,83.52,114.12,117.4,93.33,92.9,97.83,111.15,97.55,83.29,25.04,2.26,17.05,4.37,0.56,0,0.775,66.0,descent,average,Lower your hips.,41
SES_SPR_AVE_0010,athlete_67,1267,sprint,63.3,69.46,120.26,115.59,85.95,103.62,115.51,107.23,84.03,77.36,29.92,1.85,28.51,1.34,0.4,0,0.759,65.9,setup,average,Lower your hips.,42
SES_JAV_AVE_0014,athlete_52,1693,javelin,118.52,133.16,152.12,159.0,143.69,148.36,140.57,150.64,85.83,78.23,49.0,0,29.45,0.4,0.41,0,0.629,67.0,descent,average,Lower your hips.,56
SES_SNA_GOO_0005,athlete_22,631,snatch,103.61,99.9,108.71,107.56,56.2,46.63,163.81,168.66,79.82,81.49,36.44,1.84,29.67,4.16,0.43,0,0.886,81.1,setup,good,Slight asymmetry detected.,21
SES_CRI_AVE_0018,athlete_72,2264,cricket_bat,147.88,134.69,159.65,156.39,130.86,120.53,162.49,162.98,86.52,87.47,35.29,1.09,28.62,1.85,0.4,0,0.687,60.2,descent,average,Control trunk lean.,75
SES_JAV_POO_0015,athlete_10,1811,javelin,150.0,135.28,172.53,173.0,131.24,129.44,156.48,148.38,68.74,72.85,57.46,3.18,27.74,-0.11,0.37,0,0.57,55.2,descent,poor,LOWER HIPS!,60
SES_CRI_AVE_0018,athlete_59,2177,cricket_bat,145.09,153.32,153.39,165.74,106.73,123.98,170.04,163.26,89.27,79.26,36.23,3.51,36.71,4.25,0.4,0,0.679,64.5,takeoff,average,Activate core more.,72
SES_JAV_GOO_0013,athlete_67,1623,javelin,99.88,107.13,160.36,149.07,155.92,151.0,142.88,139.91,89.26,80.21,47.73,2.8,33.22,3.51,0.54,0,0.697,81.4,setup,good,Extend hips fully.,54
SES_JAV_AVE_0014,athlete_73,1764,javelin,126.05,115.08,165.83,167.55,149.28,143.06,142.09,155.39,72.04,78.44,48.75,2.63,19.34,0.28,0.43,0,0.651,56.7,flight,average,Control trunk lean.,58
SES_CRI_AVE_0018,athlete_15,2211,cricket_bat,149.48,142.62,164.73,163.38,113.62,110.55,158.09,170.13,79.0,70.56,28.78,0.11,23.44,0.01,0.47,0,0.704,66.1,takeoff,average,Activate core more.,73
SES_VER_ELI_0000,athlete_49,42,vertical_jump,97.57,92.0,90.91,85.97,66.34,58.34,128.55,120.88,82.95,79.26,17.22,4.68,33.72,-0.49,0.5,65.6,0.927,94.6,takeoff,elite,Elite biomechanics detected.,1
SES_VER_GOO_0001,athlete_46,136,vertical_jump,105.07,99.28,101.97,107.81,75.52,74.88,125.25,134.54,88.11,85.73,14.0,2.67,21.85,4.22,0.41,47.7,0.846,77.2,takeoff,good,Extend hips fully.,4
SES_CRI_AVE_0018,athlete_33,2242,cricket_bat,131.06,146.01,152.73,144.77,100.81,111.64,169.71,154.39,86.52,79.01,45.65,0.2,16.78,4.95,0.41,0,0.67,63.1,takeoff,average,Activate core more.,74
SES_VER_POO_0003,athlete_41,393,vertical_jump,123.95,128.51,130.81,138.54,88.14,88.39,142.24,139.1,68.61,79.32,33.52,1.08,32.9,5.5,0.59,9.6,0.671,49.2,setup,poor,Critical form deviation.,13
SES_VER_ELI_0000,athlete_21,20,vertical_jump,90.02,88.43,97.8,95.12,59.31,59.96,114.9,123.69,92.71,91.12,10.89,3.75,40.25,2.33,0.48,49.9,0.946,92.2,flight,elite,Great form! Maintain position.,0
SES_JAV_GOO_0013,athlete_07,1603,javelin,118.35,115.44,158.21,145.77,150.95,152.91,123.88,144.13,90.94,84.36,42.14,3.92,21.2,1.99,0.58,0,0.709,82.8,descent,good,"Good depth, push harder through the heels.",53
SES_JAV_AVE_0014,athlete_73,1745,javelin,131.8,134.46,163.0,160.13,136.24,146.79,134.53,141.67,86.58,79.23,57.31,2.63,19.34,0.28,0.43,0,0.669,57.4,setup,average,Control trunk lean.,58
SES_VER_AVE_0002,athlete_23,267,vertical_jump,109.67,113.27,113.68,120.49,71.98,86.89,152.46,135.65,70.39,74.29,21.76,1.55,37.69,-0.28,0.5,39.9,0.772,62.5,landing,average,Lower your hips.,8
SES_SNA_POO_0007,athlete_79,875,snatch,142.13,120.67,144.37,154.84,81.16,94.09,165.0,145.37,72.9,86.95,40.58,1.83,32.0,4.97,0.38,0,0.653,43.5,setup,poor,Critical form deviation.,29
SES_SPR_GOO_0009,athlete_27,1097,sprint,53.97,50.39,96.76,102.99,78.15,93.24,88.91,93.24,78.61,72.94,13.0,1.98,26.91,2.91,0.54,0,0.811,82.6,descent,good,Slight asymmetry detected.,36
SES_JAV_POO_0015,athlete_28,1851,javelin,134.91,143.17,173.64,169.29,129.57,130.22,168.78,179.65,72.42,83.61,64.19,1.63,30.33,3.74,0.48,0,0.574,32.0,takeoff,poor,LOWER HIPS!,61
SES_CRI_GOO_0017,athlete_69,2068,cricket_bat,142.35,132.32,153.03,141.84,91.42,97.48,147.53,139.17,79.29,84.84,22.88,2.76,28.84,4.74,0.53,0,0.737,82.7,flight,good,Slight asymmetry detected.,68
SES_SPR_GOO_0009,athlete_08,1167,sprint,60.96,52.7,106.29,102.07,76.4,91.34,87.29,100.18,79.03,76.82,23.85,0,22.24,0.22,0.41,0,0.797,84.4,takeoff,good,"Good depth, push harder through the heels.",38
SES_CRI_AVE_0018,athlete_72,2250,cricket_bat,141.39,148.66,153.02,172.55,149.64,113.11,167.27,167.19,109.67,80.16,35.32,1.09,28.62,1.85,0.4,0,0.671,62.0,setup,average,Control trunk lean.,75
SES_SNA_GOO_0005,athlete_29,696,snatch,102.29,100.2,110.68,117.47,41.21,49.41,180,166.28,87.2,85.53,32.73,5.61,24.9,1.64,0.48,0,0.875,87.8,descent,good,Extend hips fully.,23
SES_CRI_POO_0019,athlete_38,2334,cricket_bat,158.38,151.9,168.6,163.62,125.64,133.1,174.41,169.11,83.15,81.77,34.8,1.56,20.79,1.4,0.53,0,0.599,31.2,flight,poor,Work on symmetry.,77
SES_SNA_AVE_0006,athlete_29,839,snatch,110.12,111.96,129.14,107.98,68.42,61.8,150.88,167.33,87.87,85.34,40.6,1.24,26.33,-0.49,0.41,0,0.766,64.4,landing,average,Control trunk lean.,27
SES_JAV_POO_0015,athlete_47,1889,javelin,142.58,144.43,170.77,161.05,131.81,128.43,172.06,169.33,68.39,63.31,65.52,4.82,22.78,-0.61,0.3,0,0.579,42.8,flight,poor,Critical form deviation.,62
SES_JAV_GOO_0013,athlete_07,1599,javelin,111.76,118.22,158.21,155.77,160.95,159.67,133.88,136.16,91.51,79.24,41.46,3.92,21.2,1.99,0.58,0,0.718,83.8,descent,good,"Good depth, push harder through the heels.",53
SES_SPR_POO_0011,athlete_29,1437,sprint,89.23,88.51,138.93,145.13,104.26,89.17,130.09,137.06,100.12,83.32,41.74,1.78,12.02,4.96,0.53,0,0.704,36.1,takeoff,poor,Critical form deviation.,47
SES_SNA_GOO_0005,athlete_28,687,snatch,95.03,92.23,103.06,111.75,49.17,48.1,173.75,173.12,76.33,87.8,24.43,1.08,29.28,4.84,0.57,0,0.866,84.4,landing,good,"Good depth, push harder through the heels.",22
SES_SNA_POO_0007,athlete_11,907,snatch,129.78,128.65,146.36,149.41,89.49,73.17,129.91,147.81,68.3,63.51,37.25,2.14,29.83,1.47,0.37,0,0.711,44.3,descent,poor,Work on symmetry.,30
SES_JAV_ELI_0012,athlete_68,1540,javelin,110.04,99.58,145.76,147.27,164.07,176.8,142.52,119.67,91.31,83.96,33.29,2.6,37.36,-1.48,0.52,0,0.748,94.1,descent,elite,Great form! Maintain position.,51
SES_JAV_ELI_0012,athlete_68,1557,javelin,108.47,106.41,155.6,152.43,172.05,174.98,124.13,138.09,87.45,80.61,41.81,2.6,37.36,-1.48,0.52,0,0.768,96.7,flight,elite,Great form! Maintain position.,51
SES_SNA_AVE_0006,athlete_29,835,snatch,100.12,109.1,119.14,115.22,69.31,59.27,156.13,177.33,88.31,79.31,38.49,1.24,26.33,-0.49,0.41,0,0.783,64.4,landing,average,Control trunk lean.,27
SES_JAV_POO_0015,athlete_04,1915,javelin,145.42,144.75,161.1,177.09,138.14,129.63,165.34,150.15,68.21,74.54,68.52,1.91,22.23,2.77,0.47,0,0.569,27.4,flight,poor,Work on symmetry.,63
SES_SNA_ELI_0004,athlete_14,599,snatch,86.39,93.43,103.49,101.69,48.79,36.94,179.51,176.96,87.6,87.49,20.42,1.28,40.29,3.03,0.44,0,0.92,94.2,landing,elite,Great form! Maintain position.,19
SES_VER_ELI_0000,athlete_70,64,vertical_jump,91.92,92.11,100.63,97.4,61.85,53.87,127.88,132.74,92.45,83.38,15.44,0.25,28.33,2.73,0.46,77.0,0.95,90.8,setup,elite,Hold this form.,2
SES_VER_POO_0003,athlete_61,372,vertical_jump,123.84,129.99,148.1,142.0,102.38,83.33,145.31,141.21,69.46,57.09,29.83,0.87,26.15,-1.22,0.45,17.9,0.673,38.9,takeoff,poor,Critical form deviation.,12
SES_CRI_AVE_0018,athlete_72,2278,cricket_bat,156.67,145.76,153.74,157.65,105.24,105.12,158.44,161.4,92.15,77.74,36.28,1.09,28.62,1.85,0.4,0,0.691,60.1,flight,average,Control trunk lean.,75
SES_VER_GOO_0001,athlete_79,219,vertical_jump,103.33,106.72,111.17,97.49,76.49,59.64,135.21,121.72,83.14,82.15,21.05,1.96,23.98,1.93,0.46,37.9,0.833,78.7,descent,good,Slight asymmetry detected.,7
SES_VER_GOO_0001,athlete_46,128,vertical_jump,105.41,104.36,108.04,101.63,61.16,72.39,141.83,131.87,85.59,80.82,16.41,2.67,21.85,4.22,0.41,47.7,0.859,77.4,descent,good,Extend hips fully.,4
SES_CRI_POO_0019,athlete_25,2281,cricket_bat,169.71,175,163.7,164.66,135.71,122.65,180,161.48,78.49,72.61,52.19,4.06,24.64,1.83,0.39,0,0.609,36.4,setup,poor,Critical form deviation.,76
SES_CRI_ELI_0016,athlete_64,2009,cricket_bat,129.25,110.31,151.99,130.88,85.71,82.17,140.62,143.52,93.13,88.29,24.31,2.29,48.83,2.19,0.45,0,0.734,98.5,flight,elite,Hold this form.,66
SES_CRI_GOO_0017,athlete_15,2103,cricket_bat,131.59,140.92,150.68,148.9,87.69,105.54,164.59,156.05,84.38,88.83,23.11,0.97,12.01,-2.16,0.36,0,0.755,82.6,setup,good,Slight asymmetry detected.,70
SES_CRI_POO_0019,athlete_38,2329,cricket_bat,153.38,162.2,168.31,158.62,110.64,134.28,169.41,174.11,78.15,95.22,49.8,1.56,20.79,1.4,0.53,0,0.585,31.1,takeoff,poor,Work on symmetry.,77
SES_CRI_ELI_0016,athlete_73,1924,cricket_bat,117.07,115.94,139.93,135.0,96.22,87.8,135.6,145.12,80.55,95.86,21.79,1.45,35.74,1.94,0.43,0,0.807,94.3,setup,elite,Hold this form.,64
SES_VER_AVE_0002,athlete_29,305,vertical_jump,123.32,111.96,108.88,121.35,57.28,82.91,160.0,146.41,83.23,82.16,25.86,0.52,14.14,-2.09,0.44,42.1,0.738,69.7,setup,average,Activate core more.,10
SES_SNA_AVE_0006,athlete_29,812,snatch,123.09,115.87,128.5,134.43,81.26,54.05,146.77,162.55,84.65,81.32,43.09,1.24,26.33,-0.49,0.41,0,0.789,64.7,setup,average,Control trunk lean.,27
SES_CRI_POO_0019,athlete_25,2300,cricket_bat,151.3,156.02,154.24,168.17,125.88,138.19,170.0,170.0,83.94,81.73,63.86,4.06,24.64,1.83,0.39,0,0.584,34.2,takeoff,poor,Critical form deviation.,76
SES_JAV_AVE_0014,athlete_66,1783,javelin,126.71,120.51,156.96,162.42,138.81,142.6,141.63,154.52,82.53,71.24,54.87,1.12,29.98,1.94,0.39,0,0.655,56.5,descent,average,Control trunk lean.,59
SES_JAV_ELI_0012,athlete_39,1483,javelin,109.72,103.72,147.71,144.82,172.12,168.03,121.81,133.68,83.85,74.54,37.47,3.11,36.26,1.08,0.56,0,0.758,94.0,descent,elite,Great form! Maintain position.,49
SES_CRI_GOO_0017,athlete_15,2125,cricket_bat,133.41,133.01,151.76,148.11,94.13,93.83,151.71,164.0,84.22,86.96,27.96,0.97,12.01,-2.16,0.36,0,0.772,83.4,flight,good,Slight asymmetry detected.,70
SES_SPR_GOO_0009,athlete_16,1171,sprint,59.09,62.82,99.54,112.87,67.39,90.11,110.8,108.18,82.81,74.33,22.36,0.62,14.63,2.24,0.49,0,0.791,80.3,setup,good,"Good depth, push harder through the heels.",39
SES_SPR_AVE_0010,athlete_49,1312,sprint,78.15,71.72,133.15,119.62,85.28,106.17,109.78,109.19,84.64,84.74,16.51,0.95,27.31,6.44,0.43,0,0.745,70.4,takeoff,average,Control trunk lean.,43
SES_SPR_POO_0011,athlete_29,1424,sprint,87.06,88.8,120.24,134.91,95.32,108.25,122.55,142.06,99.1,92.14,30.55,1.78,12.02,4.96,0.53,0,0.677,35.8,descent,poor,Critical form deviation.,47
SES_SNA_AVE_0006,athlete_29,823,snatch,112.47,110.87,108.66,126.88,59.97,71.36,154.03,155.75,78.45,77.67,37.91,1.24,26.33,-0.49,0.41,0,0.765,65.2,takeoff,average,Control trunk lean.,27
SES_VER_ELI_0000,athlete_21,29,vertical_jump,91.3,95.46,98.81,88.93,70.48,54.96,121.89,112.79,93.16,84.6,10.23,3.75,40.25,2.33,0.48,49.9,0.916,93.5,landing,elite,Great form! Maintain position.,0
SES_SPR_GOO_0009,athlete_16,1183,sprint,57.13,60.92,110.36,101.04,85.01,92.34,91.5,93.49,75.64,79.08,23.37,0.62,14.63,2.24,0.49,0,0.805,82.1,descent,good,"Good depth, push harder through the heels.",39
SES_SPR_POO_0011,athlete_55,1379,sprint,89.31,86.41,135.53,137.95,98.75,108.43,111.99,135.37,101.11,87.78,36.39,1.53,22.2,7.52,0.52,0,0.705,28.8,takeoff,poor,LOWER HIPS!,45
SES_SPR_ELI_0008,athlete_61,1053,sprint,48.62,52.86,85.76,85.65,80.88,79.07,90.06,90.69,76.33,73.32,13.35,3.43,35.85,2.18,0.64,0,0.873,100,setup,elite,Hold this form.,35
SES_SNA_POO_0007,athlete_43,933,snatch,128.08,136.23,156.31,147.83,90.59,74.31,134.93,178.53,75.07,71.62,52.8,3.11,12.22,5.96,0.37,0,0.685,32.9,setup,poor,LOWER HIPS!,31
SES_JAV_AVE_0014,athlete_52,1698,javelin,124.46,132.64,161.32,164.0,138.69,137.49,132.71,153.35,80.59,80.93,42.31,0,29.45,0.4,0.41,0,0.655,67.2,takeoff,average,Lower your hips.,56
SES_SNA_POO_0007,athlete_54,843,snatch,135.52,132.29,125.06,150.35,89.8,77.67,117.87,141.89,61.36,86.06,47.04,3.09,29.02,3.78,0.43,0,0.652,44.1,setup,poor,Work on symmetry.,28
SES_SPR_AVE_0010,athlete_32,1208,sprint,77.12,82.77,126.61,123.41,89.24,93.49,104.57,100.08,80.86,86.8,23.97,1.97,20.64,0.35,0.51,0,0.77,60.8,setup,average,Control trunk lean.,40
SES_JAV_POO_0015,athlete_10,1809,javelin,150.0,145.28,172.53,163.0,121.24,136.49,146.48,148.38,75.47,66.78,57.46,3.18,27.74,-0.11,0.37,0,0.574,55.1,descent,poor,LOWER HIPS!,60
SES_SPR_ELI_0008,athlete_41,991,sprint,51.19,46.48,88.19,87.17,82.19,68.22,76.16,102.68,65.4,66.42,10.04,1.95,22.47,7.38,0.51,0,0.869,93.3,setup,elite,Great form! Maintain position.,33
SES_JAV_GOO_0013,athlete_67,1640,javelin,115.45,103.99,152.52,164.01,166.37,162.66,144.58,142.46,87.75,84.16,47.67,2.8,33.22,3.51,0.54,0,0.688,82.4,takeoff,good,Extend hips fully.,54
SES_JAV_ELI_0012,athlete_49,1443,javelin,104.56,109.47,150.36,146.06,170.99,168.17,122.11,126.28,79.14,89.6,31.59,1.47,27.08,1.79,0.39,0,0.757,95.0,setup,elite,Great form! Maintain position.,48
SES_SPR_POO_0011,athlete_75,1332,sprint,99.98,86.88,132.2,132.71,113.37,109.13,124.23,115.29,95.68,83.85,39.62,5.1,21.29,-1.57,0.41,0,0.68,45.7,descent,poor,Work on symmetry.,44
SES_VER_POO_0003,athlete_19,422,vertical_jump,125.07,132.87,131.69,155.22,93.68,92.47,170.0,130.97,66.09,77.16,33.97,1.73,29.0,-2.4,0.51,24.0,0.628,38.0,setup,poor,Critical form deviation.,14
SES_SNA_GOO_0005,athlete_43,625,snatch,98.27,87.33,118.07,118.39,48.51,45.58,165.83,180,83.99,85.88,23.73,0,19.66,0.14,0.6,0,0.866,79.0,landing,good,Extend hips fully.,20
SES_SNA_GOO_0005,athlete_29,691,snatch,89.95,99.48,115.68,115.57,54.41,37.67,180,165.67,88.95,81.19,17.73,5.61,24.9,1.64,0.48,0,0.868,87.4,setup,good,Extend hips fully.,23
SES_JAV_GOO_0013,athlete_50,1561,javelin,107.01,132.13,164.34,159.72,138.35,158.25,144.46,143.51,90.32,75.08,27.95,2.9,45.79,3.05,0.55,0,0.661,74.9,setup,good,"Good depth, push harder through the heels.",52
SES_CRI_ELI_0016,athlete_73,1923,cricket_bat,119.74,120.94,137.93,140.0,91.22,82.8,140.6,150.12,85.55,90.86,18.86,1.45,35.74,1.94,0.43,0,0.812,94.2,setup,elite,Hold this form.,64
SES_CRI_POO_0019,athlete_25,2306,cricket_bat,167.13,162.27,159.83,158.17,135.88,128.19,160.0,158.41,80.36,80.19,63.32,4.06,24.64,1.83,0.39,0,0.608,34.2,flight,poor,Critical form deviation.,76
SES_SPR_AVE_0010,athlete_67,1271,sprint,67.6,68.1,124.93,110.09,85.95,103.62,105.51,124.13,82.09,77.36,30.96,1.85,28.51,1.34,0.4,0,0.762,66.4,descent,average,Lower your hips.,42
SES_SNA_AVE_0006,athlete_23,758,snatch,113.31,110.27,123.19,126.51,76.44,75.63,146.65,164.69,81.85,81.19,23.05,1.02,17.89,-0.36,0.51,0,0.804,57.7,descent,average,Lower your hips.,25
SES_SPR_POO_0011,athlete_55,1371,sprint,104.48,84.66,135.53,138.8,103.37,101.76,116.6,125.48,81.11,96.0,55.24,1.53,22.2,7.52,0.52,0,0.656,29.6,takeoff,poor,LOWER HIPS!,45
SES_SNA_POO_0007,athlete_43,946,snatch,120.42,118.19,140.66,141.41,73.78,81.74,137.28,155.05,71.82,63.66,49.23,3.11,12.22,5.96,0.37,0,0.713,33.0,takeoff,poor,LOWER HIPS!,31
SES_VER_ELI_0000,athlete_21,3,vertical_jump,86.19,92.24,92.67,95.61,67.22,61.59,123.71,121.47,98.31,83.94,9.2,3.75,40.25,2.33,0.48,49.9,0.929,91.1,setup,elite,Great form! Maintain position.,0
SES_VER_POO_0003,athlete_61,364,vertical_jump,139.86,137.37,150.85,146.18,95.07,67.11,157.22,139.21,60.19,68.84,46.49,0.87,26.15,-1.22,0.45,17.9,0.685,38.6,setup,poor,Critical form deviation.,12
SES_CRI_POO_0019,athlete_25,2291,cricket_bat,149.11,161.28,173.35,164.87,127.74,113.24,180,174.75,77.48,76.73,43.58,4.06,24.64,1.83,0.39,0,0.581,36.0,descent,poor,Critical form deviation.,76
SES_SNA_ELI_0004,athlete_14,582,snatch,87.14,88.81,109.24,102.86,41.83,47.55,179.19,176.21,87.84,95.96,24.94,1.28,40.29,3.03,0.44,0,0.927,94.9,takeoff,elite,Great form! Maintain position.,19
SES_SPR_ELI_0008,athlete_41,1010,sprint,44.36,38.67,91.12,86.86,72.34,70.18,95.53,96.98,66.59,74.94,11.76,1.95,22.47,7.38,0.51,0,0.847,93.6,takeoff,elite,Great form! Maintain position.,33
SES_CRI_AVE_0018,athlete_15,2195,cricket_bat,137.51,151.09,153.99,159.5,110.75,107.63,161.75,168.17,79.31,82.43,48.71,0.11,23.44,0.01,0.47,0,0.68,67.8,setup,average,Activate core more.,73
SES_CRI_GOO_0017,athlete_65,2154,cricket_bat,116.82,133.93,156.51,151.25,95.48,97.11,160.51,157.33,84.21,88.28,23.38,1.17,24.6,4.25,0.43,0,0.726,83.3,flight,good,"Good depth, push harder through the heels.",71
SES_VER_POO_0003,athlete_61,383,vertical_jump,121.31,142.78,142.04,137.24,86.88,89.02,138.68,140.25,59.97,77.52,36.82,0.87,26.15,-1.22,0.45,17.9,0.637,38.3,flight,poor,Critical form deviation.,12
SES_CRI_ELI_0016,athlete_73,1929,cricket_bat,116.74,123.53,138.78,139.72,86.24,98.18,144.98,151.04,85.7,89.92,14.33,1.45,35.74,1.94,0.43,0,0.801,93.5,descent,elite,Hold this form.,64
SES_JAV_AVE_0014,athlete_60,1710,javelin,137.96,139.23,178,142.04,121.24,140.41,140.33,168.71,102.34,97.6,42.29,3.8,21.97,3.08,0.59,0,0.617,67.7,setup,average,Activate core more.,57
SES_CRI_ELI_0016,athlete_76,2024,cricket_bat,118.07,124.58,137.12,139.56,80.85,87.12,135.8,144.52,95.56,84.67,20.72,2.15,51.96,3.27,0.46,0,0.798,95.0,descent,elite,Hold this form.,67
SES_SPR_AVE_0010,athlete_32,1219,sprint,71.5,66.02,132.78,115.87,99.35,96.42,97.93,115.48,85.35,91.8,27.86,1.97,20.64,0.35,0.51,0,0.739,60.4,descent,average,Control trunk lean.,40
SES_SNA_POO_0007,athlete_11,914,snatch,130.13,120.48,141.77,143.52,74.49,78.19,128.27,142.05,74.27,76.94,46.74,2.14,29.83,1.47,0.37,0,0.694,44.7,takeoff,poor,Work on symmetry.,30
SES_JAV_POO_0015,athlete_47,1874,javelin,142.24,142.7,164.21,160.89,131.06,123.56,152.25,161.73,80.43,60.09,45.89,4.82,22.78,-0.61,0.3,0,0.593,42.1,descent,poor,Critical form deviation.,62
SES_JAV_GOO_0013,athlete_32,1651,javelin,112.7,124.42,147.9,145.59,169.32,164.3,146.46,126.64,99.37,89.58,56.6,2.86,21.56,-0.94,0.54,0,0.704,81.2,setup,good,"Good depth, push harder through the heels.",55
SES_VER_GOO_0001,athlete_52,150,vertical_jump,108.14,96.86,91.27,108.24,81.82,80.62,124.8,158.81,64.27,82.45,11.7,4.13,17.4,-1.83,0.55,44.6,0.802,81.0,setup,good,Extend hips fully.,5
SES_JAV_GOO_0013,athlete_32,1658,javelin,121.24,124.75,153.24,145.76,155.41,165.69,134.53,139.06,88.55,85.02,42.37,2.86,21.56,-0.94,0.54,0,0.717,81.1,descent,good,"Good depth, push harder through the heels.",55
SES_CRI_GOO_0017,athlete_65,2146,cricket_bat,126.04,126.98,141.95,140.44,85.48,99.66,161.57,157.33,86.63,87.88,28.56,1.17,24.6,4.25,0.43,0,0.775,82.5,takeoff,good,"Good depth, push harder through the heels.",71
SES_CRI_POO_0019,athlete_25,2283,cricket_bat,159.71,165.0,160.04,164.66,135.31,122.65,170.58,166.46,78.49,78.82,45.75,4.06,24.64,1.83,0.39,0,0.601,35.7,setup,poor,Critical form deviation.,76
SES_JAV_AVE_0014,athlete_66,1785,javelin,126.71,130.51,166.96,162.55,145.64,142.6,142.62,144.52,82.53,71.24,57.04,1.12,29.98,1.94,0.39,0,0.663,57.1,takeoff,average,Control trunk lean.,59
SES_JAV_GOO_0013,athlete_67,1622,javelin,94.88,102.13,162.92,154.07,151.41,155.2,147.88,144.91,94.26,75.21,50.66,2.8,33.22,3.51,0.54,0,0.701,81.4,setup,good,Extend hips fully.,54
SES_VER_ELI_0000,athlete_49,47,vertical_jump,89.58,97.4,87.73,93.4,62.71,53.99,133.55,125.6,92.31,82.78,10.99,4.68,33.72,-0.49,0.5,65.6,0.914,93.7,takeoff,elite,Elite biomechanics detected.,1
SES_SPR_POO_0011,athlete_55,1358,sprint,96.99,87.99,135.49,142.21,97.61,103.88,131.6,139.4,108.44,94.72,45.52,1.53,22.2,7.52,0.52,0,0.677,29.7,setup,poor,LOWER HIPS!,45
SES_CRI_AVE_0018,athlete_33,2233,cricket_bat,144.36,146.6,155.38,156.81,98.69,107.29,175.0,162.33,93.72,79.98,37.41,0.2,16.78,4.95,0.41,0,0.713,62.5,descent,average,Activate core more.,74
SES_VER_GOO_0001,athlete_46,122,vertical_jump,108.75,101.32,100.19,106.57,55.84,75.82,141.31,131.87,84.56,96.47,10.68,2.67,21.85,4.22,0.41,47.7,0.84,77.8,setup,good,Extend hips fully.,4
SES_VER_AVE_0002,athlete_13,330,vertical_jump,99.83,109.78,132.06,119.5,68.26,76.45,113.21,131.66,82.36,89.66,38.1,1.86,26.22,-0.99,0.57,41.1,0.744,65.5,setup,average,Lower your hips.,11
SES_JAV_ELI_0012,athlete_39,1486,javelin,99.41,100.98,151.85,145.69,172.65,159.35,127.91,124.61,88.85,87.38,30.26,3.11,36.26,1.08,0.56,0,0.763,93.8,takeoff,elite,Great form! Maintain position.,49
SES_CRI_POO_0019,athlete_38,2324,cricket_bat,158.38,156.75,156.89,173.62,117.3,129.37,155.0,170.58,74.18,80.22,48.64,1.56,20.79,1.4,0.53,0,0.585,30.8,descent,poor,Work on symmetry.,77
SES_JAV_AVE_0014,athlete_60,1722,javelin,133.51,133.77,162.86,164.67,137.85,146.35,140.33,161.54,74.9,83.84,51.83,3.8,21.97,3.08,0.59,0,0.676,65.7,descent,average,Activate core more.,57
SES_JAV_ELI_0012,athlete_68,1532,javelin,93.64,103.14,147.32,141.73,168.79,169.45,138.21,140.12,93.29,89.0,37.2,2.6,37.36,-1.48,0.52,0,0.738,93.6,setup,elite,Great form! Maintain position.,51
SES_CRI_POO_0019,athlete_62,2351,cricket_bat,171.79,167.21,152.02,151.58,112.04,122.72,174.92,165.59,77.45,75.34,54.03,1.68,42.82,-3.36,0.41,0,0.611,32.3,descent,poor,Work on symmetry.,78
SES_VER_POO_0003,athlete_61,387,vertical_jump,132.74,140.7,130.19,130.03,96.78,89.02,138.68,143.5,64.31,67.52,38.73,0.87,26.15,-1.22,0.45,17.9,0.682,38.8,landing,poor,Critical form deviation.,12
SES_SNA_GOO_0005,athlete_28,675,snatch,95.18,92.65,100.14,109.77,55.97,53.85,164.8,170.0,90.36,88.25,33.3,1.08,29.28,4.84,0.57,0,0.863,84.5,takeoff,good,"Good depth, push harder through the heels.",22
SES_SPR_ELI_0008,athlete_13,974,sprint,38.74,52.23,92.99,99.99,86.54,77.36,98.08,91.19,76.44,73.89,13.02,2.45,40.04,4.42,0.44,0,0.773,93.3,descent,elite,Great form! Maintain position.,32
SES_VER_ELI_0000,athlete_79,93,vertical_jump,96.92,89.22,92.25,98.95,61.27,53.52,125.51,119.83,91.38,90.51,8.78,0.86,31.29,1.49,0.51,63.6,0.914,90.8,setup,elite,Hold this form.,3
SES_JAV_ELI_0012,athlete_53,1524,javelin,109.46,104.86,156.74,148.91,175.25,168.92,132.82,120.94,81.97,84.11,39.1,0.72,20.53,-0.49,0.53,0,0.752,93.6,flight,elite,Great form! Maintain position.,50
SES_VER_AVE_0002,athlete_29,328,vertical_jump,120.21,121.43,111.79,123.32,99.42,86.94,139.79,125.62,77.68,64.85,28.95,0.52,14.14,-2.09,0.44,42.1,0.766,70.1,landing,average,Activate core more.,10
SES_SNA_POO_0007,athlete_54,865,snatch,126.51,127.41,152.11,144.0,75.16,77.83,143.86,142.89,74.95,69.65,54.6,3.09,29.02,3.78,0.43,0,0.702,41.9,landing,poor,Work on symmetry.,28
SES_SNA_POO_0007,athlete_79,891,snatch,137.9,126.06,146.68,137.45,83.48,71.01,159.9,145.37,69.74,74.81,36.66,1.83,32.0,4.97,0.38,0,0.675,42.3,flight,poor,Critical form deviation.,29
SES_CRI_GOO_0017,athlete_15,2121,cricket_bat,113.41,126.36,152.8,150.39,101.53,103.83,158.88,160.07,88.01,89.05,33.2,0.97,12.01,-2.16,0.36,0,0.741,83.6,takeoff,good,Slight asymmetry detected.,70
SES_JAV_POO_0015,athlete_04,1919,javelin,149.83,145.91,166.98,173.71,148.14,139.63,159.4,150.15,68.21,72.57,64.86,1.91,22.23,2.77,0.47,0,0.58,26.6,flight,poor,Work on symmetry.,63
SES_JAV_POO_0015,athlete_47,1871,javelin,147.24,151.85,159.96,165.89,136.06,125.12,151.68,156.73,82.52,73.2,57.09,4.82,22.78,-0.61,0.3,0,0.579,42.3,descent,poor,Critical form deviation.,62
SES_SNA_POO_0007,athlete_11,905,snatch,130.68,129.67,146.36,159.41,89.49,81.73,139.91,147.81,74.48,73.51,37.25,2.14,29.83,1.47,0.37,0,0.691,44.2,setup,poor,Work on symmetry.,30
SES_VER_GOO_0001,athlete_52,155,vertical_jump,96.14,102.25,104.35,100.78,75.91,64.62,129.8,135.85,84.55,89.2,17.09,4.13,17.4,-1.83,0.55,44.6,0.851,81.1,setup,good,Extend hips fully.,5
SES_SNA_POO_0007,athlete_79,874,snatch,137.13,125.67,139.37,149.84,86.16,99.09,170.0,147.26,77.9,81.95,35.58,1.83,32.0,4.97,0.38,0,0.672,43.8,setup,poor,Critical form deviation.,29
SES_CRI_GOO_0017,athlete_65,2155,cricket_bat,121.82,138.93,161.51,146.25,99.28,100.6,162.75,152.33,83.97,88.78,25.6,1.17,24.6,4.25,0.43,0,0.71,82.8,flight,good,"Good depth, push harder through the heels.",71
SES_SNA_ELI_0004,athlete_35,543,snatch,92.73,92.04,98.03,107.79,40.49,42.39,179.49,174.77,93.47,87.33,20.74,3.24,49.53,0.28,0.53,0,0.918,96.5,setup,elite,Elite biomechanics detected.,18
SES_SPR_ELI_0008,athlete_61,1077,sprint,45.16,48.12,86.14,89.69,79.54,70.57,91.13,94.2,70.3,75.59,8.74,3.43,35.85,2.18,0.64,0,0.868,98.5,takeoff,elite,Hold this form.,35
SES_SNA_AVE_0006,athlete_29,836,snatch,105.12,114.1,124.14,120.22,64.31,63.3,151.13,172.33,83.31,74.31,33.49,1.24,26.33,-0.49,0.41,0,0.785,64.7,landing,average,Control trunk lean.,27
SES_JAV_ELI_0012,athlete_39,1485,javelin,104.41,105.98,147.71,144.82,167.65,162.88,131.81,129.61,83.85,84.54,33.1,3.11,36.26,1.08,0.56,0,0.77,94.3,takeoff,elite,Great form! Maintain position.,49
SES_CRI_AVE_0018,athlete_59,2168,cricket_bat,150.49,145.4,140.55,160.3,112.53,118.51,144.16,159.95,88.87,83.73,36.78,3.51,36.71,4.25,0.4,0,0.668,64.3,descent,average,Activate core more.,72
SES_CRI_GOO_0017,athlete_65,2139,cricket_bat,124.28,117.24,138.34,157.63,100.34,107.21,156.57,157.24,86.79,88.82,27.12,1.17,24.6,4.25,0.43,0,0.721,81.7,descent,good,"Good depth, push harder through the heels.",71
SES_JAV_AVE_0014,athlete_73,1755,javelin,125.31,121.75,161.71,161.87,154.28,144.72,144.53,152.93,76.99,78.51,57.05,2.63,19.34,0.28,0.43,0,0.671,57.9,takeoff,average,Control trunk lean.,58
SES_SNA_AVE_0006,athlete_29,811,snatch,128.09,110.87,133.5,139.43,76.26,57.61,151.77,167.55,79.65,76.32,48.09,1.24,26.33,-0.49,0.41,0,0.766,64.8,setup,average,Control trunk lean.,27
SES_JAV_POO_0015,athlete_28,1844,javelin,159.91,150.46,168.33,175.4,130.58,128.82,158.3,147.62,67.59,68.11,61.4,1.63,30.33,3.74,0.48,0,0.57,31.3,descent,poor,LOWER HIPS!,61
SES_SNA_ELI_0004,athlete_14,595,snatch,83.64,91.39,105.31,96.14,41.02,36.07,178.99,178.47,96.17,88.55,24.94,1.28,40.29,3.03,0.44,0,0.896,95.1,landing,elite,Great form! Maintain position.,19
SES_SNA_POO_0007,athlete_54,844,snatch,130.52,127.29,125.78,146.08,84.8,72.67,120.3,136.89,56.36,81.06,51.39,3.09,29.02,3.78,0.43,0,0.664,43.6,setup,poor,Work on symmetry.,28
SES_SPR_POO_0011,athlete_75,1323,sprint,92.35,85.68,128.0,125.37,141.25,108.32,125.23,115.27,89.62,92.53,28.24,5.1,21.29,-1.57,0.41,0,0.692,44.5,setup,poor,Work on symmetry.,44
SES_VER_GOO_0001,athlete_46,123,vertical_jump,103.75,103.86,105.19,101.57,60.84,77.6,136.31,126.87,89.56,91.47,15.68,2.67,21.85,4.22,0.41,47.7,0.869,77.4,setup,good,Extend hips fully.,4
SES_SPR_GOO_0009,athlete_16,1185,sprint,61.41,56.51,100.36,99.66,95.01,86.59,91.5,85.96,75.64,69.08,24.21,0.62,14.63,2.24,0.49,0,0.824,82.3,descent,good,"Good depth, push harder through the heels.",39
SES_CRI_POO_0019,athlete_48,2388,cricket_bat,161.1,159.6,161.27,156.14,136.53,123.35,174.33,166.64,83.69,76.63,58.93,2.94,17.15,5.67,0.57,0,0.608,49.7,takeoff,poor,Critical form deviation.,79
SES_SNA_GOO_0005,athlete_22,644,snatch,86.8,95.57,114.84,98.05,56.16,62.77,173.26,163.11,85.54,83.46,25.89,1.84,29.67,4.16,0.43,0,0.826,80.0,takeoff,good,Slight asymmetry detected.,21
SES_JAV_POO_0015,athlete_04,1898,javelin,141.31,148.52,160.49,164.26,125.02,124.63,177.57,158.6,67.16,87.89,53.23,1.91,22.23,2.77,0.47,0,0.578,28.2,descent,poor,Work on symmetry.,63
SES_SNA_POO_0007,athlete_11,911,snatch,138.53,125.68,146.77,139.53,89.49,73.17,123.27,157.05,68.3,72.57,37.25,2.14,29.83,1.47,0.37,0,0.677,44.5,descent,poor,Work on symmetry.,30
SES_CRI_ELI_0016,athlete_64,2004,cricket_bat,114.91,121.25,139.44,138.98,84.47,92.3,145.62,138.52,84.84,92.55,14.27,2.29,48.83,2.19,0.45,0,0.802,97.2,flight,elite,Hold this form.,66
SES_JAV_ELI_0012,athlete_53,1505,javelin,105.66,97.22,142.11,150.85,172.99,166.64,132.23,133.15,78.9,80.99,37.7,0.72,20.53,-0.49,0.53,0,0.738,93.3,setup,elite,Great form! Maintain position.,50
SES_VER_POO_0003,athlete_41,392,vertical_jump,128.95,123.51,125.81,133.54,83.14,93.39,137.24,134.1,63.61,74.32,28.52,1.08,32.9,5.5,0.59,9.6,0.669,49.2,setup,poor,Critical form deviation.,13
SES_SNA_ELI_0004,athlete_14,590,snatch,87.14,90.34,98.16,91.14,39.37,37.96,177.27,180,81.17,99.35,18.91,1.28,40.29,3.03,0.44,0,0.918,95.1,flight,elite,Great form! Maintain position.,19
SES_SPR_AVE_0010,athlete_04,1238,sprint,75.52,76.75,126.97,112.4,85.79,101.0,116.97,110.4,84.28,86.72,36.67,2.26,17.05,4.37,0.56,0,0.761,66.3,setup,average,Lower your hips.,41
SES_CRI_POO_0019,athlete_38,2339,cricket_bat,160.52,162.84,178,158.62,137.91,138.1,169.41,173.79,71.82,85.04,46.2,1.56,20.79,1.4,0.53,0,0.583,30.9,flight,poor,Work on symmetry.,77
SES_JAV_ELI_0012,athlete_49,1460,javelin,108.3,104.69,151.56,148.86,160.5,168.25,131.35,125.76,83.09,81.91,39.19,1.47,27.08,1.79,0.39,0,0.765,95.2,takeoff,elite,Great form! Maintain position.,48
SES_JAV_ELI_0012,athlete_53,1513,javelin,101.73,105.02,138.56,145.09,165.19,163.81,116.39,132.57,83.76,76.06,37.84,0.72,20.53,-0.49,0.53,0,0.756,93.2,descent,elite,Great form! Maintain position.,50
SES_SPR_AVE_0010,athlete_32,1211,sprint,76.38,72.84,121.61,115.18,88.34,90.07,105.34,112.25,88.95,81.8,25.71,1.97,20.64,0.35,0.51,0,0.77,60.9,descent,average,Control trunk lean.,40
SES_JAV_GOO_0013,athlete_50,1581,javelin,111.69,120.66,145.85,163.63,158.14,154.91,144.15,137.86,84.06,80.55,51.32,2.9,45.79,3.05,0.55,0,0.679,72.8,takeoff,good,"Good depth, push harder through the heels.",52
SES_VER_ELI_0000,athlete_70,67,vertical_jump,91.32,90.91,96.24,96.65,59.06,63.97,122.88,124.65,88.71,88.95,11.63,0.25,28.33,2.73,0.46,77.0,0.957,91.5,descent,elite,Hold this form.,2
SES_CRI_AVE_0018,athlete_15,2213,cricket_bat,148.37,142.62,164.73,153.38,103.62,110.55,158.09,170.13,84.43,80.03,31.53,0.11,23.44,0.01,0.47,0,0.688,65.3,flight,average,Activate core more.,73
SES_JAV_GOO_0013,athlete_50,1579,javelin,114.51,120.66,145.85,163.63,156.05,163.85,146.34,137.86,89.43,80.55,51.32,2.9,45.79,3.05,0.55,0,0.687,73.5,takeoff,good,"Good depth, push harder through the heels.",52
SES_JAV_AVE_0014,athlete_60,1724,javelin,123.51,133.77,162.44,164.67,137.85,146.35,150.33,161.54,69.81,77.74,41.83,3.8,21.97,3.08,0.59,0,0.651,65.4,descent,average,Activate core more.,57
SES_CRI_ELI_0016,athlete_44,1955,cricket_bat,115.78,121.58,133.88,136.27,81.64,82.72,134.71,143.0,94.14,89.14,17.92,0.49,26.81,2.6,0.45,0,0.8,97.2,setup,elite,Great form! Maintain position.,65
SES_VER_POO_0003,athlete_50,465,vertical_jump,139.19,149.69,139.45,139.62,67.52,89.17,165.47,136.2,59.5,65.55,42.95,0.96,34.75,4.16,0.45,15.6,0.677,34.9,takeoff,poor,Work on symmetry.,15
SES_JAV_ELI_0012,athlete_53,1522,javelin,109.46,107.49,146.74,148.91,176.4,177.3,132.82,130.94,81.34,83.09,35.01,0.72,20.53,-0.49,0.53,0,0.77,93.5,takeoff,elite,Great form! Maintain position.,50
SES_CRI_GOO_0017,athlete_65,2145,cricket_bat,127.71,121.98,143.52,135.44,90.48,104.66,156.57,162.33,85.23,92.88,23.56,1.17,24.6,4.25,0.43,0,0.75,82.1,takeoff,good,"Good depth, push harder through the heels.",71
SES_VER_POO_0003,athlete_41,413,vertical_jump,137.23,134.13,152.34,137.26,87.63,91.7,128.63,164.38,69.83,72.88,40.84,1.08,32.9,5.5,0.59,9.6,0.664,48.8,flight,poor,Critical form deviation.,13
SES_JAV_POO_0015,athlete_10,1801,javelin,170.0,156.46,163.15,173.0,145.88,140.32,126.25,142.2,78.1,69.31,67.46,3.18,27.74,-0.11,0.37,0,0.558,54.5,setup,poor,LOWER HIPS!,60
SES_CRI_AVE_0018,athlete_72,2269,cricket_bat,147.09,135.62,154.36,160.68,110.24,100.82,153.44,174.71,83.22,85.81,33.58,1.09,28.62,1.85,0.4,0,0.684,60.0,takeoff,average,Control trunk lean.,75
SES_JAV_POO_0015,athlete_04,1903,javelin,146.31,143.52,169.12,163.07,120.02,129.63,170.0,173.6,66.83,78.57,49.94,1.91,22.23,2.77,0.47,0,0.584,27.6,descent,poor,Work on symmetry.,63
SES_SPR_GOO_0009,athlete_27,1103,sprint,58.32,60.67,99.98,98.95,76.0,79.34,92.53,96.19,72.53,76.95,20.64,1.98,26.91,2.91,0.54,0,0.835,82.5,takeoff,good,Slight asymmetry detected.,36
SES_VER_ELI_0000,athlete_49,51,vertical_jump,95.85,89.91,87.62,89.84,63.88,60.71,129.34,124.81,86.99,91.39,12.55,4.68,33.72,-0.49,0.5,65.6,0.934,93.6,flight,elite,Elite biomechanics detected.,1
SES_CRI_ELI_0016,athlete_64,1994,cricket_bat,114.36,126.11,135.6,130.87,79.9,85.18,140.73,147.83,88.34,95.04,25.03,2.29,48.83,2.19,0.45,0,0.779,97.6,descent,elite,Hold this form.,66
SES_JAV_ELI_0012,athlete_39,1474,javelin,114.51,112.24,143.88,143.88,170.0,160.39,130.42,132.23,81.09,86.05,36.35,3.11,36.26,1.08,0.56,0,0.774,93.2,setup,elite,Great form! Maintain position.,49
SES_SNA_ELI_0004,athlete_27,523,snatch,93.22,89.14,103.76,93.49,40.04,43.24,175.64,178.26,87.76,91.98,17.56,0,22.75,-0.15,0.55,0,0.907,96.1,takeoff,elite,Hold this form.,17
SES_VER_AVE_0002,athlete_13,337,vertical_jump,109.14,119.79,118.65,121.15,73.26,76.38,132.12,136.66,71.01,74.66,23.1,1.86,26.22,-0.99,0.57,41.1,0.764,65.5,descent,average,Lower your hips.,11
SES_JAV_GOO_0013,athlete_67,1632,javelin,109.91,109.18,166.93,164.51,161.24,152.65,137.58,131.64,79.91,78.21,42.63,2.8,33.22,3.51,0.54,0,0.734,81.8,descent,good,Extend hips fully.,54
SES_JAV_ELI_0012,athlete_53,1503,javelin,105.66,107.22,141.75,142.22,167.53,167.88,132.23,133.15,87.24,78.6,46.5,0.72,20.53,-0.49,0.53,0,0.775,93.8,setup,elite,Great form! Maintain position.,50
SES_SPR_GOO_0009,athlete_08,1150,sprint,61.38,60.07,96.63,106.75,84.44,89.34,103.16,91.46,71.1,79.28,14.73,0,22.24,0.22,0.41,0,0.812,83.7,descent,good,"Good depth, push harder through the heels.",38
SES_CRI_AVE_0018,athlete_59,2184,cricket_bat,155.62,145.47,155.97,158.61,117.26,122.76,152.75,162.56,90.8,80.06,30.29,3.51,36.71,4.25,0.4,0,0.695,63.1,flight,average,Activate core more.,72
SES_SNA_POO_0007,athlete_54,862,snatch,121.51,127.99,157.05,148.97,76.51,82.38,138.86,144.34,69.95,74.65,49.85,3.09,29.02,3.78,0.43,0,0.689,41.9,flight,poor,Work on symmetry.,28
SES_CRI_GOO_0017,athlete_15,2107,cricket_bat,129.72,120.92,140.68,142.81,97.69,97.0,154.59,156.76,93.36,78.83,24.43,0.97,12.01,-2.16,0.36,0,0.755,82.6,setup,good,Slight asymmetry detected.,70
SES_CRI_AVE_0018,athlete_15,2201,cricket_bat,144.03,134.36,144.73,163.55,118.13,112.2,161.31,159.07,88.63,81.8,40.99,0.11,23.44,0.01,0.47,0,0.661,66.7,descent,average,Activate core more.,73
SES_SNA_ELI_0004,athlete_04,507,snatch,89.84,88.18,101.95,90.96,35.78,42.31,174.31,176.01,99.27,89.94,23.08,1.11,30.16,-2.51,0.54,0,0.912,93.0,landing,elite,Elite biomechanics detected.,16
SES_SNA_AVE_0006,athlete_11,805,snatch,104.78,103.91,116.9,118.13,58.97,71.24,170.15,153.48,80.46,87.17,45.03,2.17,24.04,5.39,0.42,0,0.814,61.9,landing,average,Activate core more.,26
SES_SNA_POO_0007,athlete_43,955,snatch,145.42,126.55,154.84,140.83,79.46,89.54,153.97,144.25,71.17,70.84,42.1,3.11,12.22,5.96,0.37,0,0.654,33.5,landing,poor,LOWER HIPS!,31
SES_SNA_AVE_0006,athlete_11,782,snatch,107.1,109.13,114.78,127.69,71.04,70.46,165.72,174.34,85.02,86.22,41.27,2.17,24.04,5.39,0.42,0,0.781,63.0,setup,average,Activate core more.,26
SES_SNA_AVE_0006,athlete_11,809,snatch,103.47,108.06,120.14,118.13,58.97,63.21,170.15,153.48,80.46,77.17,25.03,2.17,24.04,5.39,0.42,0,0.802,63.1,landing,average,Activate core more.,26
SES_SPR_GOO_0009,athlete_27,1094,sprint,63.78,52.45,101.76,103.44,83.15,89.21,98.37,105.16,83.61,67.94,21.44,1.98,26.91,2.91,0.54,0,0.792,82.3,descent,good,Slight asymmetry detected.,36
SES_VER_ELI_0000,athlete_49,45,vertical_jump,88.36,100.34,95.91,91.12,61.34,53.34,143.55,125.6,92.31,82.78,10.99,4.68,33.72,-0.49,0.5,65.6,0.904,94.2,takeoff,elite,Elite biomechanics detected.,1
SES_JAV_POO_0015,athlete_10,1825,javelin,141.03,151.64,178,173.03,128.6,135.98,169.02,163.87,70.01,68.82,53.95,3.18,27.74,-0.11,0.37,0,0.569,53.3,flight,poor,LOWER HIPS!,60
SES_SNA_AVE_0006,athlete_29,837,snatch,110.12,119.1,129.14,115.22,68.42,68.3,154.94,167.33,88.31,79.31,37.66,1.24,26.33,-0.49,0.41,0,0.763,64.7,landing,average,Control trunk lean.,27
SES_VER_GOO_0001,athlete_46,139,vertical_jump,107.73,94.28,98.39,97.49,71.44,70.9,131.87,139.54,84.29,79.45,19.0,2.67,21.85,4.22,0.41,47.7,0.84,77.2,flight,good,Extend hips fully.,4
SES_SPR_ELI_0008,athlete_23,1028,sprint,36.63,52.36,96.57,87.67,73.27,78.69,95.58,89.52,87.49,66.5,11.21,0.7,42.08,0.04,0.55,0,0.744,93.6,setup,elite,Hold this form.,34
SES_SNA_POO_0007,athlete_54,850,snatch,120.52,134.96,133.46,151.68,75.23,86.29,136.11,152.79,76.36,68.83,39.24,3.09,29.02,3.78,0.43,0,0.643,42.0,descent,poor,Work on symmetry.,28
SES_SNA_ELI_0004,athlete_14,583,snatch,92.14,83.81,104.24,97.86,45.33,42.55,180,175.56,92.62,96.64,24.4,1.28,40.29,3.03,0.44,0,0.905,95.3,takeoff,elite,Great form! Maintain position.,19
SES_SPR_AVE_0010,athlete_67,1278,sprint,64.69,68.09,122.51,127.53,90.95,101.63,115.61,114.61,86.38,80.14,37.87,1.85,28.51,1.34,0.4,0,0.772,65.6,descent,average,Lower your hips.,42
SES_CRI_AVE_0018,athlete_33,2225,cricket_bat,154.42,157.34,153.77,161.51,116.98,122.01,175.0,162.33,93.15,85.11,37.41,0.2,16.78,4.95,0.41,0,0.699,62.6,setup,average,Activate core more.,74
SES_VER_ELI_0000,athlete_21,28,vertical_jump,91.25,100.46,101.33,93.93,65.48,59.96,126.89,117.79,88.87,85.89,15.08,3.75,40.25,2.33,0.48,49.9,0.908,93.3,landing,elite,Great form! Maintain position.,0
SES_VER_GOO_0001,athlete_79,217,vertical_jump,93.87,106.72,103.47,94.51,86.49,69.64,135.21,126.45,79.03,82.15,11.05,1.96,23.98,1.93,0.46,37.9,0.813,79.3,descent,good,Slight asymmetry detected.,7
SES_CRI_ELI_0016,athlete_73,1931,cricket_bat,116.74,113.7,128.78,144.21,92.98,88.18,137.33,151.04,85.7,80.64,20.66,1.45,35.74,1.94,0.43,0,0.776,93.1,descent,elite,Hold this form.,64
SES_SNA_POO_0007,athlete_43,939,snatch,134.38,128.96,145.3,146.41,87.34,69.47,144.93,148.53,59.23,70.21,63.35,3.11,12.22,5.96,0.37,0,0.706,32.5,descent,poor,LOWER HIPS!,31
SES_SNA_POO_0007,athlete_43,954,snatch,140.42,121.55,149.84,145.83,84.46,86.63,148.97,149.25,69.45,75.84,47.1,3.11,12.22,5.96,0.37,0,0.672,33.0,landing,poor,LOWER HIPS!,31
SES_VER_GOO_0001,athlete_46,144,vertical_jump,112.73,91.83,100.34,97.17,56.44,71.95,150.91,129.78,80.75,76.38,15.54,2.67,21.85,4.22,0.41,47.7,0.815,76.9,landing,good,Extend hips fully.,4
SES_VER_POO_0003,athlete_41,417,vertical_jump,137.23,142.71,143.56,137.26,107.63,88.13,138.63,160.66,61.32,71.01,40.84,1.08,32.9,5.5,0.59,9.6,0.675,48.1,landing,poor,Critical form deviation.,13
SES_SNA_POO_0007,athlete_54,851,snatch,125.52,138.84,128.46,151.77,70.23,81.29,141.11,147.79,71.36,67.84,44.24,3.09,29.02,3.78,0.43,0,0.634,41.7,descent,poor,Work on symmetry.,28
SES_SPR_POO_0011,athlete_06,1380,sprint,88.33,120.02,136.86,120.2,111.42,86.46,147.9,147.58,85.88,59.81,49.24,0,39.96,5.21,0.45,0,0.604,33.8,setup,poor,Adjust knee alignment.,46
SES_SNA_AVE_0006,athlete_23,762,snatch,117.7,111.64,127.79,127.16,70.85,59.54,165.5,154.31,72.17,91.19,31.9,1.02,17.89,-0.36,0.51,0,0.803,57.7,takeoff,average,Lower your hips.,25
SES_SNA_AVE_0006,athlete_37,723,snatch,80.2,112.28,135.22,139.66,61.45,81.26,161.75,160.46,74.05,88.75,48.42,2.23,18.49,3.17,0.51,0,0.69,68.5,setup,average,Activate core more.,24
SES_CRI_ELI_0016,athlete_76,2036,cricket_bat,125.67,114.54,139.33,134.09,90.58,99.3,147.42,137.18,93.2,96.85,22.6,2.15,51.96,3.27,0.46,0,0.782,95.1,flight,elite,Hold this form.,67
SES_SNA_POO_0007,athlete_79,897,snatch,131.17,128.23,143.23,147.03,73.83,84.22,149.9,135.37,76.17,74.02,55.31,1.83,32.0,4.97,0.38,0,0.705,41.2,landing,poor,Critical form deviation.,29
SES_SNA_ELI_0004,athlete_14,572,snatch,80.75,89.03,89.05,104.39,41.29,49.09,173.23,179.99,82.04,93.24,28.32,1.28,40.29,3.03,0.44,0,0.868,94.8,setup,elite,Great form! Maintain position.,19
SES_JAV_POO_0015,athlete_04,1906,javelin,150.42,143.57,174.12,158.07,133.14,144.63,169.34,168.6,63.21,73.57,44.94,1.91,22.23,2.77,0.47,0,0.559,26.7,takeoff,poor,Work on symmetry.,63
SES_SNA_POO_0007,athlete_43,945,snatch,115.42,123.19,145.66,136.41,73.82,76.74,142.28,150.05,69.23,63.8,44.23,3.11,12.22,5.96,0.37,0,0.681,32.9,takeoff,poor,LOWER HIPS!,31
SES_CRI_GOO_0017,athlete_15,2128,cricket_bat,130.98,127.51,154.57,153.4,99.13,97.08,146.71,149.0,85.37,91.96,29.38,0.97,12.01,-2.16,0.36,0,0.77,84.1,flight,good,Slight asymmetry detected.,70
SES_SNA_GOO_0005,athlete_22,652,snatch,99.57,96.03,114.04,106.47,56.16,57.16,170.11,166.91,80.06,88.3,36.08,1.84,29.67,4.16,0.43,0,0.869,81.2,flight,good,Slight asymmetry detected.,21
SES_JAV_GOO_0013,athlete_67,1639,javelin,110.45,108.88,157.52,159.01,161.37,167.66,139.58,137.46,82.75,89.16,47.63,2.8,33.22,3.51,0.54,0,0.733,82.0,takeoff,good,Extend hips fully.,54
SES_JAV_ELI_0012,athlete_49,1453,javelin,103.08,104.52,146.0,150.91,162.43,175.11,125.89,128.45,85.82,86.97,30.04,1.47,27.08,1.79,0.39,0,0.766,95.4,descent,elite,Great form! Maintain position.,48
SES_CRI_AVE_0018,athlete_59,2182,cricket_bat,145.62,155.47,155.97,168.61,107.26,112.76,162.75,162.56,100.8,79.18,31.54,3.51,36.71,4.25,0.4,0,0.675,63.9,takeoff,average,Activate core more.,72
SES_SNA_GOO_0005,athlete_43,612,snatch,86.32,98.74,112.9,106.07,46.27,42.34,168.06,174.93,83.17,89.07,23.06,0,19.66,0.14,0.6,0,0.839,78.4,takeoff,good,Extend hips fully.,20
SES_SNA_ELI_0004,athlete_27,530,snatch,91.96,91.6,93.0,102.68,41.64,37.24,176.95,175.0,96.49,93.25,26.35,0,22.75,-0.15,0.55,0,0.918,97.9,flight,elite,Hold this form.,17
SES_CRI_POO_0019,athlete_38,2315,cricket_bat,164.18,155.0,150.39,168.45,111.98,122.59,160.0,155.76,77.82,66.69,43.45,1.56,20.79,1.4,0.53,0,0.567,29.7,setup,poor,Work on symmetry.,77
SES_SNA_POO_0007,athlete_79,889,snatch,137.9,136.06,146.68,147.45,74.01,73.9,159.9,155.37,69.57,74.81,46.66,1.83,32.0,4.97,0.38,0,0.714,42.8,flight,poor,Critical form deviation.,29
SES_SNA_POO_0007,athlete_43,944,snatch,116.77,128.19,140.66,141.41,78.82,78.54,147.28,146.33,74.23,68.8,49.23,3.11,12.22,5.96,0.37,0,0.689,32.7,takeoff,poor,LOWER HIPS!,31
SES_JAV_AVE_0014,athlete_66,1779,javelin,122.06,115.38,159.88,167.96,138.81,152.6,160.03,164.52,73.53,81.24,50.28,1.12,29.98,1.94,0.39,0,0.648,56.6,descent,average,Control trunk lean.,59
SES_CRI_ELI_0016,athlete_76,2017,cricket_bat,117.14,119.31,141.47,144.65,88.0,90.56,139.95,143.03,92.88,96.64,19.35,2.15,51.96,3.27,0.46,0,0.808,95.6,setup,elite,Hold this form.,67
SES_SNA_ELI_0004,athlete_35,557,snatch,92.09,78.38,105.34,100.56,41.89,39.08,179.63,180,85.22,94.9,22.47,3.24,49.53,0.28,0.53,0,0.892,97.6,takeoff,elite,Elite biomechanics detected.,18
SES_SNA_AVE_0006,athlete_11,795,snatch,104.72,111.58,121.9,118.64,67.11,74.61,163.39,153.86,73.93,80.52,45.48,2.17,24.04,5.39,0.42,0,0.792,63.1,takeoff,average,Activate core more.,26
SES_SNA_POO_0007,athlete_54,855,snatch,117.7,128.9,135.43,135.16,74.22,77.38,141.11,152.46,59.91,69.29,34.85,3.09,29.02,3.78,0.43,0,0.691,42.0,takeoff,poor,Work on symmetry.,28
SES_JAV_GOO_0013,athlete_32,1671,javelin,111.2,114.24,160.17,161.48,155.37,163.32,145.01,141.94,83.83,86.05,43.85,2.86,21.56,-0.94,0.54,0,0.729,80.2,takeoff,good,"Good depth, push harder through the heels.",55
SES_JAV_GOO_0013,athlete_67,1636,javelin,105.45,113.88,166.06,164.51,157.29,152.66,136.57,136.25,89.26,96.86,42.63,2.8,33.22,3.51,0.54,0,0.713,81.6,takeoff,good,Extend hips fully.,54
SES_SNA_POO_0007,athlete_54,859,snatch,126.32,124.78,153.59,153.97,74.22,87.38,141.11,152.46,74.95,71.24,44.85,3.09,29.02,3.78,0.43,0,0.716,41.7,flight,poor,Work on symmetry.,28
SES_JAV_ELI_0012,athlete_49,1467,javelin,100.87,112.9,149.16,144.9,168.45,170.12,129.3,131.51,96.8,85.05,37.68,1.47,27.08,1.79,0.39,0,0.736,94.7,flight,elite,Great form! Maintain position.,48
SES_VER_AVE_0002,athlete_23,253,vertical_jump,114.76,108.18,114.8,121.53,67.09,70.33,145.84,151.51,78.21,82.13,30.01,1.55,37.69,-0.28,0.5,39.9,0.765,61.1,takeoff,average,Lower your hips.,8
SES_VER_ELI_0000,athlete_79,101,vertical_jump,93.89,95.21,96.8,95.15,56.53,53.46,120.76,100.52,89.52,90.76,6.0,0.86,31.29,1.49,0.51,63.6,0.951,91.3,descent,elite,Hold this form.,3
SES_CRI_ELI_0016,athlete_44,1975,cricket_bat,114.73,122.97,135.25,140.62,90.57,86.37,153.32,152.74,94.98,89.62,14.06,0.49,26.81,2.6,0.45,0,0.787,95.6,flight,elite,Great form! Maintain position.,65
SES_SNA_AVE_0006,athlete_29,819,snatch,112.47,110.87,118.66,123.17,63.09,67.18,151.77,159.77,73.41,77.09,43.42,1.24,26.33,-0.49,0.41,0,0.804,64.6,descent,average,Control trunk lean.,27
SES_CRI_POO_0019,athlete_25,2285,cricket_bat,159.11,165.0,170.04,154.66,141.31,132.65,170.58,165.23,78.49,78.82,44.31,4.06,24.64,1.83,0.39,0,0.582,35.7,setup,poor,Critical form deviation.,76
SES_SPR_POO_0011,athlete_06,1403,sprint,98.23,92.55,128.76,141.64,118.87,99.48,141.47,132.58,91.52,88.12,44.19,0,39.96,5.21,0.45,0,0.673,35.4,takeoff,poor,Adjust knee alignment.,46
SES_CRI_POO_0019,athlete_38,2327,cricket_bat,153.38,152.2,168.31,158.62,102.3,134.28,169.41,164.11,68.15,95.22,49.8,1.56,20.79,1.4,0.53,0,0.6,31.6,takeoff,poor,Work on symmetry.,77
SES_SNA_ELI_0004,athlete_04,500,snatch,97.09,92.68,98.38,94.76,37.92,46.35,180,174.75,87.8,92.54,23.38,1.11,30.16,-2.51,0.54,0,0.925,94.3,flight,elite,Elite biomechanics detected.,16
SES_JAV_ELI_0012,athlete_53,1507,javelin,107.55,105.02,152.11,150.85,167.05,164.4,126.39,123.15,86.16,90.99,34.32,0.72,20.53,-0.49,0.53,0,0.77,94.0,setup,elite,Great form! Maintain position.,50
SES_CRI_ELI_0016,athlete_44,1960,cricket_bat,120.78,126.48,135.8,139.94,95.29,89.18,139.99,141.18,102.24,93.29,19.89,0.49,26.81,2.6,0.45,0,0.797,97.1,descent,elite,Great form! Maintain position.,65
SES_JAV_GOO_0013,athlete_67,1637,javelin,110.45,108.88,161.06,159.51,161.37,157.66,140.07,131.25,92.75,99.16,47.63,2.8,33.22,3.51,0.54,0,0.733,81.6,takeoff,good,Extend hips fully.,54
SES_JAV_POO_0015,athlete_04,1904,javelin,141.31,138.52,164.12,158.07,125.02,134.63,165.0,168.6,68.23,73.57,44.94,1.91,22.23,2.77,0.47,0,0.583,27.5,descent,poor,Work on symmetry.,63
SES_SPR_GOO_0009,athlete_49,1113,sprint,62.92,55.89,105.21,101.65,88.06,84.42,89.27,99.09,83.86,80.05,15.86,1.23,33.46,-2.28,0.42,0,0.806,78.1,setup,good,Extend hips fully.,37
SES_SNA_GOO_0005,athlete_43,608,snatch,101.87,98.74,122.9,114.01,44.44,52.34,180,166.73,88.51,90.45,33.64,0,19.66,0.14,0.6,0,0.869,79.2,descent,good,Extend hips fully.,20
SES_SNA_GOO_0005,athlete_43,600,snatch,88.21,93.57,106.04,112.92,35.72,41.75,180,172.52,85.09,79.17,32.61,0,19.66,0.14,0.6,0,0.865,79.7,setup,good,Extend hips fully.,20
SES_SPR_POO_0011,athlete_06,1404,sprint,103.23,93.05,133.76,144.32,113.87,94.48,136.47,127.58,90.37,87.77,39.19,0,39.96,5.21,0.45,0,0.667,35.8,takeoff,poor,Adjust knee alignment.,46
SES_CRI_GOO_0017,athlete_15,2109,cricket_bat,137.96,127.16,148.65,140.81,95.37,90.36,144.59,156.76,93.36,88.83,22.34,0.97,12.01,-2.16,0.36,0,0.741,83.1,descent,good,Slight asymmetry detected.,70
SES_JAV_AVE_0014,athlete_66,1772,javelin,121.02,120.3,145.13,164.99,160.76,152.31,148.95,150.78,89.51,82.13,35.28,1.12,29.98,1.94,0.39,0,0.637,58.1,setup,average,Control trunk lean.,59
SES_VER_AVE_0002,athlete_13,354,vertical_jump,109.13,108.8,110.33,117.99,78.74,81.47,133.27,146.82,73.94,84.74,32.1,1.86,26.22,-0.99,0.57,41.1,0.778,64.8,landing,average,Lower your hips.,11
SES_SPR_POO_0011,athlete_55,1372,sprint,99.48,89.66,140.53,133.8,108.37,97.69,121.6,120.48,86.11,91.0,51.44,1.53,22.2,7.52,0.52,0,0.676,29.1,takeoff,poor,LOWER HIPS!,45
SES_SNA_POO_0007,athlete_43,930,snatch,133.08,139.58,164.96,144.03,102.21,59.31,129.93,178.03,64.5,76.62,54.28,3.11,12.22,5.96,0.37,0,0.668,32.6,setup,poor,LOWER HIPS!,31
SES_JAV_GOO_0013,athlete_50,1560,javelin,102.01,137.13,169.34,164.72,133.35,153.25,149.46,148.51,90.33,70.08,22.95,2.9,45.79,3.05,0.55,0,0.655,75,setup,good,"Good depth, push harder through the heels.",52
SES_VER_GOO_0001,athlete_52,160,vertical_jump,101.14,99.05,100.44,110.29,76.23,77.79,122.95,125.72,87.09,82.77,19.06,4.13,17.4,-1.83,0.55,44.6,0.844,81.0,descent,good,Extend hips fully.,5
SES_SPR_ELI_0008,athlete_61,1056,sprint,43.62,50.57,86.41,86.52,80.72,72.55,79.05,83.5,71.75,75.4,8.33,3.43,35.85,2.18,0.64,0,0.852,99.4,setup,elite,Hold this form.,35
SES_JAV_POO_0015,athlete_04,1890,javelin,163.2,138.52,171.82,169.49,147.67,120.42,180,155.46,63.34,87.94,63.91,1.91,22.23,2.77,0.47,0,0.551,27.8,setup,poor,Work on symmetry.,63
SES_VER_GOO_0001,athlete_46,135,vertical_jump,100.07,94.28,106.97,102.81,80.52,79.88,126.31,129.54,83.42,82.89,19.0,2.67,21.85,4.22,0.41,47.7,0.851,76.9,takeoff,good,Extend hips fully.,4
SES_VER_ELI_0000,athlete_49,41,vertical_jump,94.03,89.6,95.91,90.68,65.25,63.0,123.81,122.07,87.95,81.96,12.49,4.68,33.72,-0.49,0.5,65.6,0.93,94.5,descent,elite,Elite biomechanics detected.,1
SES_SPR_ELI_0008,athlete_13,989,sprint,44.83,46.47,89.77,92.52,81.46,85.39,88.34,89.24,73.44,71.5,14.04,2.45,40.04,4.42,0.44,0,0.88,95.7,takeoff,elite,Great form! Maintain position.,32
SES_SNA_POO_0007,athlete_11,912,snatch,133.53,121.03,151.77,144.53,84.49,70.43,128.27,152.05,64.27,77.57,42.25,2.14,29.83,1.47,0.37,0,0.678,44.7,takeoff,poor,Work on symmetry.,30
SES_JAV_POO_0015,athlete_10,1815,javelin,150.58,148.5,172.12,178,128.43,137.89,159.02,153.14,62.61,75.92,63.11,3.18,27.74,-0.11,0.37,0,0.586,55.2,takeoff,poor,LOWER HIPS!,60
SES_JAV_ELI_0012,athlete_53,1520,javelin,116.73,97.49,146.74,148.91,166.8,167.3,122.82,130.94,83.97,90.56,35.01,0.72,20.53,-0.49,0.53,0,0.726,93.2,takeoff,elite,Great form! Maintain position.,50
SES_SNA_GOO_0005,athlete_29,703,snatch,103.91,95.85,113.85,101.35,55.16,45.29,165.0,177.17,85.49,89.69,31.57,5.61,24.9,1.64,0.48,0,0.844,87.8,takeoff,good,Extend hips fully.,23
SES_SPR_POO_0011,athlete_29,1414,sprint,88.58,91.18,128.7,132.14,86.93,85.3,121.63,130.95,89.1,99.65,38.62,1.78,12.02,4.96,0.53,0,0.703,35.8,setup,poor,Critical form deviation.,47
SES_SPR_ELI_0008,athlete_23,1047,sprint,42.32,53.1,88.79,88.24,75.45,76.71,84.18,83.15,82.67,75.88,15.89,0.7,42.08,0.04,0.55,0,0.822,91.8,takeoff,elite,Hold this form.,34
SES_JAV_GOO_0013,athlete_07,1593,javelin,115.36,120.29,159.29,146.29,161.05,164.59,138.44,143.39,95.73,77.99,39.65,3.92,21.2,1.99,0.58,0,0.703,84.0,setup,good,"Good depth, push harder through the heels.",53
SES_SNA_ELI_0004,athlete_27,512,snatch,81.58,86.82,115.14,107.05,41.84,39.19,179.24,176.52,85.33,87.61,21.21,0,22.75,-0.15,0.55,0,0.91,96.0,setup,elite,Hold this form.,17
SES_SNA_POO_0007,athlete_79,887,snatch,137.9,137.08,146.68,138.01,74.01,63.9,149.9,155.37,79.57,74.81,44.46,1.83,32.0,4.97,0.38,0,0.7,43.1,takeoff,poor,Critical form deviation.,29
SES_VER_GOO_0001,athlete_79,238,vertical_jump,91.41,100.34,100.66,105.21,69.45,66.19,134.71,140.31,85.77,84.87,26.67,1.96,23.98,1.93,0.46,37.9,0.837,79.2,landing,good,Slight asymmetry detected.,7
SES_SNA_POO_0007,athlete_11,924,snatch,127.16,115.82,145.75,147.61,83.67,78.19,138.27,134.36,79.47,72.79,46.74,2.14,29.83,1.47,0.37,0,0.689,43.5,landing,poor,Work on symmetry.,30
SES_JAV_GOO_0013,athlete_67,1626,javelin,104.88,122.13,160.9,156.07,164.6,160.61,147.88,131.64,74.26,88.18,34.1,2.8,33.22,3.51,0.54,0,0.682,82.1,setup,good,Extend hips fully.,54
SES_SNA_AVE_0006,athlete_37,735,snatch,104.96,102.28,131.85,115.07,60.04,64.75,172.2,168.38,76.71,83.73,49.96,2.23,18.49,3.17,0.51,0,0.774,68.1,takeoff,average,Activate core more.,24
SES_JAV_AVE_0014,athlete_66,1791,javelin,131.04,135.45,158.92,154.1,155.64,138.31,140.76,153.53,80.77,74.71,50.91,1.12,29.98,1.94,0.39,0,0.661,56.7,takeoff,average,Control trunk lean.,59
SES_SNA_AVE_0006,athlete_23,761,snatch,112.7,116.64,132.79,131.99,75.85,64.54,161.65,153.03,76.85,86.19,28.05,1.02,17.89,-0.36,0.51,0,0.808,57.2,descent,average,Lower your hips.,25
SES_VER_AVE_0002,athlete_23,249,vertical_jump,124.76,117.01,124.8,121.53,87.09,80.33,155.84,145.03,79.87,80.21,29.71,1.55,37.69,-0.28,0.5,39.9,0.774,60.7,descent,average,Lower your hips.,8
SES_SNA_GOO_0005,athlete_43,610,snatch,91.87,88.74,112.9,111.05,44.44,52.34,178.06,167.54,78.78,89.07,23.64,0,19.66,0.14,0.6,0,0.885,78.7,descent,good,Extend hips fully.,20
SES_SNA_ELI_0004,athlete_35,542,snatch,87.73,87.04,103.03,102.79,45.49,41.05,180,179.15,98.47,85.25,20.06,3.24,49.53,0.28,0.53,0,0.947,96.3,setup,elite,Elite biomechanics detected.,18
SES_SPR_POO_0011,athlete_55,1367,sprint,98.06,92.08,125.53,128.8,104.48,111.76,126.6,105.48,85.63,96.0,35.24,1.53,22.2,7.52,0.52,0,0.694,29.7,descent,poor,LOWER HIPS!,45
SES_SPR_AVE_0010,athlete_04,1258,sprint,73.22,69.52,114.38,114.24,96.2,88.95,99.61,115.02,86.53,82.85,31.36,2.26,17.05,4.37,0.56,0,0.784,65.0,takeoff,average,Lower your hips.,41
SES_SNA_AVE_0006,athlete_11,793,snatch,114.72,107.27,117.52,125.36,77.11,64.61,164.67,153.86,81.94,80.52,45.48,2.17,24.04,5.39,0.42,0,0.781,63.3,takeoff,average,Activate core more.,26
SES_VER_GOO_0001,athlete_52,165,vertical_jump,93.44,102.54,105.75,105.29,67.42,66.76,122.78,130.72,84.34,77.77,14.06,4.13,17.4,-1.83,0.55,44.6,0.849,81.0,takeoff,good,Extend hips fully.,5
SES_VER_ELI_0000,athlete_21,14,vertical_jump,95.3,94.92,92.54,98.15,65.56,59.64,114.9,126.28,86.43,89.31,13.43,3.75,40.25,2.33,0.48,49.9,0.941,91.0,takeoff,elite,Great form! Maintain position.,0
SES_SPR_POO_0011,athlete_29,1433,sprint,85.91,85.56,138.93,133.2,104.26,100.71,133.08,127.06,100.99,83.32,39.39,1.78,12.02,4.96,0.53,0,0.706,35.6,takeoff,poor,Critical form deviation.,47
SES_CRI_ELI_0016,athlete_44,1952,cricket_bat,115.96,119.86,140.3,128.53,85.17,84.47,129.8,128.0,90.98,93.1,10.79,0.49,26.81,2.6,0.45,0,0.785,97.2,setup,elite,Great form! Maintain position.,65
SES_CRI_GOO_0017,athlete_69,2041,cricket_bat,128.66,131.26,138.57,134.16,109.45,81.74,135.53,174.4,102.78,87.9,10.78,2.76,28.84,4.74,0.53,0,0.764,83.8,setup,good,Slight asymmetry detected.,68
SES_CRI_POO_0019,athlete_48,2377,cricket_bat,158.88,152.32,168.33,164.46,137.45,128.3,169.94,159.46,88.11,81.51,47.93,2.94,17.15,5.67,0.57,0,0.601,51.2,setup,poor,Critical form deviation.,79
SES_JAV_POO_0015,athlete_10,1829,javelin,131.03,161.64,174.75,174.74,133.97,133.68,179.02,161.2,70.95,77.16,63.57,3.18,27.74,-0.11,0.37,0,0.53,53.7,flight,poor,LOWER HIPS!,60
SES_VER_POO_0003,athlete_19,421,vertical_jump,124.01,127.87,126.69,150.22,88.68,87.47,175.0,135.97,71.09,82.16,38.97,1.73,29.0,-2.4,0.51,24.0,0.635,38.0,setup,poor,Critical form deviation.,14
SES_CRI_GOO_0017,athlete_69,2056,cricket_bat,135.64,127.9,155.67,153.82,105.22,96.86,152.92,146.61,83.72,95.59,23.59,2.76,28.84,4.74,0.53,0,0.759,82.8,takeoff,good,Slight asymmetry detected.,68
SES_SNA_GOO_0005,athlete_22,656,snatch,90.19,104.6,114.04,109.94,46.16,52.28,166.47,169.85,89.83,80.71,34.21,1.84,29.67,4.16,0.43,0,0.841,81.8,landing,good,Slight asymmetry detected.,21
SES_CRI_GOO_0017,athlete_79,2088,cricket_bat,127.3,127.72,154.14,139.7,96.57,96.54,132.31,155.17,88.99,88.21,29.8,1.85,32.24,0.43,0.5,0,0.751,76.7,takeoff,good,"Good depth, push harder through the heels.",69
SES_VER_POO_0003,athlete_61,367,vertical_jump,126.95,124.99,154.86,141.18,80.53,77.12,160.78,137.95,55.19,73.84,41.49,0.87,26.15,-1.22,0.45,17.9,0.669,38.9,descent,poor,Critical form deviation.,12
SES_SPR_GOO_0009,athlete_49,1131,sprint,56.06,60.83,108.19,97.73,83.48,85.83,84.58,98.38,71.67,73.34,21.68,1.23,33.46,-2.28,0.42,0,0.795,79.4,takeoff,good,Extend hips fully.,37
SES_JAV_ELI_0012,athlete_39,1476,javelin,105.08,105.59,142.71,143.88,170.0,167.62,132.1,123.86,81.09,86.05,35.59,3.11,36.26,1.08,0.56,0,0.776,93.3,setup,elite,Great form! Maintain position.,49
SES_JAV_GOO_0013,athlete_07,1618,javelin,109.36,120.68,155.78,159.62,152.53,165.3,133.16,145.06,84.29,85.28,45.41,3.92,21.2,1.99,0.58,0,0.702,82.1,flight,good,"Good depth, push harder through the heels.",53
SES_CRI_ELI_0016,athlete_73,1928,cricket_bat,121.74,118.53,137.73,144.72,91.24,96.41,145.6,151.16,87.4,92.04,19.33,1.45,35.74,1.94,0.43,0,0.797,93.5,descent,elite,Hold this form.,64
SES_JAV_AVE_0014,athlete_73,1749,javelin,123.09,127.01,165.98,158.04,134.28,146.79,144.53,151.67,88.46,83.6,51.8,2.63,19.34,0.28,0.43,0,0.656,57.8,descent,average,Control trunk lean.,58
SES_SNA_ELI_0004,athlete_35,545,snatch,85.95,88.82,93.92,107.49,47.26,42.39,175.0,174.77,91.96,87.33,20.37,3.24,49.53,0.28,0.53,0,0.897,96.8,setup,elite,Elite biomechanics detected.,18
SES_JAV_POO_0015,athlete_10,1808,javelin,145.0,150.28,177.53,168.0,126.24,141.49,141.48,147.2,80.47,71.78,52.46,3.18,27.74,-0.11,0.37,0,0.573,55.2,descent,poor,LOWER HIPS!,60
SES_SPR_AVE_0010,athlete_49,1297,sprint,69.21,72.68,125.21,115.8,86.91,101.17,117.62,116.07,84.77,89.11,14.63,0.95,27.31,6.44,0.43,0,0.762,69.9,setup,average,Control trunk lean.,43
SES_JAV_GOO_0013,athlete_07,1617,javelin,104.36,115.68,150.78,154.62,147.53,160.3,128.16,140.06,83.69,80.28,42.53,3.92,21.2,1.99,0.58,0,0.7,81.9,flight,good,"Good depth, push harder through the heels.",53
SES_SPR_POO_0011,athlete_06,1393,sprint,102.13,94.66,149.42,132.33,107.53,109.48,137.9,132.58,99.04,94.43,54.53,0,39.96,5.21,0.45,0,0.664,34.0,descent,poor,Adjust knee alignment.,46
SES_SPR_GOO_0009,athlete_27,1101,sprint,60.9,60.67,93.68,88.95,79.33,75.71,92.53,96.19,82.23,76.04,13.21,1.98,26.91,2.91,0.54,0,0.834,82.8,takeoff,good,Slight asymmetry detected.,36
SES_SPR_GOO_0009,athlete_16,1173,sprint,59.09,62.82,99.54,102.87,68.14,85.35,100.8,98.18,82.81,79.08,21.92,0.62,14.63,2.24,0.49,0,0.821,79.7,setup,good,"Good depth, push harder through the heels.",39
SES_CRI_ELI_0016,athlete_73,1944,cricket_bat,117.38,118.93,133.13,140.2,91.03,82.87,138.63,146.08,79.61,85.08,22.19,1.45,35.74,1.94,0.43,0,0.8,95.4,flight,elite,Hold this form.,64
SES_VER_AVE_0002,athlete_23,242,vertical_jump,110.61,107.7,117.92,132.28,93.22,50.7,140.84,140.03,84.06,105.21,30.08,1.55,37.69,-0.28,0.5,39.9,0.756,61.6,setup,average,Lower your hips.,8
SES_SPR_POO_0011,athlete_29,1423,sprint,92.06,93.8,125.24,129.91,100.32,113.25,127.55,147.06,104.1,87.14,25.55,1.78,12.02,4.96,0.53,0,0.703,36.1,descent,poor,Critical form deviation.,47
SES_JAV_GOO_0013,athlete_32,1678,javelin,115.95,114.9,159.13,159.15,156.34,160.64,144.83,142.05,78.58,91.95,41.43,2.86,21.56,-0.94,0.54,0,0.737,79.9,flight,good,"Good depth, push harder through the heels.",55
SES_SNA_AVE_0006,athlete_37,720,snatch,65.2,109.76,130.99,154.66,56.45,76.78,166.75,157.24,79.05,83.75,44.62,2.23,18.49,3.17,0.51,0,0.652,69.0,setup,average,Activate core more.,24
SES_JAV_GOO_0013,athlete_32,1676,javelin,117.14,119.86,159.13,149.15,156.34,165.12,141.14,137.88,78.58,81.95,44.01,2.86,21.56,-0.94,0.54,0,0.714,79.6,flight,good,"Good depth, push harder through the heels.",55
SES_JAV_POO_0015,athlete_10,1803,javelin,170.0,155.28,172.53,173.0,135.88,146.49,136.25,152.2,79.05,62.38,57.46,3.18,27.74,-0.11,0.37,0,0.573,54.8,setup,poor,LOWER HIPS!,60
SES_CRI_AVE_0018,athlete_15,2215,cricket_bat,138.37,143.29,154.73,152.12,113.62,119.45,163.41,167.99,89.32,79.67,29.31,0.11,23.44,0.01,0.47,0,0.704,66.0,flight,average,Activate core more.,73
SES_SPR_AVE_0010,athlete_04,1247,sprint,74.15,78.52,119.12,112.4,98.33,88.22,102.83,106.15,92.55,88.29,30.04,2.26,17.05,4.37,0.56,0,0.765,65.5,descent,average,Lower your hips.,41
SES_CRI_ELI_0016,athlete_76,2014,cricket_bat,122.14,124.31,142.55,139.44,93.0,75.99,144.95,138.04,87.21,91.64,17.23,2.15,51.96,3.27,0.46,0,0.808,95.5,setup,elite,Hold this form.,67
SES_JAV_AVE_0014,athlete_66,1782,javelin,127.06,125.51,161.96,167.42,133.81,147.6,145.03,159.52,78.53,66.24,55.28,1.12,29.98,1.94,0.39,0,0.666,56.6,descent,average,Control trunk lean.,59
SES_SNA_GOO_0005,athlete_22,633,snatch,96.4,99.9,109.64,107.56,56.2,53.65,173.81,168.66,83.36,89.23,29.99,1.84,29.67,4.16,0.43,0,0.883,80.5,setup,good,Slight asymmetry detected.,21
SES_SPR_GOO_0009,athlete_49,1111,sprint,69.17,61.99,95.21,99.96,86.94,94.42,89.27,106.6,76.53,76.08,5.86,1.23,33.46,-2.28,0.42,0,0.804,78.4,setup,good,Extend hips fully.,37
SES_CRI_GOO_0017,athlete_69,2066,cricket_bat,132.35,137.49,156.21,141.84,101.42,94.61,157.53,139.24,84.03,88.79,22.88,2.76,28.84,4.74,0.53,0,0.741,82.7,flight,good,Slight asymmetry detected.,68
SES_SPR_GOO_0009,athlete_49,1118,sprint,61.31,56.21,103.21,111.37,80.2,77.74,101.46,94.09,84.14,78.44,20.86,1.23,33.46,-2.28,0.42,0,0.801,79.2,setup,good,Extend hips fully.,37
SES_SPR_ELI_0008,athlete_13,960,sprint,48.45,46.46,94.89,99.8,72.92,73.4,90.37,88.31,61.27,80.78,5.99,2.45,40.04,4.42,0.44,0,0.873,94.0,setup,elite,Great form! Maintain position.,32
SES_CRI_GOO_0017,athlete_15,2108,cricket_bat,132.96,122.16,145.68,145.81,100.37,92.0,149.59,161.76,88.36,83.83,27.34,0.97,12.01,-2.16,0.36,0,0.755,82.7,descent,good,Slight asymmetry detected.,70
SES_CRI_POO_0019,athlete_38,2337,cricket_bat,160.52,156.9,172.61,158.62,127.91,128.1,169.41,165.6,81.82,78.17,49.8,1.56,20.79,1.4,0.53,0,0.589,31.1,flight,poor,Work on symmetry.,77
SES_VER_GOO_0001,athlete_46,143,vertical_jump,107.73,94.87,95.34,102.17,61.44,68.76,145.91,134.78,77.79,78.92,16.29,2.67,21.85,4.22,0.41,47.7,0.823,76.9,flight,good,Extend hips fully.,4
SES_CRI_GOO_0017,athlete_69,2042,cricket_bat,133.66,130.52,143.57,139.16,104.45,85.44,140.53,169.4,97.78,82.9,15.78,2.76,28.84,4.74,0.53,0,0.764,83.3,setup,good,Slight asymmetry detected.,68
SES_VER_GOO_0001,athlete_46,149,vertical_jump,97.2,98.42,103.9,112.26,71.44,76.89,144.36,143.1,80.06,90.18,19.57,2.67,21.85,4.22,0.41,47.7,0.852,77.3,landing,good,Extend hips fully.,4
SES_SNA_GOO_0005,athlete_28,672,snatch,95.52,102.08,113.9,112.13,57.47,48.85,172.43,175.0,82.51,92.13,38.3,1.08,29.28,4.84,0.57,0,0.875,84.7,takeoff,good,"Good depth, push harder through the heels.",22
SES_SNA_POO_0007,athlete_11,920,snatch,127.16,125.82,145.96,147.61,82.59,78.19,138.27,134.56,76.77,70.41,46.74,2.14,29.83,1.47,0.37,0,0.713,44.0,flight,poor,Work on symmetry.,30
SES_CRI_POO_0019,athlete_48,2375,cricket_bat,160.21,152.32,168.33,164.46,127.45,132.16,159.94,168.46,78.11,81.51,48.15,2.94,17.15,5.67,0.57,0,0.598,51.0,setup,poor,Critical form deviation.,79
SES_JAV_AVE_0014,athlete_66,1780,javelin,117.06,120.38,154.88,162.96,133.81,157.6,155.03,159.52,78.53,76.24,55.28,1.12,29.98,1.94,0.39,0,0.656,56.1,descent,average,Control trunk lean.,59
SES_JAV_AVE_0014,athlete_52,1707,javelin,119.7,132.21,153.71,161.14,138.97,144.78,145.87,154.45,75.1,76.56,47.15,0,29.45,0.4,0.41,0,0.634,66.7,flight,average,Lower your hips.,56
SES_CRI_GOO_0017,athlete_79,2097,cricket_bat,125.59,126.01,145.67,142.4,101.57,81.56,147.31,146.6,84.4,88.31,42.93,1.85,32.24,0.43,0.5,0,0.772,76.9,flight,good,"Good depth, push harder through the heels.",69
SES_CRI_AVE_0018,athlete_59,2161,cricket_bat,151.45,155.23,145.42,163.51,130.2,113.51,139.16,164.95,83.79,85.62,40.68,3.51,36.71,4.25,0.4,0,0.675,63.0,setup,average,Activate core more.,72
SES_VER_AVE_0002,athlete_23,248,vertical_jump,119.76,122.01,129.8,126.53,83.22,78.49,160.84,140.03,76.73,85.21,26.07,1.55,37.69,-0.28,0.5,39.9,0.787,60.7,descent,average,Lower your hips.,8
SES_CRI_GOO_0017,athlete_65,2130,cricket_bat,109.28,138.07,166.87,150.98,83.03,116.59,156.43,127.45,91.79,71.41,30.9,1.17,24.6,4.25,0.43,0,0.689,82.5,setup,good,"Good depth, push harder through the heels.",71
SES_CRI_ELI_0016,athlete_64,1996,cricket_bat,105.91,121.21,130.91,140.87,84.95,92.82,145.13,155.32,88.34,100.48,19.18,2.29,48.83,2.19,0.45,0,0.754,97.5,takeoff,elite,Hold this form.,66
SES_SPR_ELI_0008,athlete_41,1007,sprint,53.12,51.21,96.12,91.86,67.34,77.18,88.71,95.01,61.59,74.57,17.87,1.95,22.47,7.38,0.51,0,0.876,93.1,descent,elite,Great form! Maintain position.,33
SES_VER_GOO_0001,athlete_56,191,vertical_jump,93.55,99.93,102.99,101.66,60.83,64.97,134.29,128.94,91.86,85.35,11.38,0.17,23.46,3.3,0.55,44.2,0.856,81.4,descent,good,"Good depth, push harder through the heels.",6
SES_JAV_POO_0015,athlete_28,1830,javelin,143.65,158.42,172.27,164.98,104.04,136.68,164.85,162.79,66.44,63.42,46.17,1.63,30.33,3.74,0.48,0,0.559,30.3,setup,poor,LOWER HIPS!,61
SES_VER_ELI_0000,athlete_70,86,vertical_jump,101.28,91.92,98.18,96.37,65.77,60.62,124.65,125.0,85.97,81.26,13.37,0.25,28.33,2.73,0.46,77.0,0.927,92.1,landing,elite,Hold this form.,2
